#TYPE	INDEX	NAME	REF_COUNT	FILE_COUNT	AREAS	RISK	SAMPLES
Item	1	SpiritBlade	4	4	Envir/Drops,Envir/NPCs	Medium	Envir/Drops/MongchonProvince/BugCave/EvilTongs.txt:5:1/75 SpiritBlade | Envir/Drops/MongchonProvince/BugCave/EvilTongs2.txt:5:1/75 SpiritBlade | Envir/Drops/MongchonProvince/BugCave/EvilTongs9.txt:5:1/75 SpiritBlade | Envir/NPCs/GM/GM-Weapon.txt:44:SpiritBlade
Item	7	SpiritHelmet	10	10	Envir/Drops,Envir/NPCs	Medium	Envir/Drops/AncientCaves/Ancient_KingHog.txt:66:1/80 SpiritHelmet | Envir/Drops/AncientCaves/Ancient_WoomaTaurus.txt:62:1/160 SpiritHelmet | Envir/Drops/AncientCaves/StoneTemple/Ancient_KingHog.txt:66:1/80 SpiritHelmet | Envir/Drops/AncientCaves/WoomaTemple/Ancient_WoomaTaurus.txt:62:1/160 SpiritHelmet | Envir/Drops/MongchonProvince/BugCave/EvilTongs.txt:39:1/100 SpiritHelmet
Item	8	SpiritNecklace	13	6	Envir/Drops,Envir/NPCs	Medium	Envir/Drops/FlameTiger.txt:84:1/60 SpiritNecklace LV1 | Envir/Drops/FlameTiger.txt:275:1/60 SpiritNecklace LV2 | Envir/Drops/FlameTiger.txt:466:1/60 SpiritNecklace LV3 | Envir/Drops/FlameTiger.txt:657:1/60 SpiritNecklace LV4 | Envir/Drops/FlameTiger.txt:848:1/60 SpiritNecklace LV5
Item	9	SpiritBracelet	4	4	Envir/Drops,Envir/NPCs	Medium	Envir/Drops/MongchonProvince/BugCave/EvilTongs.txt:57:1/50 SpiritBracelet | Envir/Drops/MongchonProvince/BugCave/EvilTongs2.txt:57:1/50 SpiritBracelet | Envir/Drops/MongchonProvince/BugCave/EvilTongs9.txt:57:1/50 SpiritBracelet | Envir/NPCs/GM/GM-Bracelet.txt:44:SpiritBracelet
Item	10	SpiritRing	16	9	Envir/Drops,Envir/NPCs	Medium	Envir/Drops/AncientCaves/Ancient_WoomaTaurus.txt:98:1/80 SpiritRing | Envir/Drops/AncientCaves/WoomaTemple/Ancient_WoomaTaurus.txt:98:1/80 SpiritRing | Envir/Drops/FlameTiger.txt:102:1/100 SpiritRing LV1 | Envir/Drops/FlameTiger.txt:293:1/100 SpiritRing LV2 | Envir/Drops/FlameTiger.txt:484:1/100 SpiritRing LV3
Item	11	RecallHelmet	39	24	Envir/Drops,Envir/NPCs	Medium	Envir/Drops/AncientCaves/Ancient_KingHog.txt:65:1/100 RecallHelmet | Envir/Drops/AncientCaves/Ancient_WhiteBoar.txt:31:1/100 RecallHelmet | Envir/Drops/AncientCaves/Ancient_WoomaTaurus.txt:65:1/85 RecallHelmet | Envir/Drops/AncientCaves/StoneTemple/Ancient_KingHog.txt:65:1/100 RecallHelmet | Envir/Drops/AncientCaves/StoneTemple/Ancient_WhiteBoar.txt:31:1/100 RecallHelmet
Item	12	RecallNecklace	17	17	Envir/Drops,Envir/NPCs	Medium	Envir/Drops/AncientCaves/Ancient_KingHog.txt:69:1/100 RecallNecklace | Envir/Drops/AncientCaves/Ancient_WhiteBoar.txt:36:1/100 RecallNecklace | Envir/Drops/AncientCaves/Ancient_WoomaTaurus.txt:66:1/70 RecallNecklace | Envir/Drops/AncientCaves/StoneTemple/Ancient_KingHog.txt:69:1/100 RecallNecklace | Envir/Drops/AncientCaves/StoneTemple/Ancient_WhiteBoar.txt:36:1/100 RecallNecklace
Item	13	RecallBracelet	27	20	Envir/Drops,Envir/NPCs	Medium	Envir/Drops/AncientCaves/Ancient_KingHog.txt:84:1/100 RecallBracelet | Envir/Drops/AncientCaves/Ancient_WhiteBoar.txt:52:1/100 RecallBracelet | Envir/Drops/AncientCaves/Ancient_WoomaTaurus.txt:67:1/85 RecallBracelet | Envir/Drops/AncientCaves/StoneTemple/Ancient_KingHog.txt:84:1/100 RecallBracelet | Envir/Drops/AncientCaves/StoneTemple/Ancient_WhiteBoar.txt:52:1/100 RecallBracelet
Item	14	RecallRing	25	18	Envir/Drops,Envir/NPCs	Medium	Envir/Drops/AncientCaves/Ancient_KingHog.txt:101:1/500 RecallRing | Envir/Drops/AncientCaves/Ancient_WhiteBoar.txt:69:1/300 RecallRing | Envir/Drops/AncientCaves/Ancient_WoomaTaurus.txt:68:1/100 RecallRing | Envir/Drops/AncientCaves/StoneTemple/Ancient_KingHog.txt:101:1/500 RecallRing | Envir/Drops/AncientCaves/StoneTemple/Ancient_WhiteBoar.txt:69:1/300 RecallRing
Item	15	RedOrchidNecklace	23	9	Envir/Drops,Envir/NPCs	Medium	Envir/Drops/FlameTiger.txt:76:1/90 RedOrchidNecklace LV1 | Envir/Drops/FlameTiger.txt:267:1/90 RedOrchidNecklace LV2 | Envir/Drops/FlameTiger.txt:458:1/90 RedOrchidNecklace LV3 | Envir/Drops/FlameTiger.txt:649:1/90 RedOrchidNecklace LV4 | Envir/Drops/FlameTiger.txt:840:1/90 RedOrchidNecklace LV5
Item	16	RedOrchidBracelet	23	9	Envir/Drops,Envir/NPCs	Medium	Envir/Drops/FlameTiger.txt:89:1/90 RedOrchidBracelet LV1 | Envir/Drops/FlameTiger.txt:280:1/90 RedOrchidBracelet LV2 | Envir/Drops/FlameTiger.txt:471:1/90 RedOrchidBracelet LV3 | Envir/Drops/FlameTiger.txt:662:1/90 RedOrchidBracelet LV4 | Envir/Drops/FlameTiger.txt:853:1/90 RedOrchidBracelet LV5
Item	17	RedOrchidRing	27	13	Envir/Drops,Envir/NPCs	Medium	Envir/Drops/AncientCaves/Ancient_BoneSpearman.txt:71:1/1200 RedOrchidRing | Envir/Drops/AncientCaves/Prajna/Ancient_BoneSpearman.txt:71:1/1200 RedOrchidRing | Envir/Drops/FlameTiger.txt:97:1/90 RedOrchidRing LV1 | Envir/Drops/FlameTiger.txt:288:1/90 RedOrchidRing LV2 | Envir/Drops/FlameTiger.txt:479:1/90 RedOrchidRing LV3
Item	18	RedFlowerNecklace	23	9	Envir/Drops,Envir/NPCs	Medium	Envir/Drops/FlameTiger.txt:77:1/90 RedFlowerNecklace LV1 | Envir/Drops/FlameTiger.txt:268:1/90 RedFlowerNecklace LV2 | Envir/Drops/FlameTiger.txt:459:1/90 RedFlowerNecklace LV3 | Envir/Drops/FlameTiger.txt:650:1/90 RedFlowerNecklace LV4 | Envir/Drops/FlameTiger.txt:841:1/90 RedFlowerNecklace LV5
Item	19	RedFlowerBracelet	23	9	Envir/Drops,Envir/NPCs	Medium	Envir/Drops/FlameTiger.txt:90:1/90 RedFlowerBracelet LV1 | Envir/Drops/FlameTiger.txt:281:1/90 RedFlowerBracelet LV2 | Envir/Drops/FlameTiger.txt:472:1/90 RedFlowerBracelet LV3 | Envir/Drops/FlameTiger.txt:663:1/90 RedFlowerBracelet LV4 | Envir/Drops/FlameTiger.txt:854:1/90 RedFlowerBracelet LV5
Item	20	RedFlowerRing	23	9	Envir/Drops,Envir/NPCs	Medium	Envir/Drops/FlameTiger.txt:98:1/90 RedFlowerRing LV1 | Envir/Drops/FlameTiger.txt:289:1/90 RedFlowerRing LV2 | Envir/Drops/FlameTiger.txt:480:1/90 RedFlowerRing LV3 | Envir/Drops/FlameTiger.txt:671:1/90 RedFlowerRing LV4 | Envir/Drops/FlameTiger.txt:862:1/90 RedFlowerRing LV5
Item	21	SmashPendulum	40	40	Envir/Drops,Envir/NPCs	Medium	Envir/Drops/00FortuneBoxAccessory.txt:30:1/450 SmashPendulum | Envir/Drops/BogTurtle.txt:37:1/5000 SmashPendulum | Envir/Drops/BoxTurtle.txt:38:1/5000 SmashPendulum | Envir/Drops/BoxTurtle0.txt:38:1/5000 SmashPendulum | Envir/Drops/LeopardTurtle.txt:38:1/5000 SmashPendulum
Item	22	SmashWheel	39	39	Envir/Drops,Envir/NPCs	Medium	Envir/Drops/BogTurtle.txt:38:1/5000 SmashWheel | Envir/Drops/BoxTurtle.txt:40:1/5000 SmashWheel | Envir/Drops/BoxTurtle0.txt:40:1/5000 SmashWheel | Envir/Drops/LeopardTurtle.txt:39:1/5000 SmashWheel | Envir/Drops/LeopardTurtle0.txt:39:1/5000 SmashWheel
Item	23	SmashRing	30	30	Envir/Drops,Envir/NPCs	Medium	Envir/Drops/PranjaIsland/PranjaTemple/ElectricMinotaur.txt:57:1/7500 SmashRing | Envir/Drops/PranjaIsland/PranjaTemple/ElectricMinotaur0.txt:57:1/750 SmashRing | Envir/Drops/PranjaIsland/PranjaTemple/FireMinotaur.txt:49:1/7500 SmashRing | Envir/Drops/PranjaIsland/PranjaTemple/FireMinotaur0.txt:49:1/750 SmashRing | Envir/Drops/PranjaIsland/PranjaTemple/IceMinotaur.txt:47:1/7500 SmashRing
Item	24	HwanDevilNecklace	29	29	Envir/Drops,Envir/NPCs	Medium	Envir/Drops/00FortuneBoxAccessory.txt:31:1/450 HwanDevilNecklace | Envir/Drops/MongchonProvince/Fox/WhiteFoxMan.txt:14:1/780 HwanDevilNecklace | Envir/Drops/PranjaIsland/PranjaTemple/ElectricMinotaur.txt:81:1/8000 HwanDevilNecklace | Envir/Drops/PranjaIsland/PranjaTemple/ElectricMinotaur0.txt:81:1/800 HwanDevilNecklace | Envir/Drops/PranjaIsland/PranjaTemple/FireMinotaur.txt:80:1/8000 HwanDevilNecklace
Item	25	HwanDevilBracelet	16	16	Envir/Drops,Envir/NPCs	Medium	Envir/Drops/PranjaIsland/PranjaTemple/ElectricMinotaur.txt:69:1/8000 HwanDevilBracelet | Envir/Drops/PranjaIsland/PranjaTemple/ElectricMinotaur0.txt:69:1/800 HwanDevilBracelet | Envir/Drops/PranjaIsland/PranjaTemple/FireMinotaur.txt:68:1/8000 HwanDevilBracelet | Envir/Drops/PranjaIsland/PranjaTemple/FireMinotaur0.txt:68:1/800 HwanDevilBracelet | Envir/Drops/PranjaIsland/PranjaTemple/IceMinotaur.txt:59:1/8000 HwanDevilBracelet
Item	26	HwanDevilRing	40	40	Envir/Drops,Envir/NPCs	Medium	Envir/Drops/BogTurtle.txt:41:1/5000 HwanDevilRing | Envir/Drops/BoxTurtle.txt:41:1/5000 HwanDevilRing | Envir/Drops/BoxTurtle0.txt:41:1/5000 HwanDevilRing | Envir/Drops/LeopardTurtle.txt:41:1/5000 HwanDevilRing | Envir/Drops/LeopardTurtle0.txt:41:1/5000 HwanDevilRing
Item	27	PurityNecklace	23	23	Envir/Drops,Envir/NPCs	Medium	Envir/Drops/00FortuneBoxAccessory.txt:32:1/450 PurityNecklace | Envir/Drops/BogTurtle.txt:34:1/5000 PurityNecklace | Envir/Drops/BoxTurtle.txt:34:1/5000 PurityNecklace | Envir/Drops/BoxTurtle0.txt:35:1/5000 PurityNecklace | Envir/Drops/LeopardTurtle.txt:34:1/5000 PurityNecklace
Item	28	PurityBracelet	15	15	Envir/Drops,Envir/NPCs	Medium	Envir/Drops/BogTurtle.txt:35:1/5000 PurityBracelet | Envir/Drops/BoxTurtle.txt:35:1/5000 PurityBracelet | Envir/Drops/BoxTurtle0.txt:36:1/5000 PurityBracelet | Envir/Drops/LeopardTurtle.txt:35:1/5000 PurityBracelet | Envir/Drops/LeopardTurtle0.txt:35:1/5000 PurityBracelet
Item	29	PurityRing	18	18	Envir/Drops,Envir/NPCs	Medium	Envir/Drops/BogTurtle.txt:36:1/5000 Purityring | Envir/Drops/BoxTurtle.txt:36:1/5000 Purityring | Envir/Drops/BoxTurtle0.txt:37:1/5000 Purityring | Envir/Drops/LeopardTurtle.txt:36:1/5000 Purityring | Envir/Drops/LeopardTurtle0.txt:36:1/5000 Purityring
Item	30	FiveStringNecklace	22	22	Envir/Drops,Envir/NPCs	Medium	Envir/Drops/AncientCaves/Ancient_RoninGhoul.txt:58:1/1900 FiveStringNecklace | Envir/Drops/AncientCaves/Ancient_ToxicGhoul.txt:52:1/1900 FiveStringNecklace | Envir/Drops/AncientCaves/Ancient_ZumaTaurus.txt:115:1/275 FiveStringNecklace | Envir/Drops/AncientCaves/Prajna/Ancient_RoninGhoul.txt:58:1/1900 FiveStringNecklace | Envir/Drops/AncientCaves/Prajna/Ancient_ToxicGhoul.txt:52:1/1900 FiveStringNecklace
Item	31	FiveStringBracelet	25	25	Envir/Drops,Envir/NPCs	Medium	Envir/Drops/AncientCaves/Ancient_RoninGhoul.txt:52:1/1900 FiveStringBracelet | Envir/Drops/AncientCaves/Ancient_ToxicGhoul.txt:46:1/1900 FiveStringBracelet | Envir/Drops/AncientCaves/Ancient_ZumaTaurus.txt:131:1/375 FiveStringBracelet | Envir/Drops/AncientCaves/Prajna/Ancient_RoninGhoul.txt:52:1/1900 FiveStringBracelet | Envir/Drops/AncientCaves/Prajna/Ancient_ToxicGhoul.txt:46:1/1900 FiveStringBracelet
Item	32	FiveStringRing	21	21	Envir/Drops,Envir/NPCs	Medium	Envir/Drops/AncientCaves/Ancient_BoneSpearman.txt:72:1/8000 FiveStringRing | Envir/Drops/AncientCaves/Ancient_RoninGhoul.txt:48:1/1600 FiveStringRing | Envir/Drops/AncientCaves/Ancient_ZumaTaurus.txt:149:1/320 FiveStringRing | Envir/Drops/AncientCaves/Prajna/Ancient_BoneSpearman.txt:72:1/8000 FiveStringRing | Envir/Drops/AncientCaves/Prajna/Ancient_RoninGhoul.txt:48:1/1600 FiveStringRing
Item	33	MundaneGlove	21	14	Envir/Drops,Envir/NPCs	Medium	Envir/Drops/AncientCaves/Ancient_RoninGhoul.txt:54:1/500 MundaneGlove | Envir/Drops/AncientCaves/Ancient_ToxicGhoul.txt:48:1/500 MundaneGlove | Envir/Drops/AncientCaves/Prajna/Ancient_RoninGhoul.txt:54:1/500 MundaneGlove | Envir/Drops/AncientCaves/Prajna/Ancient_ToxicGhoul.txt:48:1/500 MundaneGlove | Envir/Drops/DarkGhoul.txt:75:1/10 MundaneGlove
Item	34	MundaneRing	19	12	Envir/Drops,Envir/NPCs,Envir/Recipe	Medium	Envir/Drops/AncientCaves/Ancient_RoninGhoul.txt:46:1/500 MundaneRing | Envir/Drops/AncientCaves/Ancient_ToxicGhoul.txt:41:1/500 MundaneRing | Envir/Drops/AncientCaves/Prajna/Ancient_RoninGhoul.txt:46:1/500 MundaneRing | Envir/Drops/AncientCaves/Prajna/Ancient_ToxicGhoul.txt:41:1/500 MundaneRing | Envir/Drops/DarkGhoul.txt:88:1/10 MundaneRing
Item	35	NokChiWheel	21	14	Envir/Drops,Envir/NPCs	Medium	Envir/Drops/AncientCaves/Ancient_RoninGhoul.txt:53:1/500 NokChiWheel | Envir/Drops/AncientCaves/Ancient_ToxicGhoul.txt:47:1/500 NokChiWheel | Envir/Drops/AncientCaves/Prajna/Ancient_RoninGhoul.txt:53:1/500 NokChiWheel | Envir/Drops/AncientCaves/Prajna/Ancient_ToxicGhoul.txt:47:1/500 NokChiWheel | Envir/Drops/DarkGhoul.txt:76:1/10 NokChiWheel
Item	36	NokChiRing	19	12	Envir/Drops,Envir/NPCs	Medium	Envir/Drops/AncientCaves/Ancient_RoninGhoul.txt:45:1/500 NokChiRing | Envir/Drops/AncientCaves/Ancient_ToxicGhoul.txt:40:1/500 NokChiRing | Envir/Drops/AncientCaves/Prajna/Ancient_RoninGhoul.txt:45:1/500 NokChiRing | Envir/Drops/AncientCaves/Prajna/Ancient_ToxicGhoul.txt:40:1/500 NokChiRing | Envir/Drops/DarkGhoul.txt:89:1/10 NokChiRing
Item	37	TaoProtectBracelet	19	12	Envir/Drops,Envir/NPCs	Medium	Envir/Drops/AncientCaves/Ancient_RoninGhoul.txt:55:1/500 TaoProtectBracelet | Envir/Drops/AncientCaves/Ancient_ToxicGhoul.txt:49:1/500 TaoProtectBracelet | Envir/Drops/AncientCaves/Prajna/Ancient_RoninGhoul.txt:55:1/500 TaoProtectBracelet | Envir/Drops/AncientCaves/Prajna/Ancient_ToxicGhoul.txt:49:1/500 TaoProtectBracelet | Envir/Drops/DarkGhoul.txt:77:1/10 TaoProtectBracelet
Item	38	TaoProtectRing	17	10	Envir/Drops,Envir/NPCs	Medium	Envir/Drops/AncientCaves/Ancient_RoninGhoul.txt:47:1/500 TaoProtectRing | Envir/Drops/AncientCaves/Ancient_ToxicGhoul.txt:42:1/500 TaoProtectRing | Envir/Drops/AncientCaves/Prajna/Ancient_RoninGhoul.txt:47:1/500 TaoProtectRing | Envir/Drops/AncientCaves/Prajna/Ancient_ToxicGhoul.txt:42:1/500 TaoProtectRing | Envir/Drops/DarkGhoul.txt:90:1/10 TaoProtectRing
Item	39	MirSword	9	2	Envir/Drops,Envir/NPCs	Medium	Envir/Drops/MirKing.txt:87:1/1700 MirSword LV1 | Envir/Drops/MirKing.txt:435:1/1700 MirSword LV2 | Envir/Drops/MirKing.txt:766:1/1700 MirSword LV3 | Envir/Drops/MirKing.txt:1098:1/1700 MirSword LV4 | Envir/Drops/MirKing.txt:1430:1/1700 MirSword LV5
Item	45	MirArmour(M)	9	2	Envir/Drops,Envir/NPCs	Medium	Envir/Drops/MirKing.txt:116:1/1700 MirArmour(M) LV1 | Envir/Drops/MirKing.txt:464:1/1700 MirArmour(M) LV2 | Envir/Drops/MirKing.txt:795:1/1700 MirArmour(M) LV3 | Envir/Drops/MirKing.txt:1127:1/1700 MirArmour(M) LV4 | Envir/Drops/MirKing.txt:1459:1/1700 MirArmour(M) LV5
Item	51	MirArmour(F)	9	2	Envir/Drops,Envir/NPCs	Medium	Envir/Drops/MirKing.txt:117:1/1700 MirArmour(F) LV1 | Envir/Drops/MirKing.txt:465:1/1700 MirArmour(F) LV2 | Envir/Drops/MirKing.txt:796:1/1700 MirArmour(F) LV3 | Envir/Drops/MirKing.txt:1128:1/1700 MirArmour(F) LV4 | Envir/Drops/MirKing.txt:1460:1/1700 MirArmour(F) LV5
Item	57	MirHelmet	9	2	Envir/Drops,Envir/NPCs	Medium	Envir/Drops/MirKing.txt:133:1/2000 MirHelmet LV1 | Envir/Drops/MirKing.txt:481:1/2000 MirHelmet LV2 | Envir/Drops/MirKing.txt:812:1/2000 MirHelmet LV3 | Envir/Drops/MirKing.txt:1144:1/2000 MirHelmet LV4 | Envir/Drops/MirKing.txt:1476:1/2000 MirHelmet LV5
Item	63	MirNecklace	9	2	Envir/Drops,Envir/NPCs	Medium	Envir/Drops/MirKing.txt:161:1/2000 MirNecklace LV1 | Envir/Drops/MirKing.txt:501:1/2000 MirNecklace LV2 | Envir/Drops/MirKing.txt:832:1/2000 MirNecklace LV3 | Envir/Drops/MirKing.txt:1164:1/2000 MirNecklace LV4 | Envir/Drops/MirKing.txt:1496:1/2000 MirNecklace LV5
Item	69	MirWheel	9	2	Envir/Drops,Envir/NPCs	Medium	Envir/Drops/MirKing.txt:181:1/2000 MirWheel LV1 | Envir/Drops/MirKing.txt:521:1/2000 MirWheel LV2 | Envir/Drops/MirKing.txt:852:1/2000 MirWheel LV3 | Envir/Drops/MirKing.txt:1184:1/2000 MirWheel LV4 | Envir/Drops/MirKing.txt:1516:1/2000 MirWheel LV5
Item	75	MirRing	9	2	Envir/Drops,Envir/NPCs	Medium	Envir/Drops/MirKing.txt:209:1/2000 MirRing LV1 | Envir/Drops/MirKing.txt:541:1/2000 MirRing LV2 | Envir/Drops/MirKing.txt:872:1/2000 MirRing LV3 | Envir/Drops/MirKing.txt:1204:1/2000 MirRing LV4 | Envir/Drops/MirKing.txt:1536:1/2000 MirRing LV5
Item	81	MirBelt	9	2	Envir/Drops,Envir/NPCs	Medium	Envir/Drops/MirKing.txt:229:1/2000 MirBelt LV1 | Envir/Drops/MirKing.txt:561:1/2000 MirBelt LV2 | Envir/Drops/MirKing.txt:892:1/2000 MirBelt LV3 | Envir/Drops/MirKing.txt:1224:1/2000 MirBelt LV4 | Envir/Drops/MirKing.txt:1556:1/2000 MirBelt LV5
Item	82	MirBoots	9	2	Envir/Drops,Envir/NPCs	Medium	Envir/Drops/MirKing.txt:219:1/2000 MirBoots LV1 | Envir/Drops/MirKing.txt:551:1/2000 MirBoots LV2 | Envir/Drops/MirKing.txt:882:1/2000 MirBoots LV3 | Envir/Drops/MirKing.txt:1214:1/2000 MirBoots LV4 | Envir/Drops/MirKing.txt:1546:1/2000 MirBoots LV5
Item	83	BoneDecapitator	19	19	Envir/Drops,Envir/NPCs	Medium	Envir/Drops/WoomyonWoods/WoomaTemple/BoneWhoo0.txt:41:1/100 BoneDecapitator | Envir/NPCs/BichonProvince/BichonWall/CraftsLady-0.txt:44:BoneDecapitator | Envir/NPCs/BichonProvince/BichonWall/CraftsLady.txt:44:BoneDecapitator | Envir/NPCs/BichonProvince/BorderVillage/CraftLady-0.txt:44:BoneDecapitator | Envir/NPCs/BichonProvince/BorderVillage/CraftLady.txt:44:BoneDecapitator
Item	84	BoneRobe(M)	19	19	Envir/Drops,Envir/NPCs	Medium	Envir/Drops/WoomyonWoods/WoomaTemple/BoneWhoo0.txt:50:1/100 BoneRobe(M) | Envir/NPCs/BichonProvince/BichonWall/CraftsLady-0.txt:46:BoneRobe(M) | Envir/NPCs/BichonProvince/BichonWall/CraftsLady.txt:46:BoneRobe(M) | Envir/NPCs/BichonProvince/BorderVillage/CraftLady-0.txt:46:BoneRobe(M) | Envir/NPCs/BichonProvince/BorderVillage/CraftLady.txt:46:BoneRobe(M)
Item	85	BoneRobe(F)	19	19	Envir/Drops,Envir/NPCs	Medium	Envir/Drops/WoomyonWoods/WoomaTemple/BoneWhoo0.txt:51:1/100 BoneRobe(F) | Envir/NPCs/BichonProvince/BichonWall/CraftsLady-0.txt:47:BoneRobe(F) | Envir/NPCs/BichonProvince/BichonWall/CraftsLady.txt:47:BoneRobe(F) | Envir/NPCs/BichonProvince/BorderVillage/CraftLady-0.txt:47:BoneRobe(F) | Envir/NPCs/BichonProvince/BorderVillage/CraftLady.txt:47:BoneRobe(F)
Item	86	BoneHood	19	19	Envir/Drops,Envir/NPCs	Medium	Envir/Drops/WoomyonWoods/WoomaTemple/BoneWhoo0.txt:57:1/100 BoneHood | Envir/NPCs/BichonProvince/BichonWall/CraftsLady-0.txt:45:BoneHood | Envir/NPCs/BichonProvince/BichonWall/CraftsLady.txt:45:BoneHood | Envir/NPCs/BichonProvince/BorderVillage/CraftLady-0.txt:45:BoneHood | Envir/NPCs/BichonProvince/BorderVillage/CraftLady.txt:45:BoneHood
Item	87	BugNecklace	18	18	Envir/NPCs	Medium	Envir/NPCs/BichonProvince/BichonWall/CraftsLady-0.txt:49:BugNecklace | Envir/NPCs/BichonProvince/BichonWall/CraftsLady.txt:49:BugNecklace | Envir/NPCs/BichonProvince/BorderVillage/CraftLady-0.txt:49:BugNecklace | Envir/NPCs/BichonProvince/BorderVillage/CraftLady.txt:49:BugNecklace | Envir/NPCs/GM/GM-CraftingMaterial.txt:63:BugNecklace
Item	88	BugBracelet	18	18	Envir/NPCs	Medium	Envir/NPCs/BichonProvince/BichonWall/CraftsLady-0.txt:48:BugBracelet | Envir/NPCs/BichonProvince/BichonWall/CraftsLady.txt:48:BugBracelet | Envir/NPCs/BichonProvince/BorderVillage/CraftLady-0.txt:48:BugBracelet | Envir/NPCs/BichonProvince/BorderVillage/CraftLady.txt:48:BugBracelet | Envir/NPCs/GM/GM-Bracelet.txt:56:BugBracelet
Item	89	BugRing	18	18	Envir/NPCs	Medium	Envir/NPCs/BichonProvince/BichonWall/CraftsLady-0.txt:50:BugRing | Envir/NPCs/BichonProvince/BichonWall/CraftsLady.txt:50:BugRing | Envir/NPCs/BichonProvince/BorderVillage/CraftLady-0.txt:50:BugRing | Envir/NPCs/BichonProvince/BorderVillage/CraftLady.txt:50:BugRing | Envir/NPCs/GM/GM-CraftingMaterial.txt:64:BugRing
Item	90	WhiteGoldBelt	37	19	Envir/NPCs,Envir/Recipe	Medium	Envir/NPCs/BichonProvince/BichonWall/CraftsLady-0.txt:61:WhiteGoldBelt | Envir/NPCs/BichonProvince/BichonWall/CraftsLady-0.txt:76:WhiteGoldBelt(H) | Envir/NPCs/BichonProvince/BichonWall/CraftsLady.txt:61:WhiteGoldBelt | Envir/NPCs/BichonProvince/BichonWall/CraftsLady.txt:76:WhiteGoldBelt(H) | Envir/NPCs/BichonProvince/BorderVillage/CraftLady-0.txt:61:WhiteGoldBelt
Item	91	WhiteGoldShoes	37	19	Envir/NPCs,Envir/Recipe	Medium	Envir/NPCs/BichonProvince/BichonWall/CraftsLady-0.txt:65:WhiteGoldShoes | Envir/NPCs/BichonProvince/BichonWall/CraftsLady-0.txt:80:WhiteGoldShoes(H) | Envir/NPCs/BichonProvince/BichonWall/CraftsLady.txt:65:WhiteGoldShoes | Envir/NPCs/BichonProvince/BichonWall/CraftsLady.txt:80:WhiteGoldShoes(H) | Envir/NPCs/BichonProvince/BorderVillage/CraftLady-0.txt:65:WhiteGoldShoes
Item	92	WhiteGoldNecklace	37	19	Envir/NPCs,Envir/Recipe	Medium	Envir/NPCs/BichonProvince/BichonWall/CraftsLady-0.txt:63:WhiteGoldNecklace | Envir/NPCs/BichonProvince/BichonWall/CraftsLady-0.txt:78:WhiteGoldNecklace(H) | Envir/NPCs/BichonProvince/BichonWall/CraftsLady.txt:63:WhiteGoldNecklace | Envir/NPCs/BichonProvince/BichonWall/CraftsLady.txt:78:WhiteGoldNecklace(H) | Envir/NPCs/BichonProvince/BorderVillage/CraftLady-0.txt:63:WhiteGoldNecklace
Item	93	WhiteGoldBracelet	37	19	Envir/NPCs,Envir/Recipe	Medium	Envir/NPCs/BichonProvince/BichonWall/CraftsLady-0.txt:62:WhiteGoldBracelet | Envir/NPCs/BichonProvince/BichonWall/CraftsLady-0.txt:77:WhiteGoldBracelet(H) | Envir/NPCs/BichonProvince/BichonWall/CraftsLady.txt:62:WhiteGoldBracelet | Envir/NPCs/BichonProvince/BichonWall/CraftsLady.txt:77:WhiteGoldBracelet(H) | Envir/NPCs/BichonProvince/BorderVillage/CraftLady-0.txt:62:WhiteGoldBracelet
Item	94	WhiteGoldRing	37	19	Envir/NPCs,Envir/Recipe	Medium	Envir/NPCs/BichonProvince/BichonWall/CraftsLady-0.txt:64:WhiteGoldRing | Envir/NPCs/BichonProvince/BichonWall/CraftsLady-0.txt:79:WhiteGoldRing(H) | Envir/NPCs/BichonProvince/BichonWall/CraftsLady.txt:64:WhiteGoldRing | Envir/NPCs/BichonProvince/BichonWall/CraftsLady.txt:79:WhiteGoldRing(H) | Envir/NPCs/BichonProvince/BorderVillage/CraftLady-0.txt:64:WhiteGoldRing
Item	95	WhiteGoldBelt(H)	18	18	Envir/NPCs	Medium	Envir/NPCs/BichonProvince/BichonWall/CraftsLady-0.txt:76:WhiteGoldBelt(H) | Envir/NPCs/BichonProvince/BichonWall/CraftsLady.txt:76:WhiteGoldBelt(H) | Envir/NPCs/BichonProvince/BorderVillage/CraftLady-0.txt:76:WhiteGoldBelt(H) | Envir/NPCs/BichonProvince/BorderVillage/CraftLady.txt:76:WhiteGoldBelt(H) | Envir/NPCs/GM/GM-Belt.txt:46:WhiteGoldBelt(H)
Item	96	WhiteGoldShoes(H)	18	18	Envir/NPCs	Medium	Envir/NPCs/BichonProvince/BichonWall/CraftsLady-0.txt:80:WhiteGoldShoes(H) | Envir/NPCs/BichonProvince/BichonWall/CraftsLady.txt:80:WhiteGoldShoes(H) | Envir/NPCs/BichonProvince/BorderVillage/CraftLady-0.txt:80:WhiteGoldShoes(H) | Envir/NPCs/BichonProvince/BorderVillage/CraftLady.txt:80:WhiteGoldShoes(H) | Envir/NPCs/GM/GM-Boot.txt:47:WhiteGoldShoes(H)
Item	97	WhiteGoldNecklace(H)	18	18	Envir/NPCs	Medium	Envir/NPCs/BichonProvince/BichonWall/CraftsLady-0.txt:78:WhiteGoldNecklace(H) | Envir/NPCs/BichonProvince/BichonWall/CraftsLady.txt:78:WhiteGoldNecklace(H) | Envir/NPCs/BichonProvince/BorderVillage/CraftLady-0.txt:78:WhiteGoldNecklace(H) | Envir/NPCs/BichonProvince/BorderVillage/CraftLady.txt:78:WhiteGoldNecklace(H) | Envir/NPCs/GM/GM-CraftingMaterial.txt:92:WhiteGoldNecklace(H)
Item	98	WhiteGoldBracelet(H)	18	18	Envir/NPCs	Medium	Envir/NPCs/BichonProvince/BichonWall/CraftsLady-0.txt:77:WhiteGoldBracelet(H) | Envir/NPCs/BichonProvince/BichonWall/CraftsLady.txt:77:WhiteGoldBracelet(H) | Envir/NPCs/BichonProvince/BorderVillage/CraftLady-0.txt:77:WhiteGoldBracelet(H) | Envir/NPCs/BichonProvince/BorderVillage/CraftLady.txt:77:WhiteGoldBracelet(H) | Envir/NPCs/GM/GM-Bracelet.txt:58:WhiteGoldBracelet(H)
Item	99	WhiteGoldRing(H)	18	18	Envir/NPCs	Medium	Envir/NPCs/BichonProvince/BichonWall/CraftsLady-0.txt:79:WhiteGoldRing(H) | Envir/NPCs/BichonProvince/BichonWall/CraftsLady.txt:79:WhiteGoldRing(H) | Envir/NPCs/BichonProvince/BorderVillage/CraftLady-0.txt:79:WhiteGoldRing(H) | Envir/NPCs/BichonProvince/BorderVillage/CraftLady.txt:79:WhiteGoldRing(H) | Envir/NPCs/GM/GM-CraftingMaterial.txt:93:WhiteGoldRing(H)
Item	100	RedJadeBelt	38	20	Envir/Drops,Envir/NPCs,Envir/Recipe	Medium	Envir/Drops/MongchonProvince/Fox/RedFoxMan.txt:20:1/420 RedJadeBelt | Envir/NPCs/BichonProvince/BichonWall/CraftsLady-0.txt:56:RedJadeBelt | Envir/NPCs/BichonProvince/BichonWall/CraftsLady-0.txt:71:RedJadeBelt(H) | Envir/NPCs/BichonProvince/BichonWall/CraftsLady.txt:56:RedJadeBelt | Envir/NPCs/BichonProvince/BichonWall/CraftsLady.txt:71:RedJadeBelt(H)
Item	101	RedJadeShoes	38	20	Envir/Drops,Envir/NPCs,Envir/Recipe	Medium	Envir/Drops/MongchonProvince/Fox/RedFoxMan.txt:25:1/440 RedJadeShoes | Envir/NPCs/BichonProvince/BichonWall/CraftsLady-0.txt:60:RedJadeShoes | Envir/NPCs/BichonProvince/BichonWall/CraftsLady-0.txt:75:RedJadeShoes(H) | Envir/NPCs/BichonProvince/BichonWall/CraftsLady.txt:60:RedJadeShoes | Envir/NPCs/BichonProvince/BichonWall/CraftsLady.txt:75:RedJadeShoes(H)
Item	102	RedJadeNecklace	38	20	Envir/Drops,Envir/NPCs,Envir/Recipe	Medium	Envir/Drops/MongchonProvince/Fox/BlackFoxMan.txt:12:1/640  RedJadeNecklace | Envir/NPCs/BichonProvince/BichonWall/CraftsLady-0.txt:58:RedJadeNecklace | Envir/NPCs/BichonProvince/BichonWall/CraftsLady-0.txt:73:RedJadeNecklace(H) | Envir/NPCs/BichonProvince/BichonWall/CraftsLady.txt:58:RedJadeNecklace | Envir/NPCs/BichonProvince/BichonWall/CraftsLady.txt:73:RedJadeNecklace(H)
Item	103	RedJadeBracelet	37	19	Envir/NPCs,Envir/Recipe	Medium	Envir/NPCs/BichonProvince/BichonWall/CraftsLady-0.txt:57:RedJadeBracelet | Envir/NPCs/BichonProvince/BichonWall/CraftsLady-0.txt:72:RedJadeBracelet(H) | Envir/NPCs/BichonProvince/BichonWall/CraftsLady.txt:57:RedJadeBracelet | Envir/NPCs/BichonProvince/BichonWall/CraftsLady.txt:72:RedJadeBracelet(H) | Envir/NPCs/BichonProvince/BorderVillage/CraftLady-0.txt:57:RedJadeBracelet
Item	104	RedJadeRing	38	20	Envir/Drops,Envir/NPCs,Envir/Recipe	Medium	Envir/Drops/MongchonProvince/Fox/BlackFoxMan.txt:19:1/560  RedJadeRing | Envir/NPCs/BichonProvince/BichonWall/CraftsLady-0.txt:59:RedJadeRing | Envir/NPCs/BichonProvince/BichonWall/CraftsLady-0.txt:74:RedJadeRing(H) | Envir/NPCs/BichonProvince/BichonWall/CraftsLady.txt:59:RedJadeRing | Envir/NPCs/BichonProvince/BichonWall/CraftsLady.txt:74:RedJadeRing(H)
Item	105	RedJadeBelt(H)	18	18	Envir/NPCs	Medium	Envir/NPCs/BichonProvince/BichonWall/CraftsLady-0.txt:71:RedJadeBelt(H) | Envir/NPCs/BichonProvince/BichonWall/CraftsLady.txt:71:RedJadeBelt(H) | Envir/NPCs/BichonProvince/BorderVillage/CraftLady-0.txt:71:RedJadeBelt(H) | Envir/NPCs/BichonProvince/BorderVillage/CraftLady.txt:71:RedJadeBelt(H) | Envir/NPCs/GM/GM-Belt.txt:48:RedJadeBelt(H)
Item	106	RedJadeShoes(H)	18	18	Envir/NPCs	Medium	Envir/NPCs/BichonProvince/BichonWall/CraftsLady-0.txt:75:RedJadeShoes(H) | Envir/NPCs/BichonProvince/BichonWall/CraftsLady.txt:75:RedJadeShoes(H) | Envir/NPCs/BichonProvince/BorderVillage/CraftLady-0.txt:75:RedJadeShoes(H) | Envir/NPCs/BichonProvince/BorderVillage/CraftLady.txt:75:RedJadeShoes(H) | Envir/NPCs/GM/GM-Boot.txt:49:RedJadeShoes(H)
Item	107	RedJadeNecklace(H)	18	18	Envir/NPCs	Medium	Envir/NPCs/BichonProvince/BichonWall/CraftsLady-0.txt:73:RedJadeNecklace(H) | Envir/NPCs/BichonProvince/BichonWall/CraftsLady.txt:73:RedJadeNecklace(H) | Envir/NPCs/BichonProvince/BorderVillage/CraftLady-0.txt:73:RedJadeNecklace(H) | Envir/NPCs/BichonProvince/BorderVillage/CraftLady.txt:73:RedJadeNecklace(H) | Envir/NPCs/GM/GM-CraftingMaterial.txt:87:RedJadeNecklace(H)
Item	108	RedJadeBracelet(H)	18	18	Envir/NPCs	Medium	Envir/NPCs/BichonProvince/BichonWall/CraftsLady-0.txt:72:RedJadeBracelet(H) | Envir/NPCs/BichonProvince/BichonWall/CraftsLady.txt:72:RedJadeBracelet(H) | Envir/NPCs/BichonProvince/BorderVillage/CraftLady-0.txt:72:RedJadeBracelet(H) | Envir/NPCs/BichonProvince/BorderVillage/CraftLady.txt:72:RedJadeBracelet(H) | Envir/NPCs/GM/GM-Bracelet.txt:60:RedJadeBracelet(H)
Item	109	RedJadeRing(H)	18	18	Envir/NPCs	Medium	Envir/NPCs/BichonProvince/BichonWall/CraftsLady-0.txt:74:RedJadeRing(H) | Envir/NPCs/BichonProvince/BichonWall/CraftsLady.txt:74:RedJadeRing(H) | Envir/NPCs/BichonProvince/BorderVillage/CraftLady-0.txt:74:RedJadeRing(H) | Envir/NPCs/BichonProvince/BorderVillage/CraftLady.txt:74:RedJadeRing(H) | Envir/NPCs/GM/GM-CraftingMaterial.txt:88:RedJadeRing(H)
Item	110	NephriteBelt	38	20	Envir/Drops,Envir/NPCs,Envir/Recipe	Medium	Envir/Drops/MongchonProvince/Fox/RedFoxMan.txt:19:1/420 NephriteBelt | Envir/NPCs/BichonProvince/BichonWall/CraftsLady-0.txt:51:NephriteBelt | Envir/NPCs/BichonProvince/BichonWall/CraftsLady-0.txt:66:NephriteBelt(H) | Envir/NPCs/BichonProvince/BichonWall/CraftsLady.txt:51:NephriteBelt | Envir/NPCs/BichonProvince/BichonWall/CraftsLady.txt:66:NephriteBelt(H)
Item	111	NephriteShoes	38	20	Envir/Drops,Envir/NPCs,Envir/Recipe	Medium	Envir/Drops/MongchonProvince/Fox/RedFoxMan.txt:24:1/440 NephriteShoes | Envir/NPCs/BichonProvince/BichonWall/CraftsLady-0.txt:55:NephriteShoes | Envir/NPCs/BichonProvince/BichonWall/CraftsLady-0.txt:70:NephriteShoes(H) | Envir/NPCs/BichonProvince/BichonWall/CraftsLady.txt:55:NephriteShoes | Envir/NPCs/BichonProvince/BichonWall/CraftsLady.txt:70:NephriteShoes(H)
Item	112	NephriteNecklace	37	19	Envir/NPCs,Envir/Recipe	Medium	Envir/NPCs/BichonProvince/BichonWall/CraftsLady-0.txt:53:NephriteNecklace | Envir/NPCs/BichonProvince/BichonWall/CraftsLady-0.txt:68:NephriteNecklace(H) | Envir/NPCs/BichonProvince/BichonWall/CraftsLady.txt:53:NephriteNecklace | Envir/NPCs/BichonProvince/BichonWall/CraftsLady.txt:68:NephriteNecklace(H) | Envir/NPCs/BichonProvince/BorderVillage/CraftLady-0.txt:53:NephriteNecklace
Item	113	NephriteBracelet	37	19	Envir/NPCs,Envir/Recipe	Medium	Envir/NPCs/BichonProvince/BichonWall/CraftsLady-0.txt:52:NephriteBracelet | Envir/NPCs/BichonProvince/BichonWall/CraftsLady-0.txt:67:NephriteBracelet(H) | Envir/NPCs/BichonProvince/BichonWall/CraftsLady.txt:52:NephriteBracelet | Envir/NPCs/BichonProvince/BichonWall/CraftsLady.txt:67:NephriteBracelet(H) | Envir/NPCs/BichonProvince/BorderVillage/CraftLady-0.txt:52:NephriteBracelet
Item	114	NephriteRing	37	19	Envir/NPCs,Envir/Recipe	Medium	Envir/NPCs/BichonProvince/BichonWall/CraftsLady-0.txt:54:NephriteRing | Envir/NPCs/BichonProvince/BichonWall/CraftsLady-0.txt:69:NephriteRing(H) | Envir/NPCs/BichonProvince/BichonWall/CraftsLady.txt:54:NephriteRing | Envir/NPCs/BichonProvince/BichonWall/CraftsLady.txt:69:NephriteRing(H) | Envir/NPCs/BichonProvince/BorderVillage/CraftLady-0.txt:54:NephriteRing
Item	115	NephriteBelt(H)	18	18	Envir/NPCs	Medium	Envir/NPCs/BichonProvince/BichonWall/CraftsLady-0.txt:66:NephriteBelt(H) | Envir/NPCs/BichonProvince/BichonWall/CraftsLady.txt:66:NephriteBelt(H) | Envir/NPCs/BichonProvince/BorderVillage/CraftLady-0.txt:66:NephriteBelt(H) | Envir/NPCs/BichonProvince/BorderVillage/CraftLady.txt:66:NephriteBelt(H) | Envir/NPCs/GM/GM-Belt.txt:50:NephriteBelt(H)
Item	116	NephriteShoes(H)	18	18	Envir/NPCs	Medium	Envir/NPCs/BichonProvince/BichonWall/CraftsLady-0.txt:70:NephriteShoes(H) | Envir/NPCs/BichonProvince/BichonWall/CraftsLady.txt:70:NephriteShoes(H) | Envir/NPCs/BichonProvince/BorderVillage/CraftLady-0.txt:70:NephriteShoes(H) | Envir/NPCs/BichonProvince/BorderVillage/CraftLady.txt:70:NephriteShoes(H) | Envir/NPCs/GM/GM-Boot.txt:51:NephriteShoes(H)
Item	117	NephriteNecklace(H)	18	18	Envir/NPCs	Medium	Envir/NPCs/BichonProvince/BichonWall/CraftsLady-0.txt:68:NephriteNecklace(H) | Envir/NPCs/BichonProvince/BichonWall/CraftsLady.txt:68:NephriteNecklace(H) | Envir/NPCs/BichonProvince/BorderVillage/CraftLady-0.txt:68:NephriteNecklace(H) | Envir/NPCs/BichonProvince/BorderVillage/CraftLady.txt:68:NephriteNecklace(H) | Envir/NPCs/GM/GM-CraftingMaterial.txt:82:NephriteNecklace(H)
Item	118	NephriteBracelet(H)	18	18	Envir/NPCs	Medium	Envir/NPCs/BichonProvince/BichonWall/CraftsLady-0.txt:67:NephriteBracelet(H) | Envir/NPCs/BichonProvince/BichonWall/CraftsLady.txt:67:NephriteBracelet(H) | Envir/NPCs/BichonProvince/BorderVillage/CraftLady-0.txt:67:NephriteBracelet(H) | Envir/NPCs/BichonProvince/BorderVillage/CraftLady.txt:67:NephriteBracelet(H) | Envir/NPCs/GM/GM-Bracelet.txt:62:NephriteBracelet(H)
Item	119	NephriteRing(H)	18	18	Envir/NPCs	Medium	Envir/NPCs/BichonProvince/BichonWall/CraftsLady-0.txt:69:NephriteRing(H) | Envir/NPCs/BichonProvince/BichonWall/CraftsLady.txt:69:NephriteRing(H) | Envir/NPCs/BichonProvince/BorderVillage/CraftLady-0.txt:69:NephriteRing(H) | Envir/NPCs/BichonProvince/BorderVillage/CraftLady.txt:69:NephriteRing(H) | Envir/NPCs/GM/GM-CraftingMaterial.txt:83:NephriteRing(H)
Item	120	MysteryHelmet	7	7	Envir/Drops,Envir/NPCs	Medium	Envir/Drops/MongchonProvince/BugCave/EvilTongs1.txt:2:1/100 MysteryHelmet | Envir/Drops/MongchonProvince/StoneTomb/EvilSnake1.txt:2:1/100 MysteryHelmet | Envir/Drops/MongchonProvince/StoneTomb/WhiteBoar1.txt:4:1/100   MysteryHelmet | Envir/Drops/Provinces/GiantKeratoid1.txt:4:1/100   MysteryHelmet | Envir/Drops/Provinces/Scarecrow1.txt:4:1/10   MysteryHelmet
Item	121	MysteryWheel	96	19	Configs,Envir/Drops,Envir/NPCs	Medium	Configs/RandomItemStats.ini:797://MysteryWheel = 9 | Envir/Drops/MongchonProvince/BugCave/EvilTongs1.txt:5:1/100 MysteryWheel | Envir/Drops/MongchonProvince/StoneTomb/EvilSnake1.txt:5:1/100 MysteryWheel | Envir/Drops/MongchonProvince/StoneTomb/WhiteBoar1.txt:3:1/100   MysteryWheel | Envir/Drops/Provinces/GiantKeratoid1.txt:3:1/100   MysteryWheel
Item	122	MysteryCircle	96	19	Configs,Envir/Drops,Envir/NPCs	Medium	Configs/RandomItemStats.ini:798://MysteryCircle = 10 | Envir/Drops/MongchonProvince/BugCave/EvilTongs1.txt:8:1/100 MysteryCircle | Envir/Drops/MongchonProvince/StoneTomb/EvilSnake1.txt:8:1/100 MysteryCircle | Envir/Drops/MongchonProvince/StoneTomb/WhiteBoar1.txt:2:1/100   MysteryCircle | Envir/Drops/Provinces/GiantKeratoid1.txt:2:1/100   MysteryCircle
Item	123	MysteryWater	76	13	Envir/Drops,Envir/NPCs	Medium	Envir/Drops/MongchonProvince/BugCave/EvilTongs1.txt:11:1/100 MysteryWater | Envir/Drops/MongchonProvince/StoneTomb/EvilSnake1.txt:11:1/100 MysteryWater | Envir/Drops/Provinces/Scarecrow1.txt:5:1/20   MysteryWater | Envir/Drops/Unused/Mysterious/Mysterious_BoneElite.txt:8:1/150 MysteryWater LV1 | Envir/Drops/Unused/Mysterious/Mysterious_BoneElite.txt:154:1/150 MysteryWater LV2
Item	124	BootsOfStrength1	1	1	Envir/NPCs	Medium	Envir/NPCs/GM/GM-Boot.txt:52:BootsOfStrength1
Item	125	BeltOfStrength1	1	1	Envir/NPCs	Medium	Envir/NPCs/GM/GM-Belt.txt:51:BeltOfStrength1
Item	126	BootsOfStrength2	1	1	Envir/NPCs	Medium	Envir/NPCs/GM/GM-Boot.txt:53:BootsOfStrength2
Item	127	BeltOfStrength2	1	1	Envir/NPCs	Medium	Envir/NPCs/GM/GM-Belt.txt:52:BeltOfStrength2
Item	128	BootsOfStrength3	1	1	Envir/NPCs	Medium	Envir/NPCs/GM/GM-Boot.txt:54:BootsOfStrength3
Item	129	BeltOfStrength3	1	1	Envir/NPCs	Medium	Envir/NPCs/GM/GM-Belt.txt:53:BeltOfStrength3
Item	130	BootsOfStrength4	1	1	Envir/NPCs	Medium	Envir/NPCs/GM/GM-Boot.txt:55:BootsOfStrength4
Item	131	BeltOfStrength4	1	1	Envir/NPCs	Medium	Envir/NPCs/GM/GM-Belt.txt:54:BeltOfStrength4
Item	132	BootsOfStrength5	1	1	Envir/NPCs	Medium	Envir/NPCs/GM/GM-Boot.txt:56:BootsOfStrength5
Item	133	BeltOfStrength5	1	1	Envir/NPCs	Medium	Envir/NPCs/GM/GM-Belt.txt:55:BeltOfStrength5
Item	134	TarragonHelmet	1	1	Envir/NPCs	Medium	Envir/NPCs/GM/GM-Helmet.txt:49:TarragonHelmet
Item	135	TarragonBoots	1	1	Envir/NPCs	Medium	Envir/NPCs/GM/GM-Boot.txt:57:TarragonBoots
Item	136	TarragonBracelet	1	1	Envir/NPCs	Medium	Envir/NPCs/GM/GM-Bracelet.txt:64:TarragonBracelet
Item	137	TarragonRing	1	1	Envir/NPCs	Medium	Envir/NPCs/GM/GM-Ring.txt:64:TarragonRing
Item	138	TarragonBelt	1	1	Envir/NPCs	Medium	Envir/NPCs/GM/GM-Belt.txt:56:TarragonBelt
Item	139	TarragonNecklace	5	2	Envir/NPCs	High	Envir/NPCs/GM/GM-Necklace.txt:60:TarragonNecklace | Envir/NPCs/Test.txt:34:GIVEITEM TarragonNecklace 1 | Envir/NPCs/Test.txt:70:GIVEITEM TarragonNecklace 1 | Envir/NPCs/Test.txt:114:GIVEITEM TarragonNecklace 1 | Envir/NPCs/Test.txt:158:GIVEITEM TarragonNecklace 1
Item	140	TarragonArmour(M)	1	1	Envir/NPCs	Medium	Envir/NPCs/GM/GM-Armour.txt:48:TarragonArmour(M)
Item	146	TarragonArmour(F)	1	1	Envir/NPCs	Medium	Envir/NPCs/GM/GM-Armour.txt:49:TarragonArmour(F)
Item	152	RaidersArmour(M)	1	1	Envir/NPCs	Medium	Envir/NPCs/GM/GM-Armour.txt:50:RaidersArmour(M)
Item	158	RaidersArmour(F)	1	1	Envir/NPCs	Medium	Envir/NPCs/GM/GM-Armour.txt:51:RaidersArmour(F)
Item	164	RaidersHelmet	1	1	Envir/NPCs	Medium	Envir/NPCs/GM/GM-Helmet.txt:50:RaidersHelmet
Item	170	RaidersGlove	1	1	Envir/NPCs	Medium	Envir/NPCs/GM/GM-Bracelet.txt:65:RaidersGlove
Item	176	RaidersBoots	1	1	Envir/NPCs	Medium	Envir/NPCs/GM/GM-Boot.txt:58:RaidersBoots
Item	177	RaidersBoots1	1	1	Envir/NPCs	Medium	Envir/NPCs/GM/GM-Boot.txt:59:RaidersBoots1
Item	178	RaidersBoots2	1	1	Envir/NPCs	Medium	Envir/NPCs/GM/GM-Boot.txt:60:RaidersBoots2
Item	179	RaidersBoots3	1	1	Envir/NPCs	Medium	Envir/NPCs/GM/GM-Boot.txt:61:RaidersBoots3
Item	180	RaidersBoots4	1	1	Envir/NPCs	Medium	Envir/NPCs/GM/GM-Boot.txt:62:RaidersBoots4
Item	181	RaidersBoots5	1	1	Envir/NPCs	Medium	Envir/NPCs/GM/GM-Boot.txt:63:RaidersBoots5
Item	182	NecklaceOfAgony	39	11	Envir/Drops,Envir/NPCs	Medium	Envir/Drops/BearMinotaur.txt:208:1/400 NecklaceOfAgony | Envir/Drops/BearMinotaur20.txt:208:1/400 NecklaceOfAgony LV1 | Envir/Drops/BearMinotaur20.txt:495:1/400 NecklaceOfAgony LV2 | Envir/Drops/BearMinotaur20.txt:784:1/400 NecklaceOfAgony LV3 | Envir/Drops/BearMinotaur20.txt:1072:1/400 NecklaceOfAgony LV4
Item	188	RingOfAgony	39	11	Envir/Drops,Envir/NPCs	Medium	Envir/Drops/BearMinotaur.txt:210:1/400 RingOfAgony | Envir/Drops/BearMinotaur20.txt:210:1/400 RingOfAgony LV1 | Envir/Drops/BearMinotaur20.txt:497:1/400 RingOfAgony LV2 | Envir/Drops/BearMinotaur20.txt:786:1/400 RingOfAgony LV3 | Envir/Drops/BearMinotaur20.txt:1074:1/400 RingOfAgony LV4
Item	194	BraceletOfAgony	39	11	Envir/Drops,Envir/NPCs	Medium	Envir/Drops/BearMinotaur.txt:209:1/400 BraceletOfAgony | Envir/Drops/BearMinotaur20.txt:209:1/400 BraceletOfAgony LV1 | Envir/Drops/BearMinotaur20.txt:496:1/400 BraceletOfAgony LV2 | Envir/Drops/BearMinotaur20.txt:785:1/400 BraceletOfAgony LV3 | Envir/Drops/BearMinotaur20.txt:1073:1/400 BraceletOfAgony LV4
Item	200	SparklingHelmet	78	29	Envir/Drops,Envir/NPCs	Medium	Envir/Drops/AncientCaves/Ancient_FlyingStatue.txt:38:1/500 SparklingHelmet | Envir/Drops/AncientCaves/Ancient_StoningStatue.txt:39:1/500 SparklingHelmet | Envir/Drops/BearMinotaur.txt:80:1/100 SparklingHelmet | Envir/Drops/BearMinotaur20.txt:80:1/100 SparklingHelmet LV1 | Envir/Drops/BearMinotaur20.txt:367:1/100 SparklingHelmet LV2
Item	201	SparklingBelt	40	19	Envir/Drops,Envir/NPCs	Medium	Envir/Drops/Behemoth.txt:97:1/400 SparklingBelt | Envir/Drops/FlameAssassin.txt:24:1/40000 SparklingBelt | Envir/Drops/FlameMage.txt:20:1/40000 SparklingBelt | Envir/Drops/FlameSpear.txt:17:1/40000 SparklingBelt | Envir/Drops/KingOfWildBeast.txt:105:1/260 SparklingBelt
Item	202	SparklingBoots	34	13	Envir/Drops,Envir/NPCs	Medium	Envir/Drops/Behemoth.txt:91:1/400 SparklingBoots | Envir/Drops/FlameMage.txt:21:1/40000 SparklingBoots | Envir/Drops/FlameSpear.txt:18:1/40000 SparklingBoots | Envir/Drops/SnowFlower.txt:52:1/100 SparklingBoots LV1 | Envir/Drops/SnowFlower.txt:196:1/100 SparklingBoots LV2
Item	203	HelmetOfDarkness	25	11	Envir/Drops,Envir/NPCs	Medium	Envir/Drops/AncientCaves/Ancient_FlyingStatue.txt:39:1/520 HelmetOfDarkness | Envir/Drops/AncientCaves/Ancient_StoningStatue.txt:40:1/520 HelmetOfDarkness | Envir/Drops/KingOfWildBeast.txt:66:1/560 HelmetOfDarkness | Envir/Drops/QueenWildBeast.txt:66:1/560 HelmetOfDarkness | Envir/Drops/SnowFlower.txt:49:1/200 HelmetOfDarkness LV1
Item	204	BeltOfDarkness	14	11	Envir/Drops,Envir/NPCs	High	Envir/Drops/KingOfWildBeast.txt:106:1/165 BeltOfDarkness | Envir/Drops/QueenWildBeast.txt:106:1/165 BeltOfDarkness | Envir/Drops/Unused/DeadForest/AnctBringger.txt:74:1/165 BeltOfDarkness | Envir/Drops/Unused/GonRyun/GonRyunAch.txt:27:1/3352 BeltOfDarkness | Envir/Drops/Unused/GonRyun/GonRyunAch0.txt:23:1/7352 BeltOfDarkness
Item	205	BootsOfDarkness	7	4	Envir/Drops,Envir/NPCs	High	Envir/Drops/Unused/Lords/WhiteValleyLord.txt:104:1/500 BootsOfDarkness | Envir/Drops/WhiteValleyQueen.txt:92:1/500 BootsOfDarkness | Envir/NPCs/GM/GM-Boot.txt:65:BootsOfDarkness | Envir/NPCs/Test.txt:38:GIVEITEM BootsOfDarkness 1 | Envir/NPCs/Test.txt:74:GIVEITEM BootsOfDarkness 1
Item	206	CheongboHelmet(WAR)	1	1	Envir/NPCs	Medium	Envir/NPCs/GM/GM-Helmet.txt:53:CheongboHelmet(WAR)
Item	207	CheongboBelt(WAR)	1	1	Envir/NPCs	Medium	Envir/NPCs/GM/GM-Belt.txt:59:CheongboBelt(WAR)
Item	208	CheongboBoots(WAR)	1	1	Envir/NPCs	Medium	Envir/NPCs/GM/GM-Boot.txt:66:CheongboBoots(WAR)
Item	209	CheongboHelmet(WIZ)	1	1	Envir/NPCs	Medium	Envir/NPCs/GM/GM-Helmet.txt:54:CheongboHelmet(WIZ)
Item	210	CheongboBelt(WIZ)	1	1	Envir/NPCs	Medium	Envir/NPCs/GM/GM-Belt.txt:60:CheongboBelt(WIZ)
Item	211	CheongboBoots(WIZ)	1	1	Envir/NPCs	Medium	Envir/NPCs/GM/GM-Boot.txt:67:CheongboBoots(WIZ)
Item	212	CheongboHelmet(TAO)	1	1	Envir/NPCs	Medium	Envir/NPCs/GM/GM-Helmet.txt:55:CheongboHelmet(TAO)
Item	213	CheongboBelt(TAO)	1	1	Envir/NPCs	Medium	Envir/NPCs/GM/GM-Belt.txt:61:CheongboBelt(TAO)
Item	214	CheongboBoots(TAO)	1	1	Envir/NPCs	Medium	Envir/NPCs/GM/GM-Boot.txt:68:CheongboBoots(TAO)
Item	215	CheongboHelmet(ASSA)	1	1	Envir/NPCs	Medium	Envir/NPCs/GM/GM-Helmet.txt:56:CheongboHelmet(ASSA)
Item	216	CheongboBelt(ASSA)	1	1	Envir/NPCs	Medium	Envir/NPCs/GM/GM-Belt.txt:62:CheongboBelt(ASSA)
Item	217	CheongboBoots(ASSA)	1	1	Envir/NPCs	Medium	Envir/NPCs/GM/GM-Boot.txt:69:CheongboBoots(ASSA)
Item	218	CheongboHelmet(ARCH)	1	1	Envir/NPCs	Medium	Envir/NPCs/GM/GM-Helmet.txt:57:CheongboHelmet(ARCH)
Item	219	CheongboBelt(ARCH)	1	1	Envir/NPCs	Medium	Envir/NPCs/GM/GM-Belt.txt:63:CheongboBelt(ARCH)
Item	220	CheongboBoots(ARCH)	1	1	Envir/NPCs	Medium	Envir/NPCs/GM/GM-Boot.txt:70:CheongboBoots(ARCH)
Item	221	WoodenSword	48	48	Envir/Drops,Envir/NPCs	Medium	Envir/Drops/Provinces/ForestYeti.txt:5:1/60 WoodenSword | Envir/Drops/Provinces/ForestYeti0.txt:5:1/60 WoodenSword | Envir/Drops/Provinces/HookingCat.txt:5:1/60 WoodenSword | Envir/Drops/Provinces/HookingCat0.txt:5:1/6 WoodenSword | Envir/Drops/Provinces/Keratoid.txt:5:1/60 WoodenSword
Item	222	Dagger	53	53	Envir/Drops,Envir/NPCs	Medium	Envir/Drops/Provinces/ForestYeti.txt:8:1/90 Dagger | Envir/Drops/Provinces/ForestYeti0.txt:8:1/90 Dagger | Envir/Drops/Provinces/HookingCat.txt:8:1/90 Dagger | Envir/Drops/Provinces/HookingCat0.txt:8:1/9 Dagger | Envir/Drops/Provinces/Keratoid.txt:8:1/90 Dagger
Item	223	EbonySword	55	55	Envir/Drops,Envir/NPCs	Medium	Envir/Drops/Provinces/ForestYeti.txt:9:1/90 EbonySword | Envir/Drops/Provinces/ForestYeti0.txt:9:1/90 EbonySword | Envir/Drops/Provinces/HookingCat.txt:9:1/100 EbonySword | Envir/Drops/Provinces/HookingCat0.txt:9:1/10 EbonySword | Envir/Drops/Provinces/Keratoid.txt:9:1/90 EbonySword
Item	224	BronzeSword	108	108	Envir/Drops,Envir/NPCs	Medium	Envir/Drops/AncientCaves/Ancient_AxeSkeleton.txt:5:1/60 BronzeSword | Envir/Drops/AncientCaves/Ancient_AxeSkeleton0.txt:5:1/6 BronzeSword | Envir/Drops/AncientCaves/Ancient_BoneFighter.txt:5:1/60 BronzeSword | Envir/Drops/AncientCaves/Ancient_BoneFighter0.txt:5:1/6 BronzeSword | Envir/Drops/AncientCaves/Ancient_BoneWarrior.txt:5:1/60 BronzeSword
Item	225	ShortSword	108	108	Envir/Drops,Envir/NPCs	Medium	Envir/Drops/AncientCaves/Ancient_AxeSkeleton.txt:10:1/100 ShortSword | Envir/Drops/AncientCaves/Ancient_AxeSkeleton0.txt:10:1/10 ShortSword | Envir/Drops/AncientCaves/Ancient_BoneFighter.txt:10:1/100 ShortSword | Envir/Drops/AncientCaves/Ancient_BoneFighter0.txt:10:1/10 ShortSword | Envir/Drops/AncientCaves/Ancient_BoneWarrior.txt:10:1/100 ShortSword
Item	226	IronSword	109	109	Envir/Drops,Envir/NPCs,Envir/Recipe	Medium	Envir/Drops/AncientCaves/Ancient_AxeSkeleton.txt:8:1/90 IronSword | Envir/Drops/AncientCaves/Ancient_AxeSkeleton0.txt:8:1/9 IronSword | Envir/Drops/AncientCaves/Ancient_BoneFighter.txt:8:1/90 IronSword | Envir/Drops/AncientCaves/Ancient_BoneFighter0.txt:8:1/9 IronSword | Envir/Drops/AncientCaves/Ancient_BoneWarrior.txt:8:1/90 IronSword
Item	227	BronzeAxe	99	99	Envir/Drops,Envir/NPCs	Medium	Envir/Drops/AncientCaves/Ancient_AxeSkeleton.txt:11:1/150 BronzeAxe | Envir/Drops/AncientCaves/Ancient_AxeSkeleton0.txt:11:1/15 BronzeAxe | Envir/Drops/AncientCaves/Ancient_BoneFighter.txt:11:1/150 BronzeAxe | Envir/Drops/AncientCaves/Ancient_BoneFighter0.txt:11:1/15 BronzeAxe | Envir/Drops/AncientCaves/Ancient_BoneWarrior.txt:11:1/150 BronzeAxe
Item	228	SteelAxe	88	81	Envir/Drops,Envir/NPCs	Medium	Envir/Drops/AncientCaves/Ancient_AxeSkeleton.txt:12:1/150 SteelAxe | Envir/Drops/AncientCaves/Ancient_AxeSkeleton0.txt:12:1/15 SteelAxe | Envir/Drops/AncientCaves/Ancient_BoneElite.txt:10:1/25 SteelAxe | Envir/Drops/AncientCaves/Ancient_BoneFighter.txt:12:1/150 SteelAxe | Envir/Drops/AncientCaves/Ancient_BoneFighter0.txt:12:1/15 SteelAxe
Item	229	SteelSword	99	92	Envir/Drops,Envir/NPCs	Medium	Envir/Drops/AncientCaves/Ancient_AxeSkeleton.txt:18:1/200 SteelSword | Envir/Drops/AncientCaves/Ancient_AxeSkeleton0.txt:18:1/20 SteelSword | Envir/Drops/AncientCaves/Ancient_BoneElite.txt:11:1/30 SteelSword | Envir/Drops/AncientCaves/Ancient_BoneFighter.txt:18:1/200 SteelSword | Envir/Drops/AncientCaves/Ancient_BoneFighter0.txt:18:1/20 SteelSword
Item	230	PrinceDagger	173	166	Envir/Drops,Envir/NPCs	Medium	Envir/Drops/AncientCaves/Ancient_BlackBoar.txt:5:1/160 PrinceDagger | Envir/Drops/AncientCaves/Ancient_BlackBoar0.txt:5:1/16 PrinceDagger | Envir/Drops/AncientCaves/Ancient_BlackMaggot.txt:5:1/200 PrinceDagger | Envir/Drops/AncientCaves/Ancient_BlackMaggot0.txt:5:1/20 PrinceDagger | Envir/Drops/AncientCaves/Ancient_BoneElite.txt:12:1/50 PrinceDagger
Item	231	FireBloodSword	34	34	Envir/Drops,Envir/NPCs	Medium	Envir/Drops/AncientCaves/Ancient_BoneBlademan.txt:25:1/1000 FireBloodSword | Envir/Drops/AncientCaves/Ancient_BoneCaptain.txt:23:1/1500 FireBloodSword | Envir/Drops/AncientCaves/Ancient_FlamingWooma.txt:42:1/10000 FireBloodSword | Envir/Drops/AncientCaves/Ancient_WoomaFighter.txt:42:1/10000 FireBloodSword | Envir/Drops/AncientCaves/Ancient_WoomaSoldier.txt:42:1/10000 FireBloodSword
Item	232	HellYamaBlade	6	6	Envir/Drops,Envir/NPCs	Medium	Envir/Drops/AncientCaves/Ancient_StoningStatue.txt:31:1/1300 HellYamaBlade | Envir/Drops/DeadForest/Ruins/AncBringer.txt:24:1/2500 HellYamaBlade | Envir/Drops/Unused/DeadForest/AncBringer.txt:24:1/2500 HellYamaBlade | Envir/Drops/Unused/Lords/SeokchoLord.txt:42:1/1300 HellYamaBlade | Envir/Drops/Unused/Lords/WastelandsLord.txt:47:1/1400 HellYamaBlade
Item	238	HookedSword	121	114	Envir/Drops,Envir/NPCs	Medium	Envir/Drops/AncientCaves/Ancient_AxeSkeleton.txt:13:1/160 HookedSword | Envir/Drops/AncientCaves/Ancient_AxeSkeleton0.txt:13:1/16 HookedSword | Envir/Drops/AncientCaves/Ancient_BoneElite.txt:5:1/25 HookedSword | Envir/Drops/AncientCaves/Ancient_BoneFighter.txt:13:1/160 HookedSword | Envir/Drops/AncientCaves/Ancient_BoneFighter0.txt:13:1/16 HookedSword
Item	239	MartialSword	310	226	Envir/Drops,Envir/NPCs	Medium	Envir/Drops/AncientCaves/Ancient_BlackBoar.txt:6:1/160 MartialSword | Envir/Drops/AncientCaves/Ancient_BlackBoar0.txt:6:1/16 MartialSword | Envir/Drops/AncientCaves/Ancient_BlackMaggot.txt:6:1/200 MartialSword | Envir/Drops/AncientCaves/Ancient_BlackMaggot0.txt:6:1/20 MartialSword | Envir/Drops/AncientCaves/Ancient_BoneElite.txt:13:1/50 MartialSword
Item	240	PowerAxe	259	175	Envir/Drops,Envir/NPCs	Medium	Envir/Drops/AncientCaves/Ancient_BlackBoar.txt:11:1/500 PowerAxe | Envir/Drops/AncientCaves/Ancient_BlackBoar0.txt:11:1/50 PowerAxe | Envir/Drops/AncientCaves/Ancient_BlackMaggot.txt:11:1/900 PowerAxe | Envir/Drops/AncientCaves/Ancient_BlackMaggot0.txt:11:1/90 PowerAxe | Envir/Drops/AncientCaves/Ancient_FlamingWooma.txt:40:1/250 PowerAxe
Item	241	PurifierSword	273	196	Envir/Drops,Envir/NPCs	Medium	Envir/Drops/AncientCaves/Ancient_BlackBoar.txt:12:1/600 PurifierSword | Envir/Drops/AncientCaves/Ancient_BlackBoar0.txt:12:1/60 PurifierSword | Envir/Drops/AncientCaves/Ancient_BlackMaggot.txt:12:1/600 PurifierSword | Envir/Drops/AncientCaves/Ancient_BlackMaggot0.txt:12:1/60 PurifierSword | Envir/Drops/AncientCaves/Ancient_BoneBlademan.txt:22:1/75 PurifierSword
Item	242	GreatAxe	199	185	Envir/Drops,Envir/NPCs	Medium	Envir/Drops/00FortuneBoxWeapon.txt:4:1/300 GreatAxe | Envir/Drops/AncientCaves/Ancient_BlackBoar.txt:13:1/8000 GreatAxe | Envir/Drops/AncientCaves/Ancient_BlackBoar0.txt:13:1/800 GreatAxe | Envir/Drops/AncientCaves/Ancient_BoneBlademan.txt:26:1/1000 GreatAxe | Envir/Drops/AncientCaves/Ancient_FlamingWooma.txt:43:1/1000000 GreatAxe
Item	243	ZumaJudgementMace	28	28	Envir/Drops,Envir/NPCs	Medium	Envir/Drops/AncientCaves/Ancient_RedThunderZuma.txt:33:1/170 ZumaJudgementMace | Envir/Drops/AncientCaves/Ancient_ZumaArcher.txt:18:1/5000 ZumaJudgementMace | Envir/Drops/AncientCaves/Ancient_ZumaArcher0.txt:18:1/500 ZumaJudgementMace | Envir/Drops/AncientCaves/Ancient_ZumaGuardian.txt:18:1/30000 ZumaJudgementMace | Envir/Drops/AncientCaves/Ancient_ZumaGuardian0.txt:18:1/3000 ZumaJudgementMace
Item	244	JudgementMace	113	71	Envir/Drops,Envir/NPCs	Medium	Envir/Drops/00FortuneBoxWeapon.txt:18:1/900 JudgementMace | Envir/Drops/AncientCaves/Ancient_BoneCaptain.txt:24:1/6000 JudgementMace | Envir/Drops/AncientCaves/Ancient_BoneLord.txt:35:1/45 JudgementMace | Envir/Drops/AncientCaves/Ancient_KingHog.txt:19:1/300 JudgementMace | Envir/Drops/AncientCaves/Ancient_RedThunderZuma.txt:13:1/280 JudgementMace
Item	245	DragonSword	80	66	Envir/Drops,Envir/NPCs	Medium	Envir/Drops/00FortuneBoxWeapon.txt:14:1/550 DragonSword | Envir/Drops/AncientCaves/Ancient_BoneBlademan.txt:23:1/5000 DragonSword | Envir/Drops/AncientCaves/Ancient_BoneCaptain.txt:21:1/2000 DragonSword | Envir/Drops/AncientCaves/Ancient_KingHog.txt:18:1/150 DragonSword | Envir/Drops/AncientCaves/Ancient_RedThunderZuma.txt:11:1/50 DragonSword
Item	246	BlackDragonSlayer	7	7	Envir/Drops,Envir/NPCs	Medium	Envir/Drops/Castle-Gi/BDD/DarkDevil.txt:45:1/140 BlackDragonSlayer | Envir/Drops/Castle-Gi/BDD/IncarnatedWT.txt:48:1/500 BlackDragonSlayer | Envir/Drops/Castle-Gi/BDD/IncarnatedZT.txt:45:1/250 BlackDragonSlayer | Envir/Drops/Castle-Gi/BDD/KingHog.txt:43:1/300 BlackDragonSlayer | Envir/Drops/Castle-Gi/BDD/KingScorpion.txt:43:1/300 BlackDragonSlayer
Item	247	WarSpiritBlade	114	93	Envir/Drops,Envir/NPCs	Medium	Envir/Drops/00FortuneBoxWeapon.txt:25:1/1000 WarSpiritBlade | Envir/Drops/AncientCaves/Ancient_BoneCaptain.txt:29:1/12000 WarSpiritBlade | Envir/Drops/AncientCaves/Ancient_BoneLord.txt:40:1/125 WarSpiritBlade | Envir/Drops/AncientCaves/Ancient_BoneSpearman.txt:23:1/90000 WarSpiritBlade | Envir/Drops/AncientCaves/Ancient_RedThunderZuma.txt:18:1/225 WarSpiritBlade
Item	248	DragonSlayer	102	60	Envir/Drops,Envir/NPCs	Medium	Envir/Drops/00FortuneBoxWeapon.txt:33:1/1200 DragonSlayer | Envir/Drops/AncientCaves/Ancient_BoneLord.txt:45:1/200 DragonSlayer | Envir/Drops/AncientCaves/Ancient_KingHog.txt:24:1/5000 DragonSlayer | Envir/Drops/AncientCaves/Ancient_RedThunderZuma.txt:23:1/550 DragonSlayer | Envir/Drops/AncientCaves/Ancient_ZumaTaurus.txt:46:1/550 DragonSlayer
Item	249	SwordOfWarGod	114	58	Envir/Drops,Envir/NPCs	Medium	Envir/Drops/00FortuneBoxWeapon.txt:39:1/2000 SwordOfWarGod | Envir/Drops/AncientCaves/Ancient_BoneLord.txt:50:1/500 SwordOfWarGod | Envir/Drops/AncientCaves/Ancient_RedThunderZuma.txt:28:1/800 SwordOfWarGod | Envir/Drops/AncientCaves/Ancient_ZumaTaurus.txt:49:1/800 SwordOfWarGod | Envir/Drops/AncientCaves/Prajna/Ancient_BoneLord.txt:50:1/500 SwordOfWarGod
Item	250	BurstSword	25	18	Envir/Drops,Envir/NPCs	Medium	Envir/Drops/00FortuneBoxWeapon.txt:46:1/4500 BurstSword | Envir/Drops/Behemoth.txt:38:1/400 BurstSword | Envir/Drops/DarkWargKing.txt:27:1/500 BurstSword LV1 | Envir/Drops/DarkWargKing.txt:197:1/500 BurstSword LV2 | Envir/Drops/DarkWargKing.txt:365:1/500 BurstSword LV3
Item	251	FrozenSabre	98	28	Envir/Drops,Envir/NPCs	Medium	Envir/Drops/00FortuneBoxWeapon.txt:53:1/5000 FrozenSabre | Envir/Drops/AncientCaves/Ancient_FlyingStatue.txt:23:1/900 FrozenSabre | Envir/Drops/AncientCaves/Ancient_StoningStatue.txt:23:1/900 FrozenSabre | Envir/Drops/BearMinotaur.txt:60:1/50 FrozenSabre | Envir/Drops/BearMinotaur20.txt:60:1/50 FrozenSabre LV1
Item	252	BlackTigerHammer	114	37	Envir/Drops,Envir/NPCs	High	Envir/Drops/AncientCaves/Ancient_FlyingStatue.txt:27:1/1100 BlackTigerHammer | Envir/Drops/AncientCaves/Ancient_StoningStatue.txt:27:1/1100 BlackTigerHammer | Envir/Drops/BearMinotaur.txt:65:1/450 BlackTigerHammer | Envir/Drops/BearMinotaur20.txt:65:1/450 BlackTigerHammer LV1 | Envir/Drops/BearMinotaur20.txt:352:1/450 BlackTigerHammer LV2
Item	253	BarbarianSword	78	22	Envir/Drops,Envir/NPCs	Medium	Envir/Drops/BearMinotaur.txt:70:1/700 BarbarianSword | Envir/Drops/BearMinotaur20.txt:70:1/700 BarbarianSword LV1 | Envir/Drops/BearMinotaur20.txt:358:1/700 BarbarianSword LV2 | Envir/Drops/BearMinotaur20.txt:646:1/700 BarbarianSword LV3 | Envir/Drops/BearMinotaur20.txt:934:1/700 BarbarianSword LV4
Item	254	Trident	121	114	Envir/Drops,Envir/NPCs	Medium	Envir/Drops/AncientCaves/Ancient_AxeSkeleton.txt:14:1/160 Trident | Envir/Drops/AncientCaves/Ancient_AxeSkeleton0.txt:14:1/16 Trident | Envir/Drops/AncientCaves/Ancient_BoneElite.txt:6:1/25 Trident | Envir/Drops/AncientCaves/Ancient_BoneFighter.txt:14:1/160 Trident | Envir/Drops/AncientCaves/Ancient_BoneFighter0.txt:14:1/16 Trident
Item	255	HookedSpear	312	228	Envir/Drops,Envir/NPCs	Medium	Envir/Drops/AncientCaves/Ancient_BlackBoar.txt:7:1/160 HookedSpear | Envir/Drops/AncientCaves/Ancient_BlackBoar0.txt:7:1/16 HookedSpear | Envir/Drops/AncientCaves/Ancient_BlackMaggot.txt:7:1/200 HookedSpear | Envir/Drops/AncientCaves/Ancient_BlackMaggot0.txt:7:1/20 HookedSpear | Envir/Drops/AncientCaves/Ancient_BoneElite.txt:14:1/50 HookedSpear
Item	256	MageStaff	199	185	Envir/Drops,Envir/NPCs	Medium	Envir/Drops/00FortuneBoxWeapon.txt:6:1/300 MageStaff | Envir/Drops/AncientCaves/Ancient_BlackBoar.txt:14:1/8000 MageStaff | Envir/Drops/AncientCaves/Ancient_BlackBoar0.txt:14:1/800 MageStaff | Envir/Drops/AncientCaves/Ancient_BoneBlademan.txt:27:1/1000 MageStaff | Envir/Drops/AncientCaves/Ancient_FlamingWooma.txt:44:1/1000000 MageStaff
Item	257	BloodStealerSword	65	44	Envir/Drops,Envir/NPCs	Medium	Envir/Drops/00FortuneBoxWeapon.txt:15:1/550 BloodStealerSword | Envir/Drops/AncientCaves/Ancient_BoneBlademan.txt:24:1/5000 BloodStealerSword | Envir/Drops/AncientCaves/Ancient_BoneCaptain.txt:22:1/2000 BloodStealerSword | Envir/Drops/AncientCaves/Ancient_RedThunderZuma.txt:12:1/50 BloodStealerSword | Envir/Drops/AncientCaves/Ancient_WoomaTaurus.txt:77:1/55 BloodStealerSword
Item	258	ZumaWarMageStaff	28	28	Envir/Drops,Envir/NPCs	Medium	Envir/Drops/AncientCaves/Ancient_RedThunderZuma.txt:34:1/170 ZumaWarMageStaff | Envir/Drops/AncientCaves/Ancient_ZumaArcher.txt:19:1/5000 ZumaWarMageStaff | Envir/Drops/AncientCaves/Ancient_ZumaArcher0.txt:19:1/500 ZumaWarMageStaff | Envir/Drops/AncientCaves/Ancient_ZumaGuardian.txt:19:1/30000 ZumaWarMageStaff | Envir/Drops/AncientCaves/Ancient_ZumaGuardian0.txt:19:1/3000 ZumaWarMageStaff
Item	259	WarMageStaff	113	71	Envir/Drops,Envir/NPCs	Medium	Envir/Drops/00FortuneBoxWeapon.txt:20:1/900 WarMageStaff | Envir/Drops/AncientCaves/Ancient_BoneCaptain.txt:25:1/6000 WarMageStaff | Envir/Drops/AncientCaves/Ancient_BoneLord.txt:36:1/45 WarMageStaff | Envir/Drops/AncientCaves/Ancient_KingHog.txt:20:1/300 WarMageStaff | Envir/Drops/AncientCaves/Ancient_RedThunderZuma.txt:14:1/280 WarMageStaff
Item	260	BlackDragonStaff	7	7	Envir/Drops,Envir/NPCs	Medium	Envir/Drops/Castle-Gi/BDD/DarkDevil.txt:46:1/140 BlackDragonStaff | Envir/Drops/Castle-Gi/BDD/IncarnatedWT.txt:49:1/500 BlackDragonStaff | Envir/Drops/Castle-Gi/BDD/IncarnatedZT.txt:46:1/250 BlackDragonStaff | Envir/Drops/Castle-Gi/BDD/KingHog.txt:44:1/300 BlackDragonStaff | Envir/Drops/Castle-Gi/BDD/KingScorpion.txt:44:1/300 BlackDragonStaff
Item	261	MagicScythe	114	93	Envir/Drops,Envir/NPCs	Medium	Envir/Drops/00FortuneBoxWeapon.txt:27:1/1000 MagicScythe | Envir/Drops/AncientCaves/Ancient_BoneCaptain.txt:30:1/12000 MagicScythe | Envir/Drops/AncientCaves/Ancient_BoneLord.txt:41:1/125 MagicScythe | Envir/Drops/AncientCaves/Ancient_BoneSpearman.txt:24:1/90000 MagicScythe | Envir/Drops/AncientCaves/Ancient_RedThunderZuma.txt:19:1/225 MagicScythe
Item	262	DragonStaff	102	60	Envir/Drops,Envir/NPCs	Medium	Envir/Drops/00FortuneBoxWeapon.txt:34:1/1200 DragonStaff | Envir/Drops/AncientCaves/Ancient_BoneLord.txt:46:1/200 DragonStaff | Envir/Drops/AncientCaves/Ancient_KingHog.txt:25:1/5000 DragonStaff | Envir/Drops/AncientCaves/Ancient_RedThunderZuma.txt:24:1/550 DragonStaff | Envir/Drops/AncientCaves/Ancient_ZumaTaurus.txt:47:1/550 DragonStaff
Item	263	BladeOfSorcery	114	58	Envir/Drops,Envir/NPCs	Medium	Envir/Drops/00FortuneBoxWeapon.txt:41:1/2000 BladeOfSorcery | Envir/Drops/AncientCaves/Ancient_BoneLord.txt:51:1/500 BladeOfSorcery | Envir/Drops/AncientCaves/Ancient_RedThunderZuma.txt:29:1/800 BladeOfSorcery | Envir/Drops/AncientCaves/Ancient_ZumaTaurus.txt:51:1/800 BladeOfSorcery | Envir/Drops/AncientCaves/Prajna/Ancient_BoneLord.txt:51:1/500 BladeOfSorcery
Item	264	HolyBloodSpear	25	18	Envir/Drops,Envir/NPCs	Medium	Envir/Drops/00FortuneBoxWeapon.txt:48:1/4500 HolyBloodSpear | Envir/Drops/Behemoth.txt:40:1/400 HolyBloodSpear | Envir/Drops/DarkWargKing.txt:28:1/500 HolyBloodSpear LV1 | Envir/Drops/DarkWargKing.txt:198:1/500 HolyBloodSpear LV2 | Envir/Drops/DarkWargKing.txt:367:1/500 HolyBloodSpear LV3
Item	265	ConquerorSpear	98	28	Envir/Drops,Envir/NPCs	Medium	Envir/Drops/00FortuneBoxWeapon.txt:55:1/5000 ConquerorSpear | Envir/Drops/AncientCaves/Ancient_FlyingStatue.txt:25:1/900 ConquerorSpear | Envir/Drops/AncientCaves/Ancient_StoningStatue.txt:25:1/900 ConquerorSpear | Envir/Drops/BearMinotaur.txt:63:1/50 ConquerorSpear | Envir/Drops/BearMinotaur20.txt:63:1/50 ConquerorSpear LV1
Item	266	StaffOfLotus	114	37	Envir/Drops,Envir/NPCs	High	Envir/Drops/AncientCaves/Ancient_FlyingStatue.txt:29:1/1100 StaffOfLotus | Envir/Drops/AncientCaves/Ancient_StoningStatue.txt:29:1/1100 StaffOfLotus | Envir/Drops/BearMinotaur.txt:68:1/450 StaffOfLotus | Envir/Drops/BearMinotaur20.txt:68:1/450 StaffOfLotus LV1 | Envir/Drops/BearMinotaur20.txt:355:1/450 StaffOfLotus LV2
Item	267	RawSword	78	22	Envir/Drops,Envir/NPCs	Medium	Envir/Drops/BearMinotaur.txt:72:1/700 RawSword | Envir/Drops/BearMinotaur20.txt:72:1/700 RawSword LV1 | Envir/Drops/BearMinotaur20.txt:359:1/700 RawSword LV2 | Envir/Drops/BearMinotaur20.txt:647:1/700 RawSword LV3 | Envir/Drops/BearMinotaur20.txt:935:1/700 RawSword LV4
Item	268	Scimitar	130	116	Envir/Drops,Envir/NPCs	Medium	Envir/Drops/AncientCaves/Ancient_AxeSkeleton.txt:15:1/160 Scimitar | Envir/Drops/AncientCaves/Ancient_AxeSkeleton0.txt:15:1/16 Scimitar | Envir/Drops/AncientCaves/Ancient_BoneElite.txt:7:1/25 Scimitar | Envir/Drops/AncientCaves/Ancient_BoneFighter.txt:15:1/160 Scimitar | Envir/Drops/AncientCaves/Ancient_BoneFighter0.txt:15:1/16 Scimitar
Item	269	KrissSword	312	228	Envir/Drops,Envir/NPCs	Medium	Envir/Drops/AncientCaves/Ancient_BlackBoar.txt:8:1/160 KrissSword | Envir/Drops/AncientCaves/Ancient_BlackBoar0.txt:8:1/16 KrissSword | Envir/Drops/AncientCaves/Ancient_BlackMaggot.txt:8:1/200 KrissSword | Envir/Drops/AncientCaves/Ancient_BlackMaggot0.txt:8:1/20 KrissSword | Envir/Drops/AncientCaves/Ancient_BoneElite.txt:15:1/50 KrissSword
Item	270	SerpentSword	199	185	Envir/Drops,Envir/NPCs	Medium	Envir/Drops/00FortuneBoxWeapon.txt:7:1/300 SerpentSword | Envir/Drops/AncientCaves/Ancient_BlackBoar.txt:15:1/8000 SerpentSword | Envir/Drops/AncientCaves/Ancient_BlackBoar0.txt:15:1/800 SerpentSword | Envir/Drops/AncientCaves/Ancient_BoneBlademan.txt:28:1/1000 SerpentSword | Envir/Drops/AncientCaves/Ancient_FlamingWooma.txt:45:1/1000000 SerpentSword
Item	271	ZumaSoulSpringWand	28	28	Envir/Drops,Envir/NPCs	Medium	Envir/Drops/AncientCaves/Ancient_RedThunderZuma.txt:35:1/170 ZumaSoulSpringWand | Envir/Drops/AncientCaves/Ancient_ZumaArcher.txt:20:1/5000 ZumaSoulSpringWand | Envir/Drops/AncientCaves/Ancient_ZumaArcher0.txt:20:1/500 ZumaSoulSpringWand | Envir/Drops/AncientCaves/Ancient_ZumaGuardian.txt:20:1/30000 ZumaSoulSpringWand | Envir/Drops/AncientCaves/Ancient_ZumaGuardian0.txt:20:1/3000 ZumaSoulSpringWand
Item	272	SoulSpringWand	113	71	Envir/Drops,Envir/NPCs	Medium	Envir/Drops/00FortuneBoxWeapon.txt:21:1/900 SoulSpringWand | Envir/Drops/AncientCaves/Ancient_BoneCaptain.txt:26:1/6000 SoulSpringWand | Envir/Drops/AncientCaves/Ancient_BoneLord.txt:37:1/45 SoulSpringWand | Envir/Drops/AncientCaves/Ancient_KingHog.txt:21:1/300 SoulSpringWand | Envir/Drops/AncientCaves/Ancient_RedThunderZuma.txt:15:1/280 SoulSpringWand
Item	273	BlackDragonSoulSabre	7	7	Envir/Drops,Envir/NPCs	Medium	Envir/Drops/Castle-Gi/BDD/DarkDevil.txt:47:1/140 BlackDragonSoulSabre | Envir/Drops/Castle-Gi/BDD/IncarnatedWT.txt:50:1/500 BlackDragonSoulSabre | Envir/Drops/Castle-Gi/BDD/IncarnatedZT.txt:47:1/250 BlackDragonSoulSabre | Envir/Drops/Castle-Gi/BDD/KingHog.txt:45:1/300 BlackDragonSoulSabre | Envir/Drops/Castle-Gi/BDD/KingScorpion.txt:45:1/300 BlackDragonSoulSabre
Item	274	StoneBambooFan	114	93	Envir/Drops,Envir/NPCs	Medium	Envir/Drops/00FortuneBoxWeapon.txt:28:1/1000 StoneBambooFan | Envir/Drops/AncientCaves/Ancient_BoneCaptain.txt:31:1/12000 StoneBambooFan | Envir/Drops/AncientCaves/Ancient_BoneLord.txt:42:1/125 StoneBambooFan | Envir/Drops/AncientCaves/Ancient_BoneSpearman.txt:25:1/90000 StoneBambooFan | Envir/Drops/AncientCaves/Ancient_RedThunderZuma.txt:20:1/225 StoneBambooFan
Item	275	SoulSabre	102	60	Envir/Drops,Envir/NPCs	Medium	Envir/Drops/00FortuneBoxWeapon.txt:35:1/1200 SoulSabre | Envir/Drops/AncientCaves/Ancient_BoneLord.txt:47:1/200 SoulSabre | Envir/Drops/AncientCaves/Ancient_KingHog.txt:26:1/5000 SoulSabre | Envir/Drops/AncientCaves/Ancient_RedThunderZuma.txt:25:1/550 SoulSabre | Envir/Drops/AncientCaves/Ancient_ZumaTaurus.txt:48:1/550 SoulSabre
Item	276	HeavenSword	114	58	Envir/Drops,Envir/NPCs	Medium	Envir/Drops/00FortuneBoxWeapon.txt:42:1/2000 HeavenSword | Envir/Drops/AncientCaves/Ancient_BoneLord.txt:52:1/500 HeavenSword | Envir/Drops/AncientCaves/Ancient_RedThunderZuma.txt:30:1/800 HeavenSword | Envir/Drops/AncientCaves/Ancient_ZumaTaurus.txt:52:1/800 HeavenSword | Envir/Drops/AncientCaves/Prajna/Ancient_BoneLord.txt:52:1/500 HeavenSword
Item	277	DragonBloodSword	25	18	Envir/Drops,Envir/NPCs	Medium	Envir/Drops/00FortuneBoxWeapon.txt:49:1/4500 DragonBloodSword | Envir/Drops/Behemoth.txt:41:1/400 DragonBloodSword | Envir/Drops/DarkWargKing.txt:30:1/500 DragonBloodSword LV1 | Envir/Drops/DarkWargKing.txt:199:1/500 DragonBloodSword LV2 | Envir/Drops/DarkWargKing.txt:368:1/500 DragonBloodSword LV3
Item	278	BastardSword	98	28	Envir/Drops,Envir/NPCs	Medium	Envir/Drops/00FortuneBoxWeapon.txt:56:1/5000 BastardSword | Envir/Drops/AncientCaves/Ancient_FlyingStatue.txt:26:1/900 BastardSword | Envir/Drops/AncientCaves/Ancient_StoningStatue.txt:26:1/900 BastardSword | Envir/Drops/BearMinotaur.txt:64:1/50 BastardSword | Envir/Drops/BearMinotaur20.txt:64:1/50 BastardSword LV1
Item	279	FanOfCrane	113	36	Envir/Drops,Envir/NPCs	Medium	Envir/Drops/AncientCaves/Ancient_FlyingStatue.txt:30:1/1100 FanOfCrane | Envir/Drops/AncientCaves/Ancient_StoningStatue.txt:30:1/1100 FanOfCrane | Envir/Drops/BearMinotaur.txt:69:1/450 FanOfCrane | Envir/Drops/BearMinotaur20.txt:69:1/450 FanOfCrane LV1 | Envir/Drops/BearMinotaur20.txt:356:1/450 FanOfCrane LV2
Item	280	BoneCarvedFan	78	22	Envir/Drops,Envir/NPCs	Medium	Envir/Drops/BearMinotaur.txt:74:1/700 BoneCarvedFan | Envir/Drops/BearMinotaur20.txt:74:1/700 BoneCarvedFan LV1 | Envir/Drops/BearMinotaur20.txt:361:1/700 BoneCarvedFan LV2 | Envir/Drops/BearMinotaur20.txt:650:1/700 BoneCarvedFan LV3 | Envir/Drops/BearMinotaur20.txt:937:1/700 BoneCarvedFan LV4
Item	281	HoaSword	42	42	Envir/Drops,Envir/NPCs	Medium	Envir/Drops/Provinces/ForestYeti.txt:6:1/60 HoaSword | Envir/Drops/Provinces/ForestYeti0.txt:6:1/60 HoaSword | Envir/Drops/Provinces/HookingCat.txt:6:1/60 HoaSword | Envir/Drops/Provinces/HookingCat0.txt:6:1/6 HoaSword | Envir/Drops/Provinces/Keratoid.txt:6:1/60 HoaSword
Item	282	ToughHoaSword	2	2	Envir/NPCs,Envir/Quests	Medium	Envir/NPCs/GM/GM-Weapon.txt:187:ToughHoaSword | Envir/Quests/BichonProvince/BorderVillage/3.txt:21:ToughHoaSword
Item	283	SharpHoaSword	98	98	Envir/Drops,Envir/NPCs	Medium	Envir/Drops/AncientCaves/Ancient_AxeSkeleton.txt:7:1/60 SharpHoaSword | Envir/Drops/AncientCaves/Ancient_AxeSkeleton0.txt:7:1/6 SharpHoaSword | Envir/Drops/AncientCaves/Ancient_BoneFighter.txt:7:1/60 SharpHoaSword | Envir/Drops/AncientCaves/Ancient_BoneFighter0.txt:7:1/6 SharpHoaSword | Envir/Drops/AncientCaves/Ancient_BoneWarrior.txt:7:1/60 SharpHoaSword
Item	284	BladesOfVelocity	121	114	Envir/Drops,Envir/NPCs	Medium	Envir/Drops/AncientCaves/Ancient_AxeSkeleton.txt:16:1/160 BladesOfVelocity | Envir/Drops/AncientCaves/Ancient_AxeSkeleton0.txt:16:1/16 BladesOfVelocity | Envir/Drops/AncientCaves/Ancient_BoneElite.txt:8:1/25 BladesOfVelocity | Envir/Drops/AncientCaves/Ancient_BoneFighter.txt:16:1/160 BladesOfVelocity | Envir/Drops/AncientCaves/Ancient_BoneFighter0.txt:16:1/16 BladesOfVelocity
Item	285	IronBlades	230	216	Envir/Drops,Envir/NPCs	Medium	Envir/Drops/AncientCaves/Ancient_BlackBoar.txt:9:1/160 IronBlades | Envir/Drops/AncientCaves/Ancient_BlackBoar0.txt:9:1/16 IronBlades | Envir/Drops/AncientCaves/Ancient_BlackMaggot.txt:9:1/200 IronBlades | Envir/Drops/AncientCaves/Ancient_BlackMaggot0.txt:9:1/20 IronBlades | Envir/Drops/AncientCaves/Ancient_BoneElite.txt:16:1/50 IronBlades
Item	286	DoubleBlades	196	182	Envir/Drops,Envir/NPCs	Medium	Envir/Drops/00FortuneBoxWeapon.txt:8:1/300 DoubleBlades | Envir/Drops/AncientCaves/Ancient_BlackBoar.txt:16:1/8000 DoubleBlades | Envir/Drops/AncientCaves/Ancient_BlackBoar0.txt:16:1/800 DoubleBlades | Envir/Drops/AncientCaves/Ancient_BoneBlademan.txt:29:1/1000 DoubleBlades | Envir/Drops/AncientCaves/Ancient_FlamingWooma.txt:46:1/1000000 DoubleBlades
Item	287	ZumaBlades	26	26	Envir/Drops,Envir/NPCs	Medium	Envir/Drops/AncientCaves/Ancient_RedThunderZuma.txt:36:1/170 ZumaBlades | Envir/Drops/AncientCaves/Ancient_ZumaArcher.txt:21:1/5000 ZumaBlades | Envir/Drops/AncientCaves/Ancient_ZumaArcher0.txt:21:1/500 ZumaBlades | Envir/Drops/AncientCaves/Ancient_ZumaGuardian.txt:21:1/30000 ZumaBlades | Envir/Drops/AncientCaves/Ancient_ZumaGuardian0.txt:21:1/3000 ZumaBlades
Item	288	BladesOfDarkness	109	67	Envir/Drops,Envir/NPCs	Medium	Envir/Drops/00FortuneBoxWeapon.txt:22:1/900 BladesOfDarkness | Envir/Drops/AncientCaves/Ancient_BoneCaptain.txt:27:1/6000 BladesofDarkness | Envir/Drops/AncientCaves/Ancient_BoneLord.txt:38:1/45 BladesOfDarkness | Envir/Drops/AncientCaves/Ancient_KingHog.txt:22:1/300 BladesOfDarkness | Envir/Drops/AncientCaves/Ancient_RedThunderZuma.txt:16:1/280 BladesOfDarkness
Item	289	Dragon'sRoyalBlades	8	8	Envir/Drops,Envir/NPCs	Medium	Envir/Drops/Castle-Gi/BDD/DarkDevil.txt:48:1/140 Dragon'sRoyalBlades | Envir/Drops/Castle-Gi/BDD/IncarnatedWT.txt:51:1/500 Dragon'sRoyalBlades | Envir/Drops/Castle-Gi/BDD/IncarnatedZT.txt:48:1/250 Dragon'sRoyalBlades | Envir/Drops/Castle-Gi/BDD/KingHog.txt:46:1/300 Dragon'sRoyalBlades | Envir/Drops/Castle-Gi/BDD/KingScorpion.txt:46:1/300 Dragon'sRoyalBlades
Item	290	FreezingBlades	110	89	Envir/Drops,Envir/NPCs	Medium	Envir/Drops/00FortuneBoxWeapon.txt:29:1/1000 FreezingBlades | Envir/Drops/AncientCaves/Ancient_BoneCaptain.txt:32:1/12000 FreezingBlades | Envir/Drops/AncientCaves/Ancient_BoneLord.txt:43:1/125 FreezingBlades | Envir/Drops/AncientCaves/Ancient_BoneSpearman.txt:26:1/90000 FreezingBlades | Envir/Drops/AncientCaves/Ancient_RedThunderZuma.txt:21:1/225 FreezingBlades
Item	291	RoyalBlades	87	52	Envir/Drops,Envir/NPCs	Medium	Envir/Drops/00FortuneBoxWeapon.txt:36:1/1200 RoyalBlades | Envir/Drops/AncientCaves/Ancient_BoneLord.txt:48:1/200 RoyalBlades | Envir/Drops/AncientCaves/Ancient_KingHog.txt:27:1/5000 RoyalBlades | Envir/Drops/AncientCaves/Ancient_RedThunderZuma.txt:26:1/550 RoyalBlades | Envir/Drops/AncientCaves/Prajna/Ancient_BoneLord.txt:48:1/200 RoyalBlades
Item	292	BladesOfMagi	66	45	Envir/Drops,Envir/NPCs	Medium	Envir/Drops/00FortuneBoxWeapon.txt:43:1/2000 BladesOfMagi | Envir/Drops/AncientCaves/Ancient_BoneLord.txt:53:1/500 BladesOfMagi | Envir/Drops/AncientCaves/Ancient_RedThunderZuma.txt:31:1/800 BladesOfMagi | Envir/Drops/AncientCaves/Prajna/Ancient_BoneLord.txt:53:1/500 BladesOfMagi | Envir/Drops/AncientCaves/ZumaTemple/Ancient_RedThunderZuma.txt:31:1/800 BladesOfMagi
Item	293	Stiletto	8	8	Envir/Drops	Medium	Envir/Drops/00FortuneBoxWeapon.txt:50:1/4500 Stiletto | Envir/Drops/Behemoth.txt:42:1/400 Stiletto | Envir/Drops/DeadForest/Ruins/AncBringer.txt:38:1/120 Stiletto | Envir/Drops/FlameScythe.txt:26:1/75000 Stiletto | Envir/Drops/Unused/DeadForest/AncBringer.txt:38:1/120 Stiletto
Item	294	ZincBlades	31	10	Envir/Drops,Envir/NPCs	Medium	Envir/Drops/00FortuneBoxWeapon.txt:57:1/5000 ZincBlades | Envir/Drops/BearMinotaur.txt:62:1/50 ZincBlades | Envir/Drops/BearMinotaur20.txt:62:1/50 ZincBlades LV1 | Envir/Drops/BearMinotaur20.txt:349:1/50 ZincBlades LV2 | Envir/Drops/BearMinotaur20.txt:638:1/50 ZincBlades LV3
Item	295	ButcheringBlades	44	16	Envir/Drops,Envir/NPCs	Medium	Envir/Drops/BearMinotaur.txt:67:1/450 ButcheringBlades | Envir/Drops/BearMinotaur20.txt:67:1/450 ButcheringBlades LV1 | Envir/Drops/BearMinotaur20.txt:354:1/450 ButcheringBlades LV2 | Envir/Drops/BearMinotaur20.txt:642:1/450 ButcheringBlades LV3 | Envir/Drops/BearMinotaur20.txt:931:1/450 ButcheringBlades LV4
Item	296	TheRipper	12	5	Envir/Drops,Envir/NPCs	Medium	Envir/Drops/CrystalBeast.txt:41:1/650 TheRipper LV1 | Envir/Drops/CrystalBeast.txt:138:1/650 TheRipper LV2 | Envir/Drops/CrystalBeast.txt:234:1/650 TheRipper LV3 | Envir/Drops/CrystalBeast.txt:330:1/650 TheRipper LV4 | Envir/Drops/CrystalBeast.txt:427:1/650 TheRipper LV5
Item	297	MadDragonBlades	31	10	Envir/Drops,Envir/NPCs	Medium	Envir/Drops/BearMinotaur.txt:73:1/700 MadDragonBlades | Envir/Drops/BearMinotaur20.txt:73:1/700 MadDragonBlades LV1 | Envir/Drops/BearMinotaur20.txt:360:1/700 MadDragonBlades LV2 | Envir/Drops/BearMinotaur20.txt:649:1/700 MadDragonBlades LV3 | Envir/Drops/BearMinotaur20.txt:936:1/700 MadDragonBlades LV4
Item	298	WoodenBow	48	48	Envir/Drops,Envir/NPCs	Medium	Envir/Drops/Provinces/ForestYeti.txt:7:1/60 WoodenBow | Envir/Drops/Provinces/ForestYeti0.txt:7:1/60 WoodenBow | Envir/Drops/Provinces/HookingCat.txt:7:1/60 WoodenBow | Envir/Drops/Provinces/HookingCat0.txt:7:1/6 WoodenBow | Envir/Drops/Provinces/Keratoid.txt:7:1/60 WoodenBow
Item	299	EbonyBow	55	55	Envir/Drops,Envir/NPCs	Medium	Envir/Drops/Provinces/ForestYeti.txt:10:1/90 EbonyBow | Envir/Drops/Provinces/ForestYeti0.txt:10:1/90 EbonyBow | Envir/Drops/Provinces/HookingCat.txt:10:1/100 EbonyBow | Envir/Drops/Provinces/HookingCat0.txt:10:1/10 EbonyBow | Envir/Drops/Provinces/Keratoid.txt:10:1/90 EbonyBow
Item	300	ShortBow	108	108	Envir/Drops,Envir/NPCs	Medium	Envir/Drops/AncientCaves/Ancient_AxeSkeleton.txt:6:1/60 ShortBow | Envir/Drops/AncientCaves/Ancient_AxeSkeleton0.txt:6:1/6 ShortBow | Envir/Drops/AncientCaves/Ancient_BoneFighter.txt:6:1/60 ShortBow | Envir/Drops/AncientCaves/Ancient_BoneFighter0.txt:6:1/6 ShortBow | Envir/Drops/AncientCaves/Ancient_BoneWarrior.txt:6:1/60 ShortBow
Item	301	BoneBow	99	99	Envir/Drops,Envir/NPCs	Medium	Envir/Drops/AncientCaves/Ancient_AxeSkeleton.txt:9:1/90 BoneBow | Envir/Drops/AncientCaves/Ancient_AxeSkeleton0.txt:9:1/9 BoneBow | Envir/Drops/AncientCaves/Ancient_BoneFighter.txt:9:1/90 BoneBow | Envir/Drops/AncientCaves/Ancient_BoneFighter0.txt:9:1/9 BoneBow | Envir/Drops/AncientCaves/Ancient_BoneWarrior.txt:9:1/90 BoneBow
Item	302	CompoundBow	115	115	Envir/Drops,Envir/NPCs	Medium	Envir/Drops/AncientCaves/Ancient_AxeSkeleton.txt:17:1/160 CompoundBow | Envir/Drops/AncientCaves/Ancient_AxeSkeleton0.txt:17:1/16 CompoundBow | Envir/Drops/AncientCaves/Ancient_BoneElite.txt:9:1/25 CompoundBow | Envir/Drops/AncientCaves/Ancient_BoneFighter.txt:17:1/160 CompoundBow | Envir/Drops/AncientCaves/Ancient_BoneFighter0.txt:17:1/16 CompoundBow
Item	303	LongBow	312	228	Envir/Drops,Envir/NPCs	Medium	Envir/Drops/AncientCaves/Ancient_BlackBoar.txt:10:1/160 LongBow | Envir/Drops/AncientCaves/Ancient_BlackBoar0.txt:10:1/16 LongBow | Envir/Drops/AncientCaves/Ancient_BlackMaggot.txt:10:1/200 LongBow | Envir/Drops/AncientCaves/Ancient_BlackMaggot0.txt:10:1/20 LongBow | Envir/Drops/AncientCaves/Ancient_BoneElite.txt:17:1/50 LongBow
Item	304	SilverBow	191	175	Envir/Drops,Envir/NPCs	Medium	Envir/Drops/00FortuneBoxWeapon.txt:5:1/300 SilverBow | Envir/Drops/AncientCaves/Ancient_BlackBoar.txt:17:1/8000 SilverBow | Envir/Drops/AncientCaves/Ancient_BlackBoar0.txt:17:1/800 SilverBow | Envir/Drops/AncientCaves/Ancient_BoneBlademan.txt:30:1/1000 SilverBow | Envir/Drops/AncientCaves/Ancient_FlamingWooma.txt:47:1/1000000 SilverBow
Item	305	ZumaFiendBow	26	26	Envir/Drops,Envir/NPCs	Medium	Envir/Drops/AncientCaves/Ancient_RedThunderZuma.txt:37:1/170 ZumaFiendBow | Envir/Drops/AncientCaves/Ancient_ZumaArcher.txt:22:1/5000 ZumaFiendBow | Envir/Drops/AncientCaves/Ancient_ZumaArcher0.txt:22:1/500 ZumaFiendBow | Envir/Drops/AncientCaves/Ancient_ZumaGuardian.txt:22:1/30000 ZumaFiendBow | Envir/Drops/AncientCaves/Ancient_ZumaGuardian0.txt:22:1/3000 ZumaFiendBow
Item	306	FiendBow	101	71	Envir/Drops,Envir/NPCs	Medium	Envir/Drops/00FortuneBoxWeapon.txt:19:1/900 FiendBow | Envir/Drops/AncientCaves/Ancient_BoneCaptain.txt:28:1/6000 FiendBow | Envir/Drops/AncientCaves/Ancient_BoneLord.txt:39:1/45 FiendBow | Envir/Drops/AncientCaves/Ancient_KingHog.txt:23:1/300 FiendBow | Envir/Drops/AncientCaves/Ancient_RedThunderZuma.txt:17:1/280 FiendBow
Item	307	CursedMaleficBow	7	7	Envir/Drops,Envir/NPCs	Medium	Envir/Drops/Castle-Gi/BDD/DarkDevil.txt:49:1/140 CursedMaleficBow | Envir/Drops/Castle-Gi/BDD/IncarnatedWT.txt:52:1/500 CursedMaleficBow | Envir/Drops/Castle-Gi/BDD/IncarnatedZT.txt:49:1/250 CursedMaleficBow | Envir/Drops/Castle-Gi/BDD/KingHog.txt:47:1/300 CursedMaleficBow | Envir/Drops/Castle-Gi/BDD/KingScorpion.txt:47:1/300 CursedMaleficBow
Item	308	LitheBow	111	90	Envir/Drops,Envir/NPCs	Medium	Envir/Drops/00FortuneBoxWeapon.txt:26:1/1000 LitheBow | Envir/Drops/AncientCaves/Ancient_BoneCaptain.txt:33:1/12000 LitheBow | Envir/Drops/AncientCaves/Ancient_BoneLord.txt:44:1/125 LitheBow | Envir/Drops/AncientCaves/Ancient_BoneSpearman.txt:27:1/90000 LitheBow | Envir/Drops/AncientCaves/Ancient_RedThunderZuma.txt:22:1/225 LitheBow
Item	309	MaleficBow	99	57	Envir/Drops,Envir/NPCs	Medium	Envir/Drops/00FortuneBoxWeapon.txt:32:1/1200 MaleficBow | Envir/Drops/AncientCaves/Ancient_BoneLord.txt:49:1/200 MaleficBow | Envir/Drops/AncientCaves/Ancient_KingHog.txt:28:1/5000 MaleficBow | Envir/Drops/AncientCaves/Ancient_RedThunderZuma.txt:27:1/550 MaleficBow | Envir/Drops/AncientCaves/Ancient_ZumaTaurus.txt:45:1/550 MaleficBow
Item	310	BowOfForce	111	55	Envir/Drops,Envir/NPCs	Medium	Envir/Drops/00FortuneBoxWeapon.txt:40:1/2000 BowOfForce | Envir/Drops/AncientCaves/Ancient_BoneLord.txt:54:1/500 BowOfForce | Envir/Drops/AncientCaves/Ancient_RedThunderZuma.txt:32:1/800 BowOfForce | Envir/Drops/AncientCaves/Ancient_ZumaTaurus.txt:50:1/800 BowOfForce | Envir/Drops/AncientCaves/Prajna/Ancient_BoneLord.txt:54:1/500 BowOfForce
Item	311	DreadBow	24	17	Envir/Drops,Envir/NPCs	Medium	Envir/Drops/00FortuneBoxWeapon.txt:47:1/4500 DreadBow | Envir/Drops/Behemoth.txt:39:1/400 DreadBow | Envir/Drops/DarkWargKing.txt:29:1/500 DreadBow LV1 | Envir/Drops/DarkWargKing.txt:196:1/500 DreadBow LV2 | Envir/Drops/DarkWargKing.txt:366:1/500 DreadBow LV3
Item	312	GrimBow	98	28	Envir/Drops,Envir/NPCs	Medium	Envir/Drops/00FortuneBoxWeapon.txt:54:1/5000 GrimBow | Envir/Drops/AncientCaves/Ancient_FlyingStatue.txt:24:1/900 GrimBow | Envir/Drops/AncientCaves/Ancient_StoningStatue.txt:24:1/900 GrimBow | Envir/Drops/BearMinotaur.txt:61:1/50 GrimBow | Envir/Drops/BearMinotaur20.txt:61:1/50 GrimBow LV1
Item	313	LethalBow	112	35	Envir/Drops,Envir/NPCs	Medium	Envir/Drops/AncientCaves/Ancient_FlyingStatue.txt:28:1/1100 LethalBow | Envir/Drops/AncientCaves/Ancient_StoningStatue.txt:28:1/1100 LethalBow | Envir/Drops/BearMinotaur.txt:66:1/450 LethalBow | Envir/Drops/BearMinotaur20.txt:66:1/450 LethalBow LV1 | Envir/Drops/BearMinotaur20.txt:353:1/450 LethalBow LV2
Item	314	ApusBow	79	23	Envir/Drops,Envir/NPCs	Medium	Envir/Drops/BearMinotaur.txt:71:1/700 ApusBow | Envir/Drops/BearMinotaur20.txt:71:1/700 ApusBow LV1 | Envir/Drops/BearMinotaur20.txt:357:1/700 ApusBow LV2 | Envir/Drops/BearMinotaur20.txt:648:1/700 ApusBow LV3 | Envir/Drops/BearMinotaur20.txt:938:1/700 ApusBow LV4
Item	315	DeathBow	1	1	Envir/NPCs	Medium	Envir/NPCs/GM/GM-Weapon.txt:158:DeathBow
Item	316	BloodThirstyBow	1	1	Envir/NPCs	Medium	Envir/NPCs/GM/GM-Weapon.txt:159:BloodThirstyBow
Item	317	BaseDress(M)	44	44	Envir/Drops,Envir/NPCs	Medium	Envir/Drops/Provinces/ForestYeti.txt:24:1/100 BaseDress(M) | Envir/Drops/Provinces/ForestYeti0.txt:24:1/100 BaseDress(M) | Envir/Drops/Provinces/HookingCat.txt:19:1/100 BaseDress(M) | Envir/Drops/Provinces/HookingCat0.txt:19:1/10 BaseDress(M) | Envir/Drops/Provinces/Keratoid.txt:24:1/100 BaseDress(M)
Item	318	BaseDress(F)	44	44	Envir/Drops,Envir/NPCs	Medium	Envir/Drops/Provinces/ForestYeti.txt:25:1/100 BaseDress(F) | Envir/Drops/Provinces/ForestYeti0.txt:25:1/100 BaseDress(F) | Envir/Drops/Provinces/HookingCat.txt:20:1/100 BaseDress(F) | Envir/Drops/Provinces/HookingCat0.txt:20:1/10 BaseDress(F) | Envir/Drops/Provinces/Keratoid.txt:25:1/100 BaseDress(F)
Item	319	LightArmour(M)	119	119	Envir/Drops,Envir/NPCs,Envir/Recipe	Medium	Envir/Drops/AncientCaves/Ancient_AxeSkeleton.txt:21:1/200 LightArmour(M) | Envir/Drops/AncientCaves/Ancient_AxeSkeleton0.txt:21:1/20 LightArmour(M) | Envir/Drops/AncientCaves/Ancient_BoneElite.txt:20:1/15 LightArmour(M) | Envir/Drops/AncientCaves/Ancient_BoneFighter.txt:21:1/200 LightArmour(M) | Envir/Drops/AncientCaves/Ancient_BoneFighter0.txt:21:1/20 LightArmour(M)
Item	320	LightArmour(F)	119	119	Envir/Drops,Envir/NPCs,Envir/Recipe	Medium	Envir/Drops/AncientCaves/Ancient_AxeSkeleton.txt:22:1/200 LightArmour(F) | Envir/Drops/AncientCaves/Ancient_AxeSkeleton0.txt:22:1/20 LightArmour(F) | Envir/Drops/AncientCaves/Ancient_BoneElite.txt:21:1/15 LightArmour(F) | Envir/Drops/AncientCaves/Ancient_BoneFighter.txt:22:1/200 LightArmour(F) | Envir/Drops/AncientCaves/Ancient_BoneFighter0.txt:22:1/20 LightArmour(F)
Item	321	MediumArmour(M)	21	14	Envir/Drops,Envir/NPCs	Medium	Envir/Drops/BichonProvince/DeadMine/Ghoul.txt:30:1/250 MediumArmour(M) | Envir/Drops/DarkGhoul.txt:36:1/15 MediumArmour(M) | Envir/Drops/Provinces/FrostTiger.txt:30:1/600 MediumArmour(M) | Envir/Drops/Provinces/OmaWarrior.txt:25:1/3500 MediumArmour(M) | Envir/Drops/Provinces/OmaWarrior1.txt:25:1/2500 MediumArmour(M)
Item	322	MediumArmour(F)	21	14	Envir/Drops,Envir/NPCs	Medium	Envir/Drops/BichonProvince/DeadMine/Ghoul.txt:31:1/250 MediumArmour(F) | Envir/Drops/DarkGhoul.txt:37:1/15 MediumArmour(F) | Envir/Drops/Provinces/FrostTiger.txt:31:1/600 MediumArmour(F) | Envir/Drops/Provinces/OmaWarrior.txt:26:1/3500 MediumArmour(F) | Envir/Drops/Provinces/OmaWarrior1.txt:26:1/2500 MediumArmour(F)
Item	323	HeavyArmour(M)	241	220	Envir/Drops,Envir/NPCs	Medium	Envir/Drops/00FortuneBoxArmour.txt:10:1/300 HeavyArmour(M) | Envir/Drops/AncientCaves/Ancient_BlackBoar.txt:20:1/800 HeavyArmour(M) | Envir/Drops/AncientCaves/Ancient_BlackBoar0.txt:20:1/80 HeavyArmour(M) | Envir/Drops/AncientCaves/Ancient_BlackMaggot.txt:15:1/800 HeavyArmour(M) | Envir/Drops/AncientCaves/Ancient_BlackMaggot0.txt:15:1/80 HeavyArmour(M)
Item	324	HeavyArmour(F)	241	220	Envir/Drops,Envir/NPCs	Medium	Envir/Drops/00FortuneBoxArmour.txt:11:1/300 HeavyArmour(F) | Envir/Drops/AncientCaves/Ancient_BlackBoar.txt:21:1/800 HeavyArmour(F) | Envir/Drops/AncientCaves/Ancient_BlackBoar0.txt:21:1/80 HeavyArmour(F) | Envir/Drops/AncientCaves/Ancient_BlackMaggot.txt:16:1/800 HeavyArmour(F) | Envir/Drops/AncientCaves/Ancient_BlackMaggot0.txt:16:1/80 HeavyArmour(F)
Item	325	MagicRobe(M)	241	220	Envir/Drops,Envir/NPCs	Medium	Envir/Drops/00FortuneBoxArmour.txt:12:1/300 MagicRobe(M) | Envir/Drops/AncientCaves/Ancient_BlackBoar.txt:22:1/800 MagicRobe(M) | Envir/Drops/AncientCaves/Ancient_BlackBoar0.txt:22:1/80 MagicRobe(M) | Envir/Drops/AncientCaves/Ancient_BlackMaggot.txt:17:1/800 MagicRobe(M) | Envir/Drops/AncientCaves/Ancient_BlackMaggot0.txt:17:1/80 MagicRobe(M)
Item	326	MagicRobe(F)	241	220	Envir/Drops,Envir/NPCs	Medium	Envir/Drops/00FortuneBoxArmour.txt:13:1/300 MagicRobe(F) | Envir/Drops/AncientCaves/Ancient_BlackBoar.txt:23:1/800 MagicRobe(F) | Envir/Drops/AncientCaves/Ancient_BlackBoar0.txt:23:1/80 MagicRobe(F) | Envir/Drops/AncientCaves/Ancient_BlackMaggot.txt:18:1/800 MagicRobe(F) | Envir/Drops/AncientCaves/Ancient_BlackMaggot0.txt:18:1/80 MagicRobe(F)
Item	327	SoulArmour(M)	241	220	Envir/Drops,Envir/NPCs	Medium	Envir/Drops/00FortuneBoxArmour.txt:14:1/300 SoulArmour(M) | Envir/Drops/AncientCaves/Ancient_BlackBoar.txt:24:1/800 SoulArmour(M) | Envir/Drops/AncientCaves/Ancient_BlackBoar0.txt:24:1/80 SoulArmour(M) | Envir/Drops/AncientCaves/Ancient_BlackMaggot.txt:19:1/800 SoulArmour(M) | Envir/Drops/AncientCaves/Ancient_BlackMaggot0.txt:19:1/80 SoulArmour(M)
Item	328	SoulArmour(F)	241	220	Envir/Drops,Envir/NPCs	Medium	Envir/Drops/00FortuneBoxArmour.txt:15:1/300 SoulArmour(F) | Envir/Drops/AncientCaves/Ancient_BlackBoar.txt:25:1/800 SoulArmour(F) | Envir/Drops/AncientCaves/Ancient_BlackBoar0.txt:25:1/80 SoulArmour(F) | Envir/Drops/AncientCaves/Ancient_BlackMaggot.txt:20:1/800 SoulArmour(F) | Envir/Drops/AncientCaves/Ancient_BlackMaggot0.txt:20:1/80 SoulArmour(F)
Item	329	RelicArmour(M)	241	220	Envir/Drops,Envir/NPCs	Medium	Envir/Drops/00FortuneBoxArmour.txt:16:1/300 RelicArmour(M) | Envir/Drops/AncientCaves/Ancient_BlackBoar.txt:26:1/800 RelicArmour(M) | Envir/Drops/AncientCaves/Ancient_BlackBoar0.txt:26:1/80 RelicArmour(M) | Envir/Drops/AncientCaves/Ancient_BlackMaggot.txt:21:1/800 RelicArmour(M) | Envir/Drops/AncientCaves/Ancient_BlackMaggot0.txt:21:1/80 RelicArmour(M)
Item	330	RelicArmour(F)	241	220	Envir/Drops,Envir/NPCs	Medium	Envir/Drops/00FortuneBoxArmour.txt:17:1/300 RelicArmour(F) | Envir/Drops/AncientCaves/Ancient_BlackBoar.txt:27:1/800 RelicArmour(F) | Envir/Drops/AncientCaves/Ancient_BlackBoar0.txt:27:1/80 RelicArmour(F) | Envir/Drops/AncientCaves/Ancient_BlackMaggot.txt:22:1/800 RelicArmour(F) | Envir/Drops/AncientCaves/Ancient_BlackMaggot0.txt:22:1/80 RelicArmour(F)
Item	331	LightLeatherArmour(M)	228	226	Envir/Drops,Envir/NPCs	Medium	Envir/Drops/00FortuneBoxArmour.txt:8:1/300 LightLeatherArmour(M) | Envir/Drops/AncientCaves/Ancient_BlackBoar.txt:28:1/800 LightLeatherArmour(M) | Envir/Drops/AncientCaves/Ancient_BlackBoar0.txt:28:1/80 LightLeatherArmour(M) | Envir/Drops/AncientCaves/Ancient_BlackMaggot.txt:23:1/800 LightLeatherArmour(M) | Envir/Drops/AncientCaves/Ancient_BlackMaggot0.txt:23:1/80 LightLeatherArmour(M)
Item	332	LightLeatherArmour(F)	224	224	Envir/Drops,Envir/NPCs	Medium	Envir/Drops/00FortuneBoxArmour.txt:9:1/300 LightLeatherArmour(F) | Envir/Drops/AncientCaves/Ancient_BlackBoar.txt:29:1/800 LightLeatherArmour(F) | Envir/Drops/AncientCaves/Ancient_BlackBoar0.txt:29:1/80 LightLeatherArmour(F) | Envir/Drops/AncientCaves/Ancient_BlackMaggot.txt:24:1/800 LightLeatherArmour(F) | Envir/Drops/AncientCaves/Ancient_BlackMaggot0.txt:24:1/80 LightLeatherArmour(F)
Item	333	IronArmour(M)	108	80	Envir/Drops,Envir/NPCs	Medium	Envir/Drops/00FortuneBoxArmour.txt:26:1/550 IronArmour(M) | Envir/Drops/AncientCaves/Ancient_BoneBlademan.txt:44:1/400 IronArmour(M) | Envir/Drops/AncientCaves/Ancient_BoneCaptain.txt:36:1/300 IronArmour(M) | Envir/Drops/AncientCaves/Ancient_BoneLord.txt:57:1/5 IronArmour(M) | Envir/Drops/AncientCaves/Ancient_BoneSpearman.txt:40:1/500 IronArmour(M)
Item	334	IronArmour(F)	108	80	Envir/Drops,Envir/NPCs	Medium	Envir/Drops/00FortuneBoxArmour.txt:27:1/550 IronArmour(F) | Envir/Drops/AncientCaves/Ancient_BoneBlademan.txt:45:1/400 IronArmour(F) | Envir/Drops/AncientCaves/Ancient_BoneCaptain.txt:37:1/300 IronArmour(F) | Envir/Drops/AncientCaves/Ancient_BoneLord.txt:58:1/5 IronArmour(F) | Envir/Drops/AncientCaves/Ancient_BoneSpearman.txt:41:1/500 IronArmour(F)
Item	335	WizardRobe(M)	108	80	Envir/Drops,Envir/NPCs	Medium	Envir/Drops/00FortuneBoxArmour.txt:28:1/550 WizardRobe(M) | Envir/Drops/AncientCaves/Ancient_BoneBlademan.txt:48:1/400 WizardRobe(M) | Envir/Drops/AncientCaves/Ancient_BoneCaptain.txt:38:1/300 WizardRobe(M) | Envir/Drops/AncientCaves/Ancient_BoneLord.txt:59:1/5 WizardRobe(M) | Envir/Drops/AncientCaves/Ancient_BoneSpearman.txt:42:1/500 WizardRobe(M)
Item	336	WitchRobe(F)	64	64	Envir/Drops,Envir/NPCs	Medium	Envir/Drops/AncientCaves/Ancient_BoneBlademan.txt:49:1/400 WitchRobe(F) | Envir/Drops/AncientCaves/Ancient_BoneCaptain.txt:39:1/300 WitchRobe(F) | Envir/Drops/AncientCaves/Ancient_BoneLord.txt:60:1/5 WitchRobe(F) | Envir/Drops/AncientCaves/Ancient_BoneSpearman.txt:43:1/500 WitchRobe(F) | Envir/Drops/AncientCaves/Ancient_KingHog.txt:44:1/55 WitchRobe(F)
Item	337	PearlArmour(M)	108	80	Envir/Drops,Envir/NPCs	Medium	Envir/Drops/00FortuneBoxArmour.txt:30:1/550 PearlArmour(M) | Envir/Drops/AncientCaves/Ancient_BoneBlademan.txt:46:1/400 PearlArmour(M) | Envir/Drops/AncientCaves/Ancient_BoneCaptain.txt:40:1/300 PearlArmour(M) | Envir/Drops/AncientCaves/Ancient_BoneLord.txt:61:1/5 PearlArmour(M) | Envir/Drops/AncientCaves/Ancient_BoneSpearman.txt:44:1/500 PearlArmour(M)
Item	338	PearlArmour(F)	108	80	Envir/Drops,Envir/NPCs	Medium	Envir/Drops/00FortuneBoxArmour.txt:31:1/550 PearlArmour(F) | Envir/Drops/AncientCaves/Ancient_BoneBlademan.txt:47:1/400 PearlArmour(F) | Envir/Drops/AncientCaves/Ancient_BoneCaptain.txt:41:1/300 PearlArmour(F) | Envir/Drops/AncientCaves/Ancient_BoneLord.txt:62:1/5 PearlArmour(F) | Envir/Drops/AncientCaves/Ancient_BoneSpearman.txt:45:1/500 PearlArmour(F)
Item	339	AncientArmour(M)	104	76	Envir/Drops,Envir/NPCs	Medium	Envir/Drops/00FortuneBoxArmour.txt:32:1/550 AncientArmour(M) | Envir/Drops/AncientCaves/Ancient_BoneBlademan.txt:50:1/400 AncientArmour(M) | Envir/Drops/AncientCaves/Ancient_BoneCaptain.txt:42:1/300 AncientArmour(M) | Envir/Drops/AncientCaves/Ancient_BoneLord.txt:63:1/5 AncientArmour(M) | Envir/Drops/AncientCaves/Ancient_BoneSpearman.txt:46:1/500 AncientArmour(M)
Item	340	AncientArmour(F)	104	76	Envir/Drops,Envir/NPCs	Medium	Envir/Drops/00FortuneBoxArmour.txt:33:1/550 AncientArmour(F) | Envir/Drops/AncientCaves/Ancient_BoneBlademan.txt:51:1/400 AncientArmour(F) | Envir/Drops/AncientCaves/Ancient_BoneCaptain.txt:43:1/300 AncientArmour(F) | Envir/Drops/AncientCaves/Ancient_BoneLord.txt:64:1/5 AncientArmour(F) | Envir/Drops/AncientCaves/Ancient_BoneSpearman.txt:47:1/500 AncientArmour(F)
Item	341	TemperedArmour(M)	96	68	Envir/Drops,Envir/NPCs	Medium	Envir/Drops/00FortuneBoxArmour.txt:24:1/550 TemperedArmour(M) | Envir/Drops/AncientCaves/Ancient_BoneBlademan.txt:52:1/400 TemperedArmour(M) | Envir/Drops/AncientCaves/Ancient_BoneCaptain.txt:44:1/300 TemperedArmour(M) | Envir/Drops/AncientCaves/Ancient_BoneLord.txt:65:1/5 TemperedArmour(M) | Envir/Drops/AncientCaves/Ancient_BoneSpearman.txt:48:1/500 TemperedArmour(M)
Item	342	TemperedArmour(F)	96	68	Envir/Drops,Envir/NPCs	Medium	Envir/Drops/00FortuneBoxArmour.txt:25:1/550 TemperedArmour(F) | Envir/Drops/AncientCaves/Ancient_BoneBlademan.txt:53:1/400 TemperedArmour(F) | Envir/Drops/AncientCaves/Ancient_BoneCaptain.txt:45:1/300 TemperedArmour(F) | Envir/Drops/AncientCaves/Ancient_BoneLord.txt:66:1/5 TemperedArmour(F) | Envir/Drops/AncientCaves/Ancient_BoneSpearman.txt:49:1/500 TemperedArmour(F)
Item	343	SteelArmour(M)	186	102	Envir/Drops,Envir/NPCs	Medium	Envir/Drops/00FortuneBoxArmour.txt:38:1/900 SteelArmour(M) | Envir/Drops/AncientCaves/Ancient_BoneCaptain.txt:46:1/2000 SteelArmour(M) | Envir/Drops/AncientCaves/Ancient_BoneLord.txt:67:1/40 SteelArmour(M) | Envir/Drops/AncientCaves/Ancient_KingHog.txt:51:1/150 SteelArmour(M) | Envir/Drops/AncientCaves/Ancient_RedThunderZuma.txt:40:1/55 SteelArmour(M)
Item	344	SteelArmour(F)	185	101	Envir/Drops,Envir/NPCs	Medium	Envir/Drops/00FortuneBoxArmour.txt:39:1/900 SteelArmour(F) | Envir/Drops/AncientCaves/Ancient_BoneCaptain.txt:47:1/2000 SteelArmour(F) | Envir/Drops/AncientCaves/Ancient_BoneLord.txt:68:1/40 SteelArmour(F) | Envir/Drops/AncientCaves/Ancient_KingHog.txt:52:1/150 SteelArmour(F) | Envir/Drops/AncientCaves/Ancient_RedThunderZuma.txt:41:1/55 SteelArmour(F)
Item	345	DragonRobe(M)	185	101	Envir/Drops,Envir/NPCs	Medium	Envir/Drops/00FortuneBoxArmour.txt:40:1/900 DragonRobe(M) | Envir/Drops/AncientCaves/Ancient_BoneCaptain.txt:48:1/2000 DragonRobe(M) | Envir/Drops/AncientCaves/Ancient_BoneLord.txt:69:1/40 DragonRobe(M) | Envir/Drops/AncientCaves/Ancient_KingHog.txt:53:1/150 DragonRobe(M) | Envir/Drops/AncientCaves/Ancient_RedThunderZuma.txt:42:1/55 DragonRobe(M)
Item	346	DragonRobe(F)	185	101	Envir/Drops,Envir/NPCs	Medium	Envir/Drops/00FortuneBoxArmour.txt:41:1/900 DragonRobe(F) | Envir/Drops/AncientCaves/Ancient_BoneCaptain.txt:49:1/2000 DragonRobe(F) | Envir/Drops/AncientCaves/Ancient_BoneLord.txt:70:1/40 DragonRobe(F) | Envir/Drops/AncientCaves/Ancient_KingHog.txt:54:1/150 DragonRobe(F) | Envir/Drops/AncientCaves/Ancient_RedThunderZuma.txt:43:1/55 DragonRobe(F)
Item	347	TitanArmour(M)	185	101	Envir/Drops,Envir/NPCs	Medium	Envir/Drops/00FortuneBoxArmour.txt:42:1/900 TitanArmour(M) | Envir/Drops/AncientCaves/Ancient_BoneCaptain.txt:50:1/2000 TitanArmour(M) | Envir/Drops/AncientCaves/Ancient_BoneLord.txt:71:1/40 TitanArmour(M) | Envir/Drops/AncientCaves/Ancient_KingHog.txt:55:1/150 TitanArmour(M) | Envir/Drops/AncientCaves/Ancient_RedThunderZuma.txt:44:1/55 TitanArmour(M)
Item	348	TitanArmour(F)	185	101	Envir/Drops,Envir/NPCs	Medium	Envir/Drops/00FortuneBoxArmour.txt:43:1/900 TitanArmour(F) | Envir/Drops/AncientCaves/Ancient_BoneCaptain.txt:51:1/2000 TitanArmour(F) | Envir/Drops/AncientCaves/Ancient_BoneLord.txt:72:1/40 TitanArmour(F) | Envir/Drops/AncientCaves/Ancient_KingHog.txt:56:1/150 TitanArmour(F) | Envir/Drops/AncientCaves/Ancient_RedThunderZuma.txt:45:1/55 TitanArmour(F)
Item	349	RoyalArmour(M)	108	87	Envir/Drops,Envir/NPCs	Medium	Envir/Drops/00FortuneBoxArmour.txt:44:1/900 RoyalArmour(M) | Envir/Drops/AncientCaves/Ancient_BoneCaptain.txt:52:1/2000 RoyalArmour(M) | Envir/Drops/AncientCaves/Ancient_BoneLord.txt:73:1/40 RoyalArmour(M) | Envir/Drops/AncientCaves/Ancient_KingHog.txt:57:1/150 RoyalArmour(M) | Envir/Drops/AncientCaves/Ancient_RedThunderZuma.txt:46:1/55 RoyalArmour(M)
Item	350	RoyalArmour(F)	108	87	Envir/Drops,Envir/NPCs	Medium	Envir/Drops/00FortuneBoxArmour.txt:45:1/900 RoyalArmour(F) | Envir/Drops/AncientCaves/Ancient_BoneCaptain.txt:53:1/2000 RoyalArmour(F) | Envir/Drops/AncientCaves/Ancient_BoneLord.txt:74:1/40 RoyalArmour(F) | Envir/Drops/AncientCaves/Ancient_KingHog.txt:58:1/150 RoyalArmour(F) | Envir/Drops/AncientCaves/Ancient_RedThunderZuma.txt:47:1/55 RoyalArmour(F)
Item	351	StuddedArmour(M)	110	89	Envir/Drops,Envir/NPCs	Medium	Envir/Drops/00FortuneBoxArmour.txt:36:1/900 StuddedArmour(M) | Envir/Drops/AncientCaves/Ancient_BoneCaptain.txt:54:1/2000 StuddedArmour(M) | Envir/Drops/AncientCaves/Ancient_BoneLord.txt:75:1/40 StuddedArmour(M) | Envir/Drops/AncientCaves/Ancient_KingHog.txt:59:1/150 StuddedArmour(M) | Envir/Drops/AncientCaves/Ancient_RedThunderZuma.txt:48:1/55 StuddedArmour(M)
Item	352	StuddedArmour(F)	110	89	Envir/Drops,Envir/NPCs	Medium	Envir/Drops/00FortuneBoxArmour.txt:37:1/900 StuddedArmour(F) | Envir/Drops/AncientCaves/Ancient_BoneCaptain.txt:55:1/2000 StuddedArmour(F) | Envir/Drops/AncientCaves/Ancient_BoneLord.txt:76:1/40 StuddedArmour(F) | Envir/Drops/AncientCaves/Ancient_KingHog.txt:60:1/150 StuddedArmour(F) | Envir/Drops/AncientCaves/Ancient_RedThunderZuma.txt:49:1/55 StuddedArmour(F)
Item	353	BlackTigerArmour(M)	136	38	Envir/Drops,Envir/NPCs	High	Envir/Drops/00FortuneBoxArmour.txt:70:1/4500 BlackTigerArmour(M) | Envir/Drops/BearMinotaur.txt:26:1/140 BlackTigerArmour(M) | Envir/Drops/BearMinotaur20.txt:26:1/140 BlackTigerArmour(M) LV1 | Envir/Drops/BearMinotaur20.txt:313:1/140 BlackTigerArmour(M) LV2 | Envir/Drops/BearMinotaur20.txt:602:1/140 BlackTigerArmour(M) LV3
Item	354	BlackTigerArmour(F)	136	38	Envir/Drops,Envir/NPCs	High	Envir/Drops/00FortuneBoxArmour.txt:71:1/4500 BlackTigerArmour(F) | Envir/Drops/BearMinotaur.txt:27:1/140 BlackTigerArmour(F) | Envir/Drops/BearMinotaur20.txt:27:1/140 BlackTigerArmour(F) LV1 | Envir/Drops/BearMinotaur20.txt:314:1/140 BlackTigerArmour(F) LV2 | Envir/Drops/BearMinotaur20.txt:603:1/140 BlackTigerArmour(F) LV3
Item	355	LotusArmour(M)	136	38	Envir/Drops,Envir/NPCs	High	Envir/Drops/00FortuneBoxArmour.txt:72:1/4500 LotusArmour(M) | Envir/Drops/BearMinotaur.txt:28:1/140 LotusArmour(M) | Envir/Drops/BearMinotaur20.txt:28:1/140 LotusArmour(M) LV1 | Envir/Drops/BearMinotaur20.txt:315:1/140 LotusArmour(M) LV2 | Envir/Drops/BearMinotaur20.txt:604:1/140 LotusArmour(M) LV3
Item	356	LotusArmour(F)	136	38	Envir/Drops,Envir/NPCs	High	Envir/Drops/00FortuneBoxArmour.txt:73:1/4500 LotusArmour(F) | Envir/Drops/BearMinotaur.txt:29:1/140 LotusArmour(F) | Envir/Drops/BearMinotaur20.txt:29:1/140 LotusArmour(F) LV1 | Envir/Drops/BearMinotaur20.txt:316:1/140 LotusArmour(F) LV2 | Envir/Drops/BearMinotaur20.txt:605:1/140 LotusArmour(F) LV3
Item	357	CraneArmour(M)	136	38	Envir/Drops,Envir/NPCs	High	Envir/Drops/00FortuneBoxArmour.txt:74:1/4500 CraneArmour(M) | Envir/Drops/BearMinotaur.txt:30:1/140 CraneArmour(M) | Envir/Drops/BearMinotaur20.txt:30:1/140 CraneArmour(M) LV1 | Envir/Drops/BearMinotaur20.txt:317:1/140 CraneArmour(M) LV2 | Envir/Drops/BearMinotaur20.txt:606:1/140 CraneArmour(M) LV3
Item	358	CraneArmour(F)	136	38	Envir/Drops,Envir/NPCs	High	Envir/Drops/00FortuneBoxArmour.txt:75:1/4500 CraneArmour(F) | Envir/Drops/BearMinotaur.txt:31:1/140 CraneArmour(F) | Envir/Drops/BearMinotaur20.txt:31:1/140 CraneArmour(F) LV1 | Envir/Drops/BearMinotaur20.txt:318:1/140 CraneArmour(F) LV2 | Envir/Drops/BearMinotaur20.txt:607:1/140 CraneArmour(F) LV3
Item	359	StealthArmour(M)	26	19	Envir/Drops,Envir/NPCs	High	Envir/Drops/00FortuneBoxArmour.txt:76:1/4500 StealthArmour(M) | Envir/Drops/BearMinotaur.txt:32:1/140 StealthArmour(M) | Envir/Drops/BearMinotaur20.txt:32:1/140 StealthArmour(M) LV1 | Envir/Drops/BearMinotaur20.txt:319:1/140 StealthArmour(M) LV2 | Envir/Drops/BearMinotaur20.txt:608:1/140 StealthArmour(M) LV3
Item	360	StealthArmour(F)	26	19	Envir/Drops,Envir/NPCs	High	Envir/Drops/00FortuneBoxArmour.txt:77:1/4500 StealthArmour(F) | Envir/Drops/BearMinotaur.txt:33:1/140 StealthArmour(F) | Envir/Drops/BearMinotaur20.txt:33:1/140 StealthArmour(F) LV1 | Envir/Drops/BearMinotaur20.txt:320:1/140 StealthArmour(F) LV2 | Envir/Drops/BearMinotaur20.txt:609:1/140 StealthArmour(F) LV3
Item	361	LightTemperedArmour(M)	9	9	Envir/Drops,Envir/NPCs	Medium	Envir/Drops/DeadForest/Ruins/AncBringer.txt:76:1/200 LightTemperedArmour(M) | Envir/Drops/FlameSpear.txt:30:1/25000 LightTemperedArmour(M) | Envir/Drops/PranjaIsland/PranjaTemple/MinotaurKing.txt:94:1/350 LightTemperedArmour(M) | Envir/Drops/Unused/DeadForest/AncBringer.txt:76:1/200 LightTemperedArmour(M) | Envir/Drops/Unused/GonRyun/GonRyunBow.txt:34:1/5000 LightTemperedArmour(M)
Item	362	LightTemperedArmour(F)	9	9	Envir/Drops,Envir/NPCs	Medium	Envir/Drops/DeadForest/Ruins/AncBringer.txt:77:1/200 LightTemperedArmour(F) | Envir/Drops/FlameSpear.txt:31:1/25000 LightTemperedArmour(F) | Envir/Drops/PranjaIsland/PranjaTemple/MinotaurKing.txt:95:1/350 LightTemperedArmour(F) | Envir/Drops/Unused/DeadForest/AncBringer.txt:77:1/200 LightTemperedArmour(F) | Envir/Drops/Unused/GonRyun/GonRyunBow.txt:35:1/5000 LightTemperedArmour(F)
Item	363	BlueDarkArmour(M)	34	13	Envir/Drops,Envir/NPCs	Medium	Envir/Drops/00FortuneBoxArmour.txt:58:1/1200 BlueDarkArmour(M) | Envir/Drops/BearMinotaur.txt:36:1/170 BlueDarkArmour(M) | Envir/Drops/BearMinotaur20.txt:36:1/170 BlueDarkArmour(M) LV1 | Envir/Drops/BearMinotaur20.txt:323:1/170 BlueDarkArmour(M) LV2 | Envir/Drops/BearMinotaur20.txt:614:1/170 BlueDarkArmour(M) LV3
Item	364	BlueDarkArmour(F)	34	13	Envir/Drops,Envir/NPCs	Medium	Envir/Drops/00FortuneBoxArmour.txt:59:1/1200 BlueDarkArmour(F) | Envir/Drops/BearMinotaur.txt:37:1/170 BlueDarkArmour(F) | Envir/Drops/BearMinotaur20.txt:37:1/170 BlueDarkArmour(F) LV1 | Envir/Drops/BearMinotaur20.txt:324:1/170 BlueDarkArmour(F) LV2 | Envir/Drops/BearMinotaur20.txt:615:1/170 BlueDarkArmour(F) LV3
Item	365	RedDarkArmour(M)	34	13	Envir/Drops,Envir/NPCs	Medium	Envir/Drops/00FortuneBoxArmour.txt:62:1/1200 RedDarkArmour(M) | Envir/Drops/BearMinotaur.txt:34:1/170 RedDarkArmour(M) | Envir/Drops/BearMinotaur20.txt:34:1/170 RedDarkArmour(M) LV1 | Envir/Drops/BearMinotaur20.txt:321:1/170 RedDarkArmour(M) LV2 | Envir/Drops/BearMinotaur20.txt:610:1/170 RedDarkArmour(M) LV3
Item	366	RedDarkArmour(F)	34	13	Envir/Drops,Envir/NPCs	Medium	Envir/Drops/00FortuneBoxArmour.txt:63:1/1200 RedDarkArmour(F) | Envir/Drops/BearMinotaur.txt:35:1/170 RedDarkArmour(F) | Envir/Drops/BearMinotaur20.txt:35:1/170 RedDarkArmour(F) LV1 | Envir/Drops/BearMinotaur20.txt:322:1/170 RedDarkArmour(F) LV2 | Envir/Drops/BearMinotaur20.txt:611:1/170 RedDarkArmour(F) LV3
Item	367	GreenDarkArmour(M)	34	13	Envir/Drops,Envir/NPCs	Medium	Envir/Drops/00FortuneBoxArmour.txt:64:1/1200 GreenDarkArmour(M) | Envir/Drops/BearMinotaur.txt:40:1/170 GreenDarkArmour(M) | Envir/Drops/BearMinotaur20.txt:40:1/170 GreenDarkArmour(M) LV1 | Envir/Drops/BearMinotaur20.txt:327:1/170 GreenDarkArmour(M) LV2 | Envir/Drops/BearMinotaur20.txt:616:1/170 GreenDarkArmour(M) LV3
Item	368	GreenDarkArmour(F)	34	13	Envir/Drops,Envir/NPCs	Medium	Envir/Drops/00FortuneBoxArmour.txt:65:1/1200 GreenDarkArmour(F) | Envir/Drops/BearMinotaur.txt:41:1/170 GreenDarkArmour(F) | Envir/Drops/BearMinotaur20.txt:41:1/170 GreenDarkArmour(F) LV1 | Envir/Drops/BearMinotaur20.txt:328:1/170 GreenDarkArmour(F) LV2 | Envir/Drops/BearMinotaur20.txt:617:1/170 GreenDarkArmour(F) LV3
Item	369	GoldDarkArmour(M)	18	11	Envir/Drops,Envir/NPCs	Medium	Envir/Drops/00FortuneBoxArmour.txt:66:1/1200 GoldDarkArmour(M) | Envir/Drops/BearMinotaur.txt:42:1/170 GoldDarkArmour(M) | Envir/Drops/BearMinotaur20.txt:42:1/170 GoldDarkArmour(M) LV1 | Envir/Drops/BearMinotaur20.txt:329:1/170 GoldDarkArmour(M) LV2 | Envir/Drops/BearMinotaur20.txt:618:1/170 GoldDarkArmour(M) LV3
Item	370	GoldDarkArmour(F)	10	10	Envir/Drops,Envir/NPCs	Medium	Envir/Drops/00FortuneBoxArmour.txt:67:1/1200 GoldDarkArmour(F) | Envir/Drops/BearMinotaur.txt:43:1/170 GoldDarkArmour(F) | Envir/Drops/BichonProvince/OmaCave/OmaKingSpirit.txt:86:1/500 GoldDarkArmour(F) | Envir/Drops/PastBichon/OmaValley/OmaKing.txt:86:1/500 GoldDarkArmour(F) | Envir/Drops/Unused/GonRyun/GonRyunSiner.txt:31:1/9350 GoldDarkArmour(F)
Item	371	ScaledArmour(M)	34	13	Envir/Drops,Envir/NPCs	Medium	Envir/Drops/00FortuneBoxArmour.txt:60:1/1200 ScaledArmour(M) | Envir/Drops/BearMinotaur.txt:38:1/170 ScaledArmour(M) | Envir/Drops/BearMinotaur20.txt:38:1/170 ScaledArmour(M) LV1 | Envir/Drops/BearMinotaur20.txt:325:1/170 ScaledArmour(M) LV2 | Envir/Drops/BearMinotaur20.txt:612:1/170 ScaledArmour(M) LV3
Item	372	ScaledArmour(F)	34	13	Envir/Drops,Envir/NPCs	Medium	Envir/Drops/00FortuneBoxArmour.txt:61:1/1200 ScaledArmour(F) | Envir/Drops/BearMinotaur.txt:39:1/170 ScaledArmour(F) | Envir/Drops/BearMinotaur20.txt:39:1/170 ScaledArmour(F) LV1 | Envir/Drops/BearMinotaur20.txt:326:1/170 ScaledArmour(F) LV2 | Envir/Drops/BearMinotaur20.txt:613:1/170 ScaledArmour(F) LV3
Item	373	CrystalArmour(M)	5	5	Envir/Drops,Envir/NPCs	Medium	Envir/Drops/00FortuneBoxArmour.txt:4:1/300 CrystalArmour(M) | Envir/Drops/TaoVillage/TreePath/RedValley/CrystalSpider.txt:48:1/1000 CrystalArmour(M) | Envir/Drops/TaoVillage/TreePath/RedValley/RedMoonEvil.txt:59:1/1000 CrystalArmour(M) | Envir/Drops/Unused/Lords/TaoVillageLord.txt:41:1/300 CrystalArmour(M) | Envir/NPCs/GM/GM-Armour.txt:108:CrystalArmour(M)
Item	374	CrystalArmour(F)	5	5	Envir/Drops,Envir/NPCs	Medium	Envir/Drops/00FortuneBoxArmour.txt:5:1/300 CrystalArmour(F) | Envir/Drops/TaoVillage/TreePath/RedValley/CrystalSpider.txt:49:1/1000 CrystalArmour(F) | Envir/Drops/TaoVillage/TreePath/RedValley/RedMoonEvil.txt:60:1/1000 CrystalArmour(F) | Envir/Drops/Unused/Lords/TaoVillageLord.txt:42:1/300 CrystalArmour(F) | Envir/NPCs/GM/GM-Armour.txt:109:CrystalArmour(F)
Item	375	HeavenArmour(M)	120	37	Envir/Drops,Envir/NPCs	Medium	Envir/Drops/AncientCaves/Ancient_BoneLord.txt:77:1/1800 HeavenArmour(M) | Envir/Drops/AncientCaves/Ancient_RedThunderZuma.txt:50:1/1000 HeavenArmour(M) | Envir/Drops/AncientCaves/Ancient_ZumaTaurus.txt:72:1/10000 HeavenArmour(M) | Envir/Drops/AncientCaves/Prajna/Ancient_BoneLord.txt:77:1/1800 HeavenArmour(M) | Envir/Drops/AncientCaves/ZumaTemple/Ancient_RedThunderZuma.txt:50:1/1000 HeavenArmour(M)
Item	379	HeavenArmour(F)	120	37	Envir/Drops,Envir/NPCs	Medium	Envir/Drops/AncientCaves/Ancient_BoneLord.txt:78:1/1800 HeavenArmour(F) | Envir/Drops/AncientCaves/Ancient_RedThunderZuma.txt:51:1/1000 HeavenArmour(F) | Envir/Drops/AncientCaves/Ancient_ZumaTaurus.txt:73:1/10000 HeavenArmour(F) | Envir/Drops/AncientCaves/Prajna/Ancient_BoneLord.txt:78:1/1800 HeavenArmour(F) | Envir/Drops/AncientCaves/ZumaTemple/Ancient_RedThunderZuma.txt:51:1/1000 HeavenArmour(F)
Item	383	OmaKingRobe(M)	3	3	Envir/Drops,Envir/NPCs	Medium	Envir/Drops/BichonProvince/OmaCave/OmaKingSpirit.txt:75:1/500 OmaKingRobe(M) | Envir/Drops/PastBichon/OmaValley/OmaKing.txt:75:1/500 OmaKingRobe(M) | Envir/NPCs/GM/GM-Armour.txt:112:OmaKingRobe(M)
Item	389	OmaKingRobe(F)	3	3	Envir/Drops,Envir/NPCs	Medium	Envir/Drops/BichonProvince/OmaCave/OmaKingSpirit.txt:76:1/500 OmaKingRobe(F) | Envir/Drops/PastBichon/OmaValley/OmaKing.txt:76:1/500 OmaKingRobe(F) | Envir/NPCs/GM/GM-Armour.txt:113:OmaKingRobe(F)
Item	395	ParalysisRing	43	29	Envir/Drops,Envir/NPCs	Medium	Envir/Drops/AncientCaves/Ancient_BoneLord.txt:132:1/4000 ParalysisRing | Envir/Drops/AncientCaves/Ancient_RedThunderZuma.txt:103:1/40000 ParalysisRing | Envir/Drops/AncientCaves/Prajna/Ancient_BoneLord.txt:132:1/4000 ParalysisRing | Envir/Drops/AncientCaves/ZumaTemple/Ancient_RedThunderZuma.txt:103:1/40000 ParalysisRing | Envir/Drops/BichonProvince/OmaCave/OmaKingSpirit.txt:118:1/5000 ParalysisRing
Item	396	TeleportRing	30	16	Envir/Drops,Envir/NPCs	Medium	Envir/Drops/AncientCaves/Ancient_WoomaTaurus.txt:86:1/12000 TeleportRing | Envir/Drops/AncientCaves/WoomaTemple/Ancient_WoomaTaurus.txt:86:1/12000 TeleportRing | Envir/Drops/BichonProvince/OmaCave/OmaKingSpirit.txt:120:1/2500 TeleportRing | Envir/Drops/Castle-Gi/BDD/DarkDevil.txt:99:1/7000 TeleportRing | Envir/Drops/DarkWargKing.txt:82:1/1320 TeleportRing LV1
Item	397	ClearRing	30	16	Envir/Drops,Envir/NPCs	Medium	Envir/Drops/AncientCaves/Ancient_RedThunderZuma.txt:104:1/4000 ClearRing | Envir/Drops/AncientCaves/ZumaTemple/Ancient_RedThunderZuma.txt:104:1/4000 ClearRing | Envir/Drops/DarkWargKing.txt:80:1/760 ClearRing LV1 | Envir/Drops/DarkWargKing.txt:249:1/760 ClearRing LV2 | Envir/Drops/DarkWargKing.txt:418:1/760 ClearRing LV3
Item	398	ProtectionRing	48	28	Envir/Drops,Envir/NPCs	Medium	Envir/Drops/AncientCaves/Ancient_BoneLord.txt:131:1/4000 ProtectionRing | Envir/Drops/AncientCaves/Ancient_RedThunderZuma.txt:101:1/40000 ProtectionRing | Envir/Drops/AncientCaves/Ancient_RedThunderZuma.txt:102:1/40000 ProtectionRing | Envir/Drops/AncientCaves/Prajna/Ancient_BoneLord.txt:131:1/4000 ProtectionRing | Envir/Drops/AncientCaves/ZumaTemple/Ancient_RedThunderZuma.txt:101:1/40000 ProtectionRing
Item	399	RevivalRing	32	18	Envir/Drops,Envir/NPCs	Medium	Envir/Drops/AncientCaves/Ancient_RedThunderZuma.txt:100:1/40000 RevivalRing | Envir/Drops/AncientCaves/ZumaTemple/Ancient_RedThunderZuma.txt:100:1/40000 RevivalRing | Envir/Drops/BichonProvince/OmaCave/OmaKingSpirit.txt:119:1/3000 RevivalRing | Envir/Drops/DarkWargKing.txt:79:1/820 RevivalRing LV1 | Envir/Drops/DarkWargKing.txt:248:1/820 RevivalRing LV2
Item	400	MuscleRing	10	10	Envir/Drops,Envir/NPCs	Medium	Envir/Drops/AncientCaves/Ancient_WoomaTaurus.txt:85:1/12000 MuscleRing | Envir/Drops/AncientCaves/WoomaTemple/Ancient_WoomaTaurus.txt:85:1/12000 MuscleRing | Envir/Drops/GreatFoxSpirit.txt:69:1/500 MuscleRing | Envir/Drops/MongchonProvince/BugCave/EvilCentipede.txt:60:1/5000 MuscleRing | Envir/Drops/PranjaIsland/PranjaTemple/MinotaurKing.txt:150:1/500 MuscleRing
Item	401	FlameRing	39	25	Envir/Drops,Envir/NPCs	Medium	Envir/Drops/AncientCaves/Ancient_KingHog.txt:112:1/150 FlameRing | Envir/Drops/AncientCaves/Ancient_RedThunderZuma.txt:98:1/4000 FlameRing | Envir/Drops/AncientCaves/Ancient_WhiteBoar.txt:79:1/500 FlameRing | Envir/Drops/AncientCaves/StoneTemple/Ancient_KingHog.txt:112:1/150 FlameRing | Envir/Drops/AncientCaves/StoneTemple/Ancient_WhiteBoar.txt:79:1/500 FlameRing
Item	402	RecoveryRing	13	13	Envir/Drops,Envir/NPCs	Medium	Envir/Drops/AncientCaves/Ancient_RedThunderZuma.txt:99:1/4000 RecoveryRing | Envir/Drops/AncientCaves/ZumaTemple/Ancient_RedThunderZuma.txt:99:1/4000 RecoveryRing | Envir/Drops/GreatFoxSpirit.txt:68:1/500 RecoveryRing | Envir/Drops/HellDestroyer.txt:109:1/4000 RecoveryRing | Envir/Drops/MongchonProvince/BugCave/EvilCentipede.txt:62:1/1000 RecoveryRing
Item	403	HardenedRing	2	2	Envir/Drops,Envir/NPCs	Medium	Envir/Drops/PranjaIsland/PranjaTemple/MinotaurKing.txt:153:1/1000 HardenedRing | Envir/NPCs/GM/GM-Ring.txt:74:HardenedRing
Item	404	CopperRing	62	62	Envir/Drops,Envir/NPCs,Envir/Quests	Medium	Envir/Drops/AncientCaves/Ancient_AxeSkeleton.txt:57:1/50 CopperRing | Envir/Drops/AncientCaves/Ancient_AxeSkeleton0.txt:57:1/5 CopperRing | Envir/Drops/AncientCaves/Ancient_BoneFighter.txt:57:1/50 CopperRing | Envir/Drops/AncientCaves/Ancient_BoneFighter0.txt:57:1/5 CopperRing | Envir/Drops/AncientCaves/Ancient_BoneWarrior.txt:57:1/50 CopperRing
Item	405	HexagonalRing	60	60	Envir/Drops,Envir/NPCs	Medium	Envir/Drops/AncientCaves/Ancient_AxeSkeleton.txt:59:1/80 HexagonalRing | Envir/Drops/AncientCaves/Ancient_AxeSkeleton0.txt:59:1/8 HexagonalRing | Envir/Drops/AncientCaves/Ancient_BoneFighter.txt:59:1/80 HexagonalRing | Envir/Drops/AncientCaves/Ancient_BoneFighter0.txt:59:1/8 HexagonalRing | Envir/Drops/AncientCaves/Ancient_BoneWarrior.txt:59:1/80 HexagonalRing
Item	406	GlassRing	60	60	Envir/Drops,Envir/NPCs	Medium	Envir/Drops/AncientCaves/Ancient_AxeSkeleton.txt:60:1/80 GlassRing | Envir/Drops/AncientCaves/Ancient_AxeSkeleton0.txt:60:1/8 GlassRing | Envir/Drops/AncientCaves/Ancient_BoneFighter.txt:60:1/80 GlassRing | Envir/Drops/AncientCaves/Ancient_BoneFighter0.txt:60:1/8 GlassRing | Envir/Drops/AncientCaves/Ancient_BoneWarrior.txt:60:1/80 GlassRing
Item	407	HornRing	72	72	Envir/Drops,Envir/NPCs	Medium	Envir/Drops/AncientCaves/Ancient_AxeSkeleton.txt:58:1/80 HornRing | Envir/Drops/AncientCaves/Ancient_AxeSkeleton0.txt:58:1/8 HornRing | Envir/Drops/AncientCaves/Ancient_BoneFighter.txt:58:1/80 HornRing | Envir/Drops/AncientCaves/Ancient_BoneFighter0.txt:58:1/8 HornRing | Envir/Drops/AncientCaves/Ancient_BoneWarrior.txt:58:1/80 HornRing
Item	408	IronRing	174	174	Envir/Drops,Envir/NPCs	Medium	Envir/Drops/AncientCaves/Ancient_BlackBoar.txt:58:1/300 IronRing | Envir/Drops/AncientCaves/Ancient_BlackBoar0.txt:58:1/30 IronRing | Envir/Drops/AncientCaves/Ancient_BlackMaggot.txt:55:1/500 IronRing | Envir/Drops/AncientCaves/Ancient_BlackMaggot0.txt:55:1/50 IronRing | Envir/Drops/AncientCaves/Ancient_FlamingWooma.txt:55:1/1000 IronRing
Item	409	WhiteJadeRing	23	23	Envir/Drops,Envir/NPCs	Medium	Envir/Drops/TaoVillage/MineralMines/CursedPriest.txt:49:1/500 WhiteJadeRing | Envir/Drops/TaoVillage/MineralMines/GreatGhoul.txt:81:1/50 WhiteJadeRing | Envir/NPCs/BichonProvince/BichonWall/Ring-0105.txt:51:WhiteJadeRing | Envir/NPCs/BichonProvince/BichonWall/Ring.txt:52:WhiteJadeRing | Envir/NPCs/BichonProvince/BorderVillage/Ring-0141.txt:51:WhiteJadeRing
Item	410	BlueRing	133	126	Envir/Drops,Envir/NPCs,Envir/Recipe	Medium	Envir/Drops/AncientCaves/Ancient_AxeSkeleton.txt:61:1/200 BlueRing | Envir/Drops/AncientCaves/Ancient_AxeSkeleton0.txt:61:1/20 BlueRing | Envir/Drops/AncientCaves/Ancient_BoneElite.txt:51:1/10 BlueRing | Envir/Drops/AncientCaves/Ancient_BoneFighter.txt:61:1/200 BlueRing | Envir/Drops/AncientCaves/Ancient_BoneFighter0.txt:61:1/20 BlueRing
Item	411	GaleRing	188	176	Envir/Drops,Envir/NPCs	Medium	Envir/Drops/AncientCaves/Ancient_BlackBoar.txt:64:1/8000 GaleRing | Envir/Drops/AncientCaves/Ancient_BlackBoar0.txt:64:1/800 GaleRing | Envir/Drops/AncientCaves/Ancient_BlackMaggot.txt:60:1/20000 GaleRing | Envir/Drops/AncientCaves/Ancient_BlackMaggot0.txt:60:1/2000 GaleRing | Envir/Drops/AncientCaves/Ancient_BoneCaptain.txt:84:1/10000 GaleRing
Item	412	SkeletonRing	220	213	Envir/Drops,Envir/NPCs	Medium	Envir/Drops/AncientCaves/Ancient_AxeSkeleton.txt:65:1/300 SkeletonRing | Envir/Drops/AncientCaves/Ancient_AxeSkeleton0.txt:65:1/30 SkeletonRing | Envir/Drops/AncientCaves/Ancient_BlackBoar.txt:59:1/300 SkeletonRing | Envir/Drops/AncientCaves/Ancient_BlackBoar0.txt:59:1/30 SkeletonRing | Envir/Drops/AncientCaves/Ancient_BlackMaggot.txt:54:1/500 SkeletonRing
Item	413	BlackRing	256	249	Envir/Drops,Envir/NPCs	Medium	Envir/Drops/AncientCaves/Ancient_AxeSkeleton.txt:62:1/300 BlackRing | Envir/Drops/AncientCaves/Ancient_AxeSkeleton0.txt:62:1/30 BlackRing | Envir/Drops/AncientCaves/Ancient_BlackBoar.txt:54:1/200 BlackRing | Envir/Drops/AncientCaves/Ancient_BlackBoar0.txt:54:1/20 BlackRing | Envir/Drops/AncientCaves/Ancient_BlackMaggot.txt:50:1/200 BlackRing
Item	414	SerpentEyeRing	257	250	Envir/Drops,Envir/NPCs,Envir/Recipe	Medium	Envir/Drops/AncientCaves/Ancient_AxeSkeleton.txt:63:1/300 SerpentEyeRing | Envir/Drops/AncientCaves/Ancient_AxeSkeleton0.txt:63:1/30 SerpentEyeRing | Envir/Drops/AncientCaves/Ancient_BlackBoar.txt:55:1/200 SerpentEyeRing | Envir/Drops/AncientCaves/Ancient_BlackBoar0.txt:55:1/20 SerpentEyeRing | Envir/Drops/AncientCaves/Ancient_BlackMaggot.txt:51:1/200 SerpentEyeRing
Item	415	PearlRing	256	249	Envir/Drops,Envir/NPCs	Medium	Envir/Drops/AncientCaves/Ancient_AxeSkeleton.txt:64:1/300 PearlRing | Envir/Drops/AncientCaves/Ancient_AxeSkeleton0.txt:64:1/30 PearlRing | Envir/Drops/AncientCaves/Ancient_BlackBoar.txt:56:1/200 PearlRing | Envir/Drops/AncientCaves/Ancient_BlackBoar0.txt:56:1/20 PearlRing | Envir/Drops/AncientCaves/Ancient_BlackMaggot.txt:52:1/200 PearlRing
Item	416	GoldRing	194	187	Envir/Drops,Envir/NPCs	Medium	Envir/Drops/AncientCaves/Ancient_BlackBoar.txt:57:1/200 GoldRing | Envir/Drops/AncientCaves/Ancient_BlackBoar0.txt:57:1/20 GoldRing | Envir/Drops/AncientCaves/Ancient_BlackMaggot.txt:53:1/200 GoldRing | Envir/Drops/AncientCaves/Ancient_BlackMaggot0.txt:53:1/20 GoldRing | Envir/Drops/AncientCaves/Ancient_BoneArcher.txt:22:1/80 GoldRing
Item	417	CharmRing	205	198	Envir/Drops,Envir/NPCs	Medium	Envir/Drops/AncientCaves/Ancient_BlackBoar.txt:60:1/400 CharmRing | Envir/Drops/AncientCaves/Ancient_BlackBoar0.txt:60:1/40 CharmRing | Envir/Drops/AncientCaves/Ancient_BlackMaggot.txt:56:1/600 CharmRing | Envir/Drops/AncientCaves/Ancient_BlackMaggot0.txt:56:1/60 CharmRing | Envir/Drops/AncientCaves/Ancient_BoneBlademan.txt:68:1/40 CharmRing
Item	418	MoralRing	213	206	Envir/Drops,Envir/NPCs	Medium	Envir/Drops/AncientCaves/Ancient_BlackBoar.txt:61:1/400 MoralRing | Envir/Drops/AncientCaves/Ancient_BlackBoar0.txt:61:1/40 MoralRing | Envir/Drops/AncientCaves/Ancient_BlackMaggot.txt:57:1/600 MoralRing | Envir/Drops/AncientCaves/Ancient_BlackMaggot0.txt:57:1/60 MoralRing | Envir/Drops/AncientCaves/Ancient_BoneBlademan.txt:67:1/40 MoralRing
Item	419	ExpelRing	227	206	Envir/Drops,Envir/NPCs	Medium	Envir/Drops/AncientCaves/Ancient_BlackBoar.txt:62:1/1500 ExpelRing | Envir/Drops/AncientCaves/Ancient_BlackBoar0.txt:62:1/150 ExpelRing | Envir/Drops/AncientCaves/Ancient_BlackMaggot.txt:58:1/6000 ExpelRing | Envir/Drops/AncientCaves/Ancient_BlackMaggot0.txt:58:1/600 ExpelRing | Envir/Drops/AncientCaves/Ancient_BoneArcher.txt:25:1/100 ExpelRing
Item	420	CoralRing	206	192	Envir/Drops,Envir/NPCs	Medium	Envir/Drops/AncientCaves/Ancient_BlackBoar.txt:63:1/1500 CoralRing | Envir/Drops/AncientCaves/Ancient_BlackBoar0.txt:63:1/150 CoralRing | Envir/Drops/AncientCaves/Ancient_BlackMaggot.txt:59:1/6000 CoralRing | Envir/Drops/AncientCaves/Ancient_BlackMaggot0.txt:59:1/600 CoralRing | Envir/Drops/AncientCaves/Ancient_BoneArcher.txt:24:1/110 CoralRing
Item	421	RubyRing	157	122	Envir/Drops,Envir/NPCs	Medium	Envir/Drops/AncientCaves/Ancient_AxeSkeleton.txt:66:1/3000 RubyRing | Envir/Drops/AncientCaves/Ancient_AxeSkeleton0.txt:66:1/300 RubyRing | Envir/Drops/AncientCaves/Ancient_BoneCaptain.txt:82:1/1800 RubyRing | Envir/Drops/AncientCaves/Ancient_BoneFighter.txt:66:1/3000 RubyRing | Envir/Drops/AncientCaves/Ancient_BoneFighter0.txt:66:1/300 RubyRing
Item	422	PlatinumRing	157	122	Envir/Drops,Envir/NPCs	Medium	Envir/Drops/AncientCaves/Ancient_AxeSkeleton.txt:68:1/3000 PlatinumRing | Envir/Drops/AncientCaves/Ancient_AxeSkeleton0.txt:68:1/300 PlatinumRing | Envir/Drops/AncientCaves/Ancient_BoneCaptain.txt:83:1/1800 PlatinumRing | Envir/Drops/AncientCaves/Ancient_BoneFighter.txt:68:1/3000 PlatinumRing | Envir/Drops/AncientCaves/Ancient_BoneFighter0.txt:68:1/300 PlatinumRing
Item	423	DragonRing	157	122	Envir/Drops,Envir/NPCs	Medium	Envir/Drops/AncientCaves/Ancient_AxeSkeleton.txt:67:1/3000 DragonRing | Envir/Drops/AncientCaves/Ancient_AxeSkeleton0.txt:67:1/300 DragonRing | Envir/Drops/AncientCaves/Ancient_BoneCaptain.txt:81:1/1800 DragonRing | Envir/Drops/AncientCaves/Ancient_BoneFighter.txt:67:1/3000 DragonRing | Envir/Drops/AncientCaves/Ancient_BoneFighter0.txt:67:1/300 DragonRing
Item	424	EvilSlayerRing	64	57	Envir/Drops,Envir/NPCs	Medium	Envir/Drops/AncientCaves/Ancient_BoneArcher.txt:27:1/500 EvilSlayerRing | Envir/Drops/AncientCaves/Prajna/Ancient_BoneArcher.txt:27:1/500 EvilSlayerRing | Envir/Drops/Frozen_Taurus.txt:146:1/15 EvilSlayerRing LV1 | Envir/Drops/Frozen_Taurus.txt:412:1/15 EvilSlayerRing LV2 | Envir/Drops/Frozen_Taurus.txt:679:1/15 EvilSlayerRing LV3
Item	425	JadeSnowRing	48	41	Envir/Drops,Envir/NPCs	Medium	Envir/Drops/AncientCaves/Ancient_BoneArcher.txt:28:1/500 JadeSnowRing | Envir/Drops/AncientCaves/Prajna/Ancient_BoneArcher.txt:28:1/500 JadeSnowRing | Envir/Drops/Frozen_Taurus.txt:149:1/15 JadeSnowRing LV1 | Envir/Drops/Frozen_Taurus.txt:415:1/15 JadeSnowRing LV2 | Envir/Drops/Frozen_Taurus.txt:682:1/15 JadeSnowRing LV3
Item	426	TwinGoldRing	40	33	Envir/Drops,Envir/NPCs	Medium	Envir/Drops/AncientCaves/Ancient_BoneArcher.txt:26:1/500 TwinGoldRing | Envir/Drops/AncientCaves/Prajna/Ancient_BoneArcher.txt:26:1/500 TwinGoldRing | Envir/Drops/Frozen_Taurus.txt:143:1/20 TwinGoldRing LV1 | Envir/Drops/Frozen_Taurus.txt:409:1/20 TwinGoldRing LV2 | Envir/Drops/Frozen_Taurus.txt:676:1/20 TwinGoldRing LV3
Item	427	PowerRing	101	73	Envir/Drops,Envir/NPCs	Medium	Envir/Drops/AncientCaves/Ancient_BoneLord.txt:119:1/50 PowerRing | Envir/Drops/AncientCaves/Ancient_RedThunderZuma.txt:95:1/95 PowerRing | Envir/Drops/AncientCaves/Ancient_WhiteEvilBoar.txt:92:1/100 PowerRing | Envir/Drops/AncientCaves/Ancient_WoomaGuardian.txt:91:1/300 PowerRing | Envir/Drops/AncientCaves/Ancient_WoomaTaurus.txt:95:1/100 PowerRing
Item	428	VioletRing	109	74	Envir/Drops,Envir/NPCs	Medium	Envir/Drops/AncientCaves/Ancient_BoneLord.txt:120:1/50 VioletRing | Envir/Drops/AncientCaves/Ancient_RedThunderZuma.txt:96:1/95 VioletRing | Envir/Drops/AncientCaves/Ancient_WhiteEvilBoar.txt:93:1/100 VioletRing | Envir/Drops/AncientCaves/Ancient_WoomaGuardian.txt:92:1/300 VioletRing | Envir/Drops/AncientCaves/Ancient_WoomaTaurus.txt:96:1/100 VioletRing
Item	429	TitanRing	109	74	Envir/Drops,Envir/NPCs	Medium	Envir/Drops/AncientCaves/Ancient_BoneLord.txt:121:1/50 TitanRing | Envir/Drops/AncientCaves/Ancient_RedThunderZuma.txt:97:1/95 TitanRing | Envir/Drops/AncientCaves/Ancient_WhiteEvilBoar.txt:94:1/100 TitanRing | Envir/Drops/AncientCaves/Ancient_WoomaGuardian.txt:93:1/300 TitanRing | Envir/Drops/AncientCaves/Ancient_WoomaTaurus.txt:97:1/100 TitanRing
Item	430	BoundlessRing	150	59	Envir/Drops,Envir/NPCs	Medium	Envir/Drops/AncientCaves/Ancient_BoneLord.txt:125:1/250 BoundlessRing | Envir/Drops/AncientCaves/Ancient_WhiteEvilBoar.txt:101:1/500 BoundlessRing | Envir/Drops/AncientCaves/Prajna/Ancient_BoneLord.txt:125:1/250 BoundlessRing | Envir/Drops/AncientCaves/StoneTemple/Ancient_WhiteEvilBoar.txt:101:1/500 BoundlessRing | Envir/Drops/BichonProvince/OmaCave/OmaKingSpirit.txt:127:1/70 BoundlessRing
Item	431	ThunderRing	149	65	Envir/Drops,Envir/NPCs	Medium	Envir/Drops/AncientCaves/Ancient_BoneLord.txt:126:1/250 ThunderRing | Envir/Drops/AncientCaves/Ancient_WhiteEvilBoar.txt:100:1/500 ThunderRing | Envir/Drops/AncientCaves/Prajna/Ancient_BoneLord.txt:126:1/250 ThunderRing | Envir/Drops/AncientCaves/StoneTemple/Ancient_WhiteEvilBoar.txt:100:1/500 ThunderRing | Envir/Drops/BichonProvince/OmaCave/OmaKingSpirit.txt:128:1/70 ThunderRing
Item	432	TaeGukRing	142	58	Envir/Drops,Envir/NPCs	Medium	Envir/Drops/AncientCaves/Ancient_BoneLord.txt:127:1/250 TaeGukRing | Envir/Drops/AncientCaves/Ancient_WhiteEvilBoar.txt:99:1/500 TaeGukRing | Envir/Drops/AncientCaves/Prajna/Ancient_BoneLord.txt:127:1/250 TaeGukRing | Envir/Drops/AncientCaves/StoneTemple/Ancient_WhiteEvilBoar.txt:99:1/500 TaeGukRing | Envir/Drops/BichonProvince/OmaCave/OmaKingSpirit.txt:129:1/70 TaeGukRing
Item	433	OmaSpiritRing	152	68	Envir/Drops,Envir/NPCs	Medium	Envir/Drops/AncientCaves/Ancient_BoneLord.txt:122:1/100 OmaSpiritRing | Envir/Drops/AncientCaves/Ancient_WhiteEvilBoar.txt:97:1/400 OmaSpiritRing | Envir/Drops/AncientCaves/Ancient_ZumaTaurus.txt:142:1/300 OmaSpiritRing | Envir/Drops/AncientCaves/Prajna/Ancient_BoneLord.txt:122:1/100 OmaSpiritRing | Envir/Drops/AncientCaves/StoneTemple/Ancient_WhiteEvilBoar.txt:97:1/400 OmaSpiritRing
Item	434	NobleRing	159	75	Envir/Drops,Envir/NPCs	Medium	Envir/Drops/AncientCaves/Ancient_BoneLord.txt:123:1/100 NobleRing | Envir/Drops/AncientCaves/Ancient_WhiteEvilBoar.txt:95:1/400 NobleRing | Envir/Drops/AncientCaves/Ancient_ZumaTaurus.txt:141:1/300 NobleRing | Envir/Drops/AncientCaves/Prajna/Ancient_BoneLord.txt:123:1/100 NobleRing | Envir/Drops/AncientCaves/StoneTemple/Ancient_WhiteEvilBoar.txt:95:1/400 NobleRing
Item	435	SoulRing	159	75	Envir/Drops,Envir/NPCs	Medium	Envir/Drops/AncientCaves/Ancient_BoneLord.txt:124:1/100 SoulRing | Envir/Drops/AncientCaves/Ancient_WhiteEvilBoar.txt:96:1/400 SoulRing | Envir/Drops/AncientCaves/Ancient_ZumaTaurus.txt:144:1/300 SoulRing | Envir/Drops/AncientCaves/Prajna/Ancient_BoneLord.txt:124:1/100 SoulRing | Envir/Drops/AncientCaves/StoneTemple/Ancient_WhiteEvilBoar.txt:96:1/400 SoulRing
Item	436	PledgeRing	81	31	Envir/Drops,Envir/NPCs	High	Envir/Drops/BearMinotaur.txt:85:1/50 PledgeRing | Envir/Drops/BearMinotaur20.txt:85:1/50 PledgeRing LV1 | Envir/Drops/BearMinotaur20.txt:372:1/50 PledgeRing LV2 | Envir/Drops/BearMinotaur20.txt:661:1/50 PledgeRing LV3 | Envir/Drops/BearMinotaur20.txt:949:1/50 PledgeRing LV4
Item	437	CrimsonRubyRing	80	31	Envir/Drops,Envir/NPCs	High	Envir/Drops/BearMinotaur.txt:87:1/50 CrimsonRubyRing | Envir/Drops/BearMinotaur20.txt:87:1/50 CrimsonRubyRing LV1 | Envir/Drops/BearMinotaur20.txt:374:1/50 CrimsonRubyRing LV2 | Envir/Drops/BearMinotaur20.txt:663:1/50 CrimsonRubyRing LV3 | Envir/Drops/BearMinotaur20.txt:951:1/50 CrimsonRubyRing LV4
Item	438	FiveElementRing	80	31	Envir/Drops,Envir/NPCs	High	Envir/Drops/BearMinotaur.txt:86:1/50 FiveElementRing | Envir/Drops/BearMinotaur20.txt:86:1/50 FiveElementRing LV1 | Envir/Drops/BearMinotaur20.txt:373:1/50 FiveElementRing LV2 | Envir/Drops/BearMinotaur20.txt:662:1/50 FiveElementRing LV3 | Envir/Drops/BearMinotaur20.txt:950:1/50 FiveElementRing LV4
Item	439	GoldDragonRing	76	27	Envir/Drops,Envir/NPCs	Medium	Envir/Drops/AncientCaves/Ancient_FlyingStatue.txt:66:1/155 GoldDragonRing | Envir/Drops/AncientCaves/Ancient_StoningStatue.txt:67:1/155 GoldDragonRing | Envir/Drops/BearMinotaur.txt:90:1/155 GoldDragonRing | Envir/Drops/BearMinotaur20.txt:90:1/155 GoldDragonRing LV1 | Envir/Drops/BearMinotaur20.txt:377:1/155 GoldDragonRing LV2
Item	440	DemonRubyRing	76	27	Envir/Drops,Envir/NPCs	Medium	Envir/Drops/AncientCaves/Ancient_FlyingStatue.txt:64:1/155 DemonRubyRing | Envir/Drops/AncientCaves/Ancient_StoningStatue.txt:65:1/155 DemonRubyRing | Envir/Drops/BearMinotaur.txt:88:1/105 DemonRubyRing | Envir/Drops/BearMinotaur20.txt:88:1/105 DemonRubyRing LV1 | Envir/Drops/BearMinotaur20.txt:375:1/105 DemonRubyRing LV2
Item	441	EvilExpelRing	76	27	Envir/Drops,Envir/NPCs	Medium	Envir/Drops/AncientCaves/Ancient_FlyingStatue.txt:65:1/155 EvilExpelRing | Envir/Drops/AncientCaves/Ancient_StoningStatue.txt:66:1/155 EvilExpelRing | Envir/Drops/BearMinotaur.txt:89:1/105 EvilExpelRing | Envir/Drops/BearMinotaur20.txt:89:1/105 EvilExpelRing LV1 | Envir/Drops/BearMinotaur20.txt:376:1/105 EvilExpelRing LV2
Item	442	PurpleFoxRing	2	2	Envir/Drops,Envir/NPCs	Medium	Envir/Drops/GreatFoxSpirit.txt:75:1/110 PurpleFoxRing | Envir/NPCs/GM/GM-Ring.txt:113:PurpleFoxRing
Item	443	RedFoxRing	2	2	Envir/Drops,Envir/NPCs	Medium	Envir/Drops/GreatFoxSpirit.txt:76:1/110 RedFoxRing | Envir/NPCs/GM/GM-Ring.txt:114:RedFoxRing
Item	444	BlueFoxRing	10	10	Envir/Drops,Envir/NPCs	Medium	Envir/Drops/GreatFoxSpirit.txt:77:1/110 BlueFoxRing | Envir/Drops/MongchonProvince/Fox/WhiteFoxMan.txt:20:1/120 BlueFoxRing | Envir/Drops/Unused/HellFire/HellBomb1.txt:20:1/120 BlueFoxRing | Envir/Drops/Unused/HellFire/HellBomb2.txt:20:1/120 BlueFoxRing | Envir/Drops/Unused/HellFire/HellBomb3.txt:20:1/120 BlueFoxRing
Item	445	GreatPurpleFoxRing	2	2	Envir/Drops,Envir/NPCs	Medium	Envir/Drops/GreatFoxSpirit.txt:78:1/180 GreatPurpleFoxRing | Envir/NPCs/GM/GM-Ring.txt:116:GreatPurpleFoxRing
Item	446	GreatRedFoxRing	2	2	Envir/Drops,Envir/NPCs	Medium	Envir/Drops/GreatFoxSpirit.txt:79:1/180 GreatRedFoxRing | Envir/NPCs/GM/GM-Ring.txt:117:GreatRedFoxRing
Item	447	GreatBlueFoxRing	2	2	Envir/Drops,Envir/NPCs	Medium	Envir/Drops/GreatFoxSpirit.txt:80:1/180 GreatBlueFoxRing | Envir/NPCs/GM/GM-Ring.txt:118:GreatBlueFoxRing
Item	448	SurvivalRing	3	3	Envir/Drops,Envir/NPCs	Medium	Envir/Drops/AncientCaves/Ancient_ZumaTaurus.txt:150:1/320 SurvivalRing | Envir/Drops/AncientCaves/ZumaTemple/Ancient_ZumaTaurus.txt:133:1/320 SurvivalRing | Envir/NPCs/GM/GM-Ring.txt:119:SurvivalRing
Item	449	SealRing	3	3	Envir/Drops,Envir/NPCs	Medium	Envir/Drops/DeadForest/Ruins/AncBringer.txt:108:1/450 SealRing | Envir/Drops/Unused/DeadForest/AncBringer.txt:108:1/450 SealRing | Envir/NPCs/GM/GM-Ring.txt:120:SealRing
Item	450	TajiRing	3	3	Envir/Drops,Envir/NPCs	Medium	Envir/Drops/DeadForest/Ruins/AncBringer.txt:109:1/300 TajiRing | Envir/Drops/Unused/DeadForest/AncBringer.txt:109:1/300 TajiRing | Envir/NPCs/GM/GM-Ring.txt:121:TajiRing
Item	451	CraftRing1	1	1	Envir/NPCs	Medium	Envir/NPCs/GM/GM-Ring.txt:122:CraftRing1
Item	452	CraftRing2	1	1	Envir/NPCs	Medium	Envir/NPCs/GM/GM-Ring.txt:123:CraftRing2
Item	453	CraftRing3	1	1	Envir/NPCs	Medium	Envir/NPCs/GM/GM-Ring.txt:124:CraftRing3
Item	454	CraftRing4	1	1	Envir/NPCs	Medium	Envir/NPCs/GM/GM-Ring.txt:125:CraftRing4
Item	455	CraftRing5	1	1	Envir/NPCs	Medium	Envir/NPCs/GM/GM-Ring.txt:126:CraftRing5
Item	456	CraftRing6	1	1	Envir/NPCs	Medium	Envir/NPCs/GM/GM-Ring.txt:127:CraftRing6
Item	457	CraftRing7	1	1	Envir/NPCs	Medium	Envir/NPCs/GM/GM-Ring.txt:128:CraftRing7
Item	458	CraftRing8	1	1	Envir/NPCs	Medium	Envir/NPCs/GM/GM-Ring.txt:129:CraftRing8
Item	459	CraftRing9	1	1	Envir/NPCs	Medium	Envir/NPCs/GM/GM-Ring.txt:130:CraftRing9
Item	460	CraftRing10	1	1	Envir/NPCs	Medium	Envir/NPCs/GM/GM-Ring.txt:131:CraftRing10
Item	461	RedDemonRing	45	21	Envir/Drops,Envir/NPCs	Medium	Envir/Drops/AncientCaves/Ancient_FlyingStatue.txt:67:1/620 RedDemonRing | Envir/Drops/AncientCaves/Ancient_FlyingStatue.txt:70:1/800 (H)RedDemonRing | Envir/Drops/AncientCaves/Ancient_StoningStatue.txt:68:1/620 RedDemonRing | Envir/Drops/AncientCaves/Ancient_StoningStatue.txt:71:1/800 (H)RedDemonRing | Envir/Drops/BearMinotaur.txt:146:1/100 (H)RedDemonRing
Item	462	CloudRing	45	21	Envir/Drops,Envir/NPCs	Medium	Envir/Drops/AncientCaves/Ancient_FlyingStatue.txt:68:1/620 CloudRing | Envir/Drops/AncientCaves/Ancient_FlyingStatue.txt:71:1/800 (H)CloudRing | Envir/Drops/AncientCaves/Ancient_StoningStatue.txt:69:1/620 CloudRing | Envir/Drops/AncientCaves/Ancient_StoningStatue.txt:72:1/800 (H)CloudRing | Envir/Drops/BearMinotaur.txt:147:1/100 (H)CloudRing
Item	463	PoisonRing	45	21	Envir/Drops,Envir/NPCs	Medium	Envir/Drops/AncientCaves/Ancient_FlyingStatue.txt:69:1/620 PoisonRing | Envir/Drops/AncientCaves/Ancient_FlyingStatue.txt:72:1/800 (H)PoisonRing | Envir/Drops/AncientCaves/Ancient_StoningStatue.txt:70:1/620 PoisonRing | Envir/Drops/AncientCaves/Ancient_StoningStatue.txt:73:1/800 (H)PoisonRing | Envir/Drops/BearMinotaur.txt:148:1/100 (H)PoisonRing
Item	464	EvilDragonRing	1	1	Envir/NPCs	Medium	Envir/NPCs/GM/GM-Ring.txt:135:EvilDragonRing
Item	470	RDragonRing	1	1	Envir/NPCs	Medium	Envir/NPCs/GM/GM-Ring.txt:136:RDragonRing
Item	476	IronBracelet	38	38	Envir/Drops,Envir/NPCs,Envir/Recipe	Medium	Envir/Drops/Provinces/ForestYeti.txt:44:1/80 IronBracelet | Envir/Drops/Provinces/ForestYeti0.txt:44:1/80 IronBracelet | Envir/Drops/Provinces/HookingCat.txt:36:1/80 IronBracelet | Envir/Drops/Provinces/HookingCat0.txt:36:1/8 IronBracelet | Envir/Drops/Provinces/Keratoid.txt:44:1/80 IronBracelet
Item	477	ThinBracelet	60	60	Envir/Drops,Envir/NPCs	Medium	Envir/Drops/AncientCaves/Ancient_AxeSkeleton.txt:46:1/80 ThinBracelet | Envir/Drops/AncientCaves/Ancient_AxeSkeleton0.txt:46:1/8 ThinBracelet | Envir/Drops/AncientCaves/Ancient_BoneFighter.txt:46:1/80 ThinBracelet | Envir/Drops/AncientCaves/Ancient_BoneFighter0.txt:46:1/8 ThinBracelet | Envir/Drops/AncientCaves/Ancient_BoneWarrior.txt:46:1/80 ThinBracelet
Item	478	LeatherGlove	35	35	Envir/Drops,Envir/NPCs	Medium	Envir/Drops/Provinces/ForestYeti.txt:46:1/300 LeatherGlove | Envir/Drops/Provinces/ForestYeti0.txt:46:1/300 LeatherGlove | Envir/Drops/Provinces/GiantKeratoid.txt:39:1/2 LeatherGlove | Envir/Drops/Provinces/HookingCat.txt:38:1/300 LeatherGlove | Envir/Drops/Provinces/HookingCat0.txt:38:1/30 LeatherGlove
Item	479	SilverBracelet	56	56	Envir/Drops,Envir/NPCs	Medium	Envir/Drops/AncientCaves/Ancient_AxeSkeleton.txt:47:1/150 SilverBracelet | Envir/Drops/AncientCaves/Ancient_AxeSkeleton0.txt:47:1/15 SilverBracelet | Envir/Drops/AncientCaves/Ancient_BoneFighter.txt:47:1/150 SilverBracelet | Envir/Drops/AncientCaves/Ancient_BoneFighter0.txt:47:1/15 SilverBracelet | Envir/Drops/AncientCaves/Ancient_BoneWarrior.txt:47:1/150 SilverBracelet
Item	480	SteelBracelet	77	70	Envir/Drops,Envir/NPCs	Medium	Envir/Drops/AncientCaves/Ancient_AxeSkeleton.txt:49:1/150 SteelBracelet | Envir/Drops/AncientCaves/Ancient_AxeSkeleton0.txt:49:1/15 SteelBracelet | Envir/Drops/AncientCaves/Ancient_BoneFighter.txt:49:1/150 SteelBracelet | Envir/Drops/AncientCaves/Ancient_BoneFighter0.txt:49:1/15 SteelBracelet | Envir/Drops/AncientCaves/Ancient_BoneWarrior.txt:49:1/150 SteelBracelet
Item	481	LargeBracelet	72	72	Envir/Drops,Envir/NPCs	Medium	Envir/Drops/AncientCaves/Ancient_AxeSkeleton.txt:48:1/150 LargeBracelet | Envir/Drops/AncientCaves/Ancient_AxeSkeleton0.txt:48:1/15 LargeBracelet | Envir/Drops/AncientCaves/Ancient_BoneElite.txt:42:1/30 LargeBracelet | Envir/Drops/AncientCaves/Ancient_BoneFighter.txt:48:1/150 LargeBracelet | Envir/Drops/AncientCaves/Ancient_BoneFighter0.txt:48:1/15 LargeBracelet
Item	482	SharpBracelet	29	29	Envir/Drops,Envir/NPCs	Medium	Envir/Drops/AncientCaves/Ancient_AxeSkeleton.txt:54:1/400 SharpBracelet | Envir/Drops/AncientCaves/Ancient_AxeSkeleton0.txt:54:1/40 SharpBracelet | Envir/Drops/AncientCaves/Ancient_BoneBlademan.txt:73:1/100 SharpBracelet | Envir/Drops/AncientCaves/Ancient_BoneElite.txt:48:1/100 SharpBracelet | Envir/Drops/AncientCaves/Ancient_BoneFighter.txt:54:1/400 SharpBracelet
Item	483	HardGlove	263	256	Envir/Drops,Envir/NPCs	Medium	Envir/Drops/AncientCaves/Ancient_AxeSkeleton.txt:51:1/500 HardGlove | Envir/Drops/AncientCaves/Ancient_AxeSkeleton0.txt:51:1/50 HardGlove | Envir/Drops/AncientCaves/Ancient_BlackBoar.txt:46:1/200 HardGlove | Envir/Drops/AncientCaves/Ancient_BlackBoar0.txt:46:1/20 HardGlove | Envir/Drops/AncientCaves/Ancient_BlackMaggot.txt:42:1/200 HardGlove
Item	484	MagicBracelet	263	256	Envir/Drops,Envir/NPCs	Medium	Envir/Drops/AncientCaves/Ancient_AxeSkeleton.txt:50:1/400 MagicBracelet | Envir/Drops/AncientCaves/Ancient_AxeSkeleton0.txt:50:1/40 MagicBracelet | Envir/Drops/AncientCaves/Ancient_BlackBoar.txt:45:1/200 MagicBracelet | Envir/Drops/AncientCaves/Ancient_BlackBoar0.txt:45:1/20 MagicBracelet | Envir/Drops/AncientCaves/Ancient_BlackMaggot.txt:41:1/200 MagicBracelet
Item	485	EvadeBracelet	13	13	Envir/Drops,Envir/NPCs	Medium	Envir/Drops/AncientCaves/Ancient_BoneBlademan.txt:74:1/120 EvadeBracelet | Envir/Drops/AncientCaves/Prajna/Ancient_BoneBlademan.txt:74:1/120 EvadeBracelet | Envir/Drops/PastBichon/OmaValley/CrossbowOma.txt:50:1/300 EvadeBracelet | Envir/Drops/PastBichon/OmaValley/CrossbowOma0.txt:50:1/30 EvadeBracelet | Envir/Drops/PastBichon/OmaValley/WingedOma.txt:53:1/300 EvadeBracelet
Item	486	EbonyBracelet	215	208	Envir/Drops,Envir/NPCs	Medium	Envir/Drops/AncientCaves/Ancient_AxeSkeleton.txt:52:1/300 EbonyBracelet | Envir/Drops/AncientCaves/Ancient_AxeSkeleton0.txt:52:1/30 EbonyBracelet | Envir/Drops/AncientCaves/Ancient_BlackBoar.txt:47:1/200 EbonyBracelet | Envir/Drops/AncientCaves/Ancient_BlackBoar0.txt:47:1/20 EbonyBracelet | Envir/Drops/AncientCaves/Ancient_BlackMaggot.txt:43:1/500 EbonyBracelet
Item	487	MonkBracelet	201	194	Envir/Drops,Envir/NPCs,Envir/Recipe	Medium	Envir/Drops/AncientCaves/Ancient_BlackBoar.txt:48:1/200 MonkBracelet | Envir/Drops/AncientCaves/Ancient_BlackBoar0.txt:48:1/20 MonkBracelet | Envir/Drops/AncientCaves/Ancient_BlackMaggot.txt:44:1/500 MonkBracelet | Envir/Drops/AncientCaves/Ancient_BlackMaggot0.txt:44:1/50 MonkBracelet | Envir/Drops/AncientCaves/Ancient_BoneCaptain.txt:99:1/160 MonkBracelet
Item	488	StrainBracelet	188	181	Envir/Drops,Envir/NPCs	Medium	Envir/Drops/AncientCaves/Ancient_AxeSkeleton.txt:53:1/300 StrainBracelet | Envir/Drops/AncientCaves/Ancient_AxeSkeleton0.txt:53:1/30 StrainBracelet | Envir/Drops/AncientCaves/Ancient_BlackBoar.txt:44:1/200 StrainBracelet | Envir/Drops/AncientCaves/Ancient_BlackBoar0.txt:44:1/20 StrainBracelet | Envir/Drops/AncientCaves/Ancient_BlackMaggot.txt:40:1/200 StrainBracelet
Item	489	DeathGauntlet	209	195	Envir/Drops,Envir/NPCs	Medium	Envir/Drops/AncientCaves/Ancient_BlackBoar.txt:49:1/300 DeathGauntlet | Envir/Drops/AncientCaves/Ancient_BlackBoar0.txt:49:1/30 DeathGauntlet | Envir/Drops/AncientCaves/Ancient_BlackMaggot.txt:45:1/900 DeathGauntlet | Envir/Drops/AncientCaves/Ancient_BlackMaggot0.txt:45:1/90 DeathGauntlet | Envir/Drops/AncientCaves/Ancient_BoneArcher.txt:38:1/60 DeathGauntlet
Item	490	GoldBracelet	205	191	Envir/Drops,Envir/NPCs	Medium	Envir/Drops/AncientCaves/Ancient_BlackBoar.txt:50:1/200 GoldBracelet | Envir/Drops/AncientCaves/Ancient_BlackBoar0.txt:50:1/20 GoldBracelet | Envir/Drops/AncientCaves/Ancient_BlackMaggot.txt:46:1/600 GoldBracelet | Envir/Drops/AncientCaves/Ancient_BlackMaggot0.txt:46:1/60 GoldBracelet | Envir/Drops/AncientCaves/Ancient_BoneArcher.txt:32:1/60 GoldBracelet
Item	491	3rdEyeBracelet	76	48	Envir/Drops,Envir/NPCs	Medium	Envir/Drops/AncientCaves/Ancient_BoneLord.txt:140:1/30 3rdEyeBracelet | Envir/Drops/AncientCaves/Ancient_KingHog.txt:94:1/100 3rdEyeBracelet | Envir/Drops/AncientCaves/Ancient_RedThunderZuma.txt:77:1/40 3rdEyeBracelet | Envir/Drops/AncientCaves/Ancient_RoninGhoul.txt:51:1/400 3rdEyeBracelet | Envir/Drops/AncientCaves/Ancient_ToxicGhoul.txt:45:1/400 3rdEyeBracelet
Item	492	BronzeGlove	152	140	Envir/Drops,Envir/NPCs	Medium	Envir/Drops/AncientCaves/Ancient_BlackBoar.txt:51:1/4000 BronzeGlove | Envir/Drops/AncientCaves/Ancient_BlackBoar0.txt:51:1/400 BronzeGlove | Envir/Drops/AncientCaves/Ancient_BlackMaggot.txt:47:1/10000 BronzeGlove | Envir/Drops/AncientCaves/Ancient_BlackMaggot0.txt:47:1/1000 BronzeGlove | Envir/Drops/AncientCaves/Ancient_BoneSpearman.txt:78:1/550 BronzeGlove
Item	493	SpellBracelet	71	43	Envir/Drops,Envir/NPCs	Medium	Envir/Drops/AncientCaves/Ancient_BoneArcher.txt:34:1/300 SpellBracelet | Envir/Drops/AncientCaves/Ancient_BoneLord.txt:139:1/30 SpellBracelet | Envir/Drops/AncientCaves/Ancient_KingHog.txt:93:1/100 SpellBracelet | Envir/Drops/AncientCaves/Ancient_RedThunderZuma.txt:76:1/40 SpellBracelet | Envir/Drops/AncientCaves/Ancient_WhiteBoar.txt:62:1/250 SpellBracelet
Item	494	KnightBracelet	114	79	Envir/Drops,Envir/NPCs	Medium	Envir/Drops/AncientCaves/Ancient_BoneCaptain.txt:104:1/20000 KnightBracelet | Envir/Drops/AncientCaves/Ancient_BoneLord.txt:135:1/75 KnightBracelet | Envir/Drops/AncientCaves/Ancient_KingHog.txt:96:1/200 KnightBracelet | Envir/Drops/AncientCaves/Ancient_RedThunderZuma.txt:78:1/85 KnightBracelet | Envir/Drops/AncientCaves/Ancient_WhiteBoar.txt:64:1/400 KnightBracelet
Item	495	DragonBracelet	87	66	Envir/Drops,Envir/NPCs	Medium	Envir/Drops/AncientCaves/Ancient_BoneCaptain.txt:103:1/20000 DragonBracelet | Envir/Drops/AncientCaves/Ancient_BoneLord.txt:136:1/75 DragonBracelet | Envir/Drops/AncientCaves/Ancient_KingHog.txt:97:1/200 DragonBracelet | Envir/Drops/AncientCaves/Ancient_RedThunderZuma.txt:79:1/85 DragonBracelet | Envir/Drops/AncientCaves/Ancient_WhiteBoar.txt:65:1/400 DragonBracelet
Item	496	SoulSpringBracelet	89	68	Envir/Drops,Envir/NPCs	Medium	Envir/Drops/AncientCaves/Ancient_BoneCaptain.txt:102:1/20000 SoulSpringBracelet | Envir/Drops/AncientCaves/Ancient_BoneLord.txt:137:1/75 SoulSpringBracelet | Envir/Drops/AncientCaves/Ancient_KingHog.txt:98:1/200 SoulSpringBracelet | Envir/Drops/AncientCaves/Ancient_RedThunderZuma.txt:80:1/85 SoulSpringBracelet | Envir/Drops/AncientCaves/Ancient_WhiteBoar.txt:66:1/400 SoulSpringBracelet
Item	497	BlackIronBracelet	25	25	Envir/Drops,Envir/NPCs	Medium	Envir/Drops/AncientCaves/Ancient_RedThunderZuma.txt:81:1/35 BlackIronBracelet | Envir/Drops/AncientCaves/ZumaTemple/Ancient_RedThunderZuma.txt:81:1/35 BlackIronBracelet | Envir/Drops/Castle-Gi/BDD/DarkDevil.txt:106:1/30 BlackIronBracelet | Envir/Drops/Castle-Gi/BDD/IncarnatedWT.txt:108:1/45 BlackIronBracelet | Envir/Drops/Castle-Gi/BDD/IncarnatedZT.txt:110:1/45 BlackIronBracelet
Item	498	SteelGlove	100	79	Envir/Drops,Envir/NPCs	Medium	Envir/Drops/AncientCaves/Ancient_BoneLord.txt:138:1/55 SteelGlove | Envir/Drops/AncientCaves/Ancient_GiantRat.txt:52:1/20000 SteelGlove | Envir/Drops/AncientCaves/Ancient_GiantRat0.txt:52:1/2000 SteelGlove | Envir/Drops/AncientCaves/Ancient_KingHog.txt:95:1/100 SteelGlove | Envir/Drops/AncientCaves/Ancient_RedThunderZuma.txt:82:1/65 SteelGlove
Item	499	BracerOfMagic	5	5	Envir/Drops,Envir/NPCs	Medium	Envir/Drops/AncientCaves/Ancient_BoneArcher.txt:36:1/400 BracerOfMagic | Envir/Drops/AncientCaves/Prajna/Ancient_BoneArcher.txt:36:1/400 BracerOfMagic | Envir/Drops/PranjaIsland/PranjaStoneCave/BoneArcher.txt:36:1/400 BracerOfMagic | Envir/Drops/PranjaIsland/PranjaStoneCave/BoneArcher0.txt:36:1/40 BracerOfMagic | Envir/NPCs/GM/GM-Bracelet.txt:90:BracerOfMagic
Item	500	TaoPowerBracelet	25	18	Envir/Drops,Envir/NPCs	Medium	Envir/Drops/AncientCaves/Ancient_BoneArcher.txt:35:1/400 TaoPowerBracelet | Envir/Drops/AncientCaves/Prajna/Ancient_BoneArcher.txt:35:1/400 TaoPowerBracelet | Envir/Drops/Frozen_Taurus.txt:133:1/45 TaoPowerBracelet LV1 | Envir/Drops/Frozen_Taurus.txt:399:1/45 TaoPowerBracelet LV2 | Envir/Drops/Frozen_Taurus.txt:666:1/45 TaoPowerBracelet LV3
Item	501	SteelGauntlet	98	35	Envir/Drops,Envir/NPCs	Medium	Envir/Drops/AncientCaves/Ancient_BoneArcher.txt:37:1/600 SteelGauntlet | Envir/Drops/AncientCaves/Ancient_WhiteEvilBoar.txt:81:1/400 SteelGauntlet | Envir/Drops/AncientCaves/Prajna/Ancient_BoneArcher.txt:37:1/600 SteelGauntlet | Envir/Drops/AncientCaves/StoneTemple/Ancient_WhiteEvilBoar.txt:81:1/400 SteelGauntlet | Envir/Drops/CannibalWarg.txt:11:1/22800 SteelGauntlet
Item	502	8TrigramWheel	163	72	Envir/Drops,Envir/NPCs	Medium	Envir/Drops/AncientCaves/Ancient_BoneLord.txt:143:1/100 8TrigramWheel | Envir/Drops/AncientCaves/Ancient_WhiteEvilBoar.txt:82:1/400 8TrigramWheel | Envir/Drops/AncientCaves/Ancient_ZumaTaurus.txt:124:1/300 8TrigramWheel | Envir/Drops/AncientCaves/Prajna/Ancient_BoneLord.txt:143:1/100 8TrigramWheel | Envir/Drops/AncientCaves/StoneTemple/Ancient_WhiteEvilBoar.txt:82:1/400 8TrigramWheel
Item	503	HangMaWheel	163	72	Envir/Drops,Envir/NPCs	Medium	Envir/Drops/AncientCaves/Ancient_BoneLord.txt:141:1/100 HangMaWheel | Envir/Drops/AncientCaves/Ancient_WhiteEvilBoar.txt:83:1/400 HangMaWheel | Envir/Drops/AncientCaves/Ancient_ZumaTaurus.txt:125:1/300 HangMaWheel | Envir/Drops/AncientCaves/Prajna/Ancient_BoneLord.txt:141:1/100 HangMaWheel | Envir/Drops/AncientCaves/StoneTemple/Ancient_WhiteEvilBoar.txt:83:1/400 HangMaWheel
Item	504	BokMaWheel	153	69	Envir/Drops,Envir/NPCs	Medium	Envir/Drops/AncientCaves/Ancient_BoneLord.txt:142:1/100 BokMaWheel | Envir/Drops/AncientCaves/Ancient_ZumaTaurus.txt:126:1/300 BokMaWheel | Envir/Drops/AncientCaves/Prajna/Ancient_BoneLord.txt:142:1/100 BokMaWheel | Envir/Drops/AncientCaves/ZumaTemple/Ancient_ZumaTaurus.txt:115:1/300 BokMaWheel | Envir/Drops/BichonProvince/OmaCave/OmaKingSpirit.txt:141:1/70 BokMaWheel
Item	505	BaekTaGlove	154	63	Envir/Drops,Envir/NPCs	Medium	Envir/Drops/AncientCaves/Ancient_BoneLord.txt:146:1/250 BaekTaGlove | Envir/Drops/AncientCaves/Ancient_WhiteEvilBoar.txt:84:1/500 BaekTaGlove | Envir/Drops/AncientCaves/Prajna/Ancient_BoneLord.txt:146:1/250 BaekTaGlove | Envir/Drops/AncientCaves/StoneTemple/Ancient_WhiteEvilBoar.txt:84:1/500 BaekTaGlove | Envir/Drops/BichonProvince/OmaCave/OmaKingSpirit.txt:142:1/90 BaekTaGlove
Item	506	SpiritReformer	142	58	Envir/Drops,Envir/NPCs	Medium	Envir/Drops/AncientCaves/Ancient_BoneLord.txt:144:1/250 SpiritReformer | Envir/Drops/AncientCaves/Ancient_WhiteEvilBoar.txt:85:1/500 SpiritReformer | Envir/Drops/AncientCaves/Prajna/Ancient_BoneLord.txt:144:1/250 SpiritReformer | Envir/Drops/AncientCaves/StoneTemple/Ancient_WhiteEvilBoar.txt:85:1/500 SpiritReformer | Envir/Drops/BichonProvince/OmaCave/OmaKingSpirit.txt:143:1/90 SpiritReformer
Item	507	HolyTaoWheel	146	62	Envir/Drops,Envir/NPCs	Medium	Envir/Drops/AncientCaves/Ancient_BoneLord.txt:145:1/250 HolyTaoWheel | Envir/Drops/AncientCaves/Ancient_WhiteEvilBoar.txt:86:1/500 HolyTaoWheel | Envir/Drops/AncientCaves/Prajna/Ancient_BoneLord.txt:145:1/250 HolyTaoWheel | Envir/Drops/AncientCaves/StoneTemple/Ancient_WhiteEvilBoar.txt:86:1/500 HolyTaoWheel | Envir/Drops/BichonProvince/OmaCave/OmaKingSpirit.txt:144:1/90 HolyTaoWheel
Item	508	DualTitanAmulet	80	30	Envir/Drops,Envir/NPCs	High	Envir/Drops/BearMinotaur.txt:92:1/50 DualTitanAmulet | Envir/Drops/BearMinotaur20.txt:92:1/50 DualTitanAmulet LV1 | Envir/Drops/BearMinotaur20.txt:379:1/50 DualTitanAmulet LV2 | Envir/Drops/BearMinotaur20.txt:668:1/50 DualTitanAmulet LV3 | Envir/Drops/BearMinotaur20.txt:956:1/50 DualTitanAmulet LV4
Item	509	EvilWhispAmulet	79	30	Envir/Drops,Envir/NPCs	High	Envir/Drops/BearMinotaur.txt:94:1/50 EvilWhispAmulet | Envir/Drops/BearMinotaur20.txt:94:1/50 EvilWhispAmulet LV1 | Envir/Drops/BearMinotaur20.txt:381:1/50 EvilWhispAmulet LV2 | Envir/Drops/BearMinotaur20.txt:670:1/50 EvilWhispAmulet LV3 | Envir/Drops/BearMinotaur20.txt:958:1/50 EvilWhispAmulet LV4
Item	510	SacredAngelAmulet	79	30	Envir/Drops,Envir/NPCs	High	Envir/Drops/BearMinotaur.txt:93:1/50 SacredAngelAmulet | Envir/Drops/BearMinotaur20.txt:93:1/50 SacredAngelAmulet LV1 | Envir/Drops/BearMinotaur20.txt:380:1/50 SacredAngelAmulet LV2 | Envir/Drops/BearMinotaur20.txt:669:1/50 SacredAngelAmulet LV3 | Envir/Drops/BearMinotaur20.txt:957:1/50 SacredAngelAmulet LV4
Item	511	WildTitanAmulet	76	27	Envir/Drops,Envir/NPCs	Medium	Envir/Drops/AncientCaves/Ancient_FlyingStatue.txt:56:1/155 WildTitanAmulet | Envir/Drops/AncientCaves/Ancient_StoningStatue.txt:57:1/155 WildTitanAmulet | Envir/Drops/BearMinotaur.txt:95:1/105 WildTitanAmulet | Envir/Drops/BearMinotaur20.txt:95:1/105 WildTitanAmulet LV1 | Envir/Drops/BearMinotaur20.txt:382:1/105 WildTitanAmulet LV2
Item	512	EnchantedAmulet	76	27	Envir/Drops,Envir/NPCs	Medium	Envir/Drops/AncientCaves/Ancient_FlyingStatue.txt:57:1/155 EnchantedAmulet | Envir/Drops/AncientCaves/Ancient_StoningStatue.txt:58:1/155 EnchantedAmulet | Envir/Drops/BearMinotaur.txt:96:1/105 EnchantedAmulet | Envir/Drops/BearMinotaur20.txt:96:1/105 EnchantedAmulet LV1 | Envir/Drops/BearMinotaur20.txt:383:1/105 EnchantedAmulet LV2
Item	513	FiveElementAmulet	76	27	Envir/Drops,Envir/NPCs	Medium	Envir/Drops/AncientCaves/Ancient_FlyingStatue.txt:58:1/155 FiveElementAmulet | Envir/Drops/AncientCaves/Ancient_StoningStatue.txt:59:1/155 FiveElementAmulet | Envir/Drops/BearMinotaur.txt:97:1/105 FiveElementAmulet | Envir/Drops/BearMinotaur20.txt:97:1/105 FiveElementAmulet LV1 | Envir/Drops/BearMinotaur20.txt:384:1/105 FiveElementAmulet LV2
Item	514	PurpleFoxBracelet	2	2	Envir/Drops,Envir/NPCs	Medium	Envir/Drops/GreatFoxSpirit.txt:57:1/110 PurpleFoxBracelet | Envir/NPCs/GM/GM-Bracelet.txt:105:PurpleFoxBracelet
Item	515	RedFoxBracelet	2	2	Envir/Drops,Envir/NPCs	Medium	Envir/Drops/GreatFoxSpirit.txt:58:1/110 RedFoxBracelet | Envir/NPCs/GM/GM-Bracelet.txt:106:RedFoxBracelet
Item	516	BlueFoxBracelet	10	10	Envir/Drops,Envir/NPCs	Medium	Envir/Drops/GreatFoxSpirit.txt:59:1/110 BlueFoxBracelet | Envir/Drops/MongchonProvince/Fox/WhiteFoxMan.txt:17:1/120 BlueFoxBracelet | Envir/Drops/Unused/HellFire/HellBomb1.txt:17:1/120 BlueFoxBracelet | Envir/Drops/Unused/HellFire/HellBomb2.txt:17:1/120 BlueFoxBracelet | Envir/Drops/Unused/HellFire/HellBomb3.txt:17:1/120 BlueFoxBracelet
Item	517	GreatPurpleFoxBrace	2	2	Envir/Drops,Envir/NPCs	Medium	Envir/Drops/GreatFoxSpirit.txt:60:1/180 GreatPurpleFoxBrace | Envir/NPCs/GM/GM-Bracelet.txt:108:GreatPurpleFoxBrace
Item	518	GreatRedFoxBrace	2	2	Envir/Drops,Envir/NPCs	Medium	Envir/Drops/GreatFoxSpirit.txt:61:1/180 GreatRedFoxBrace | Envir/NPCs/GM/GM-Bracelet.txt:109:GreatRedFoxBrace
Item	519	GreatBlueFoxBrace	2	2	Envir/Drops,Envir/NPCs	Medium	Envir/Drops/GreatFoxSpirit.txt:62:1/180 GreatBlueFoxBrace | Envir/NPCs/GM/GM-Bracelet.txt:110:GreatBlueFoxBrace
Item	520	SurvivalBracelet	3	3	Envir/Drops,Envir/NPCs	Medium	Envir/Drops/AncientCaves/Ancient_ZumaTaurus.txt:132:1/375 SurvivalBracelet | Envir/Drops/AncientCaves/ZumaTemple/Ancient_ZumaTaurus.txt:119:1/375 SurvivalBracelet | Envir/NPCs/GM/GM-Bracelet.txt:111:SurvivalBracelet
Item	521	LunarBracelet	1	1	Envir/NPCs	Medium	Envir/NPCs/GM/GM-Bracelet.txt:112:LunarBracelet
Item	522	GoldenDragonBrace	1	1	Envir/NPCs	Medium	Envir/NPCs/GM/GM-Bracelet.txt:113:GoldenDragonBrace
Item	528	EvilDragonBracelet	1	1	Envir/NPCs	Medium	Envir/NPCs/GM/GM-Bracelet.txt:114:EvilDragonBracelet
Item	534	GoldNecklace	36	36	Envir/Drops,Envir/NPCs	Medium	Envir/Drops/Provinces/ForestYeti.txt:34:1/60 GoldNecklace | Envir/Drops/Provinces/ForestYeti0.txt:34:1/60 GoldNecklace | Envir/Drops/Provinces/HookingCat.txt:29:1/60 GoldNecklace | Envir/Drops/Provinces/HookingCat0.txt:29:1/6 GoldNecklace | Envir/Drops/Provinces/Keratoid.txt:34:1/60 GoldNecklace
Item	535	PrecisionNecklace	36	36	Envir/Drops,Envir/NPCs	Medium	Envir/Drops/Provinces/ForestYeti.txt:35:1/80 PrecisionNecklace | Envir/Drops/Provinces/ForestYeti0.txt:35:1/80 PrecisionNecklace | Envir/Drops/Provinces/HookingCat.txt:30:1/80 PrecisionNecklace | Envir/Drops/Provinces/HookingCat0.txt:30:1/8 PrecisionNecklace | Envir/Drops/Provinces/Keratoid.txt:35:1/80 PrecisionNecklace
Item	536	BlackNecklace	62	62	Envir/Drops,Envir/NPCs	Medium	Envir/Drops/AncientCaves/Ancient_AxeSkeleton.txt:33:1/80 BlackNecklace | Envir/Drops/AncientCaves/Ancient_AxeSkeleton0.txt:33:1/8 BlackNecklace | Envir/Drops/AncientCaves/Ancient_BoneElite.txt:32:1/10 BlackNecklace | Envir/Drops/AncientCaves/Ancient_BoneFighter.txt:33:1/80 BlackNecklace | Envir/Drops/AncientCaves/Ancient_BoneFighter0.txt:33:1/8 BlackNecklace
Item	537	EbonyNecklace	62	62	Envir/Drops,Envir/NPCs	Medium	Envir/Drops/AncientCaves/Ancient_AxeSkeleton.txt:34:1/80 EbonyNecklace | Envir/Drops/AncientCaves/Ancient_AxeSkeleton0.txt:34:1/8 EbonyNecklace | Envir/Drops/AncientCaves/Ancient_BoneElite.txt:33:1/10 EbonyNecklace | Envir/Drops/AncientCaves/Ancient_BoneFighter.txt:34:1/80 EbonyNecklace | Envir/Drops/AncientCaves/Ancient_BoneFighter0.txt:34:1/8 EbonyNecklace
Item	538	YellowNecklace	62	62	Envir/Drops,Envir/NPCs	Medium	Envir/Drops/AncientCaves/Ancient_AxeSkeleton.txt:35:1/80 YellowNecklace | Envir/Drops/AncientCaves/Ancient_AxeSkeleton0.txt:35:1/8 YellowNecklace | Envir/Drops/AncientCaves/Ancient_BoneElite.txt:34:1/10 YellowNecklace | Envir/Drops/AncientCaves/Ancient_BoneFighter.txt:35:1/80 YellowNecklace | Envir/Drops/AncientCaves/Ancient_BoneFighter0.txt:35:1/8 YellowNecklace
Item	539	PlatinumNecklace	209	202	Envir/Drops	Medium	Envir/Drops/AncientCaves/Ancient_BlackBoar.txt:38:1/200 PlatinumNecklace | Envir/Drops/AncientCaves/Ancient_BlackBoar0.txt:38:1/20 PlatinumNecklace | Envir/Drops/AncientCaves/Ancient_BlackMaggot.txt:33:1/600 PlatinumNecklace | Envir/Drops/AncientCaves/Ancient_BlackMaggot0.txt:33:1/60 PlatinumNecklace | Envir/Drops/AncientCaves/Ancient_FlamingWooma.txt:72:1/600 PlatinumNecklace
Item	540	JadeNecklace	3	3	Envir/Drops,Envir/NPCs	Medium	Envir/Drops/TaoVillage/MineralMines/CursedPriest.txt:35:1/500 JadeNecklace | Envir/Drops/TaoVillage/MineralMines/GreatGhoul.txt:47:1/15 JadeNecklace | Envir/NPCs/GM/GM-Necklace.txt:71:JadeNecklace
Item	541	TigerNecklace	246	225	Envir/Drops,Envir/NPCs	Medium	Envir/Drops/AncientCaves/Ancient_BlackBoar.txt:37:1/200 TigerNecklace | Envir/Drops/AncientCaves/Ancient_BlackBoar0.txt:37:1/20 TigerNecklace | Envir/Drops/AncientCaves/Ancient_BlackMaggot.txt:32:1/200 TigerNecklace | Envir/Drops/AncientCaves/Ancient_BlackMaggot0.txt:32:1/20 TigerNecklace | Envir/Drops/AncientCaves/Ancient_BoneLord.txt:113:1/5 TigerNecklace
Item	542	ElusionNecklace	41	41	Envir/Drops	Medium	Envir/Drops/AncientCaves/Ancient_BoneBlademan.txt:81:1/100 ElusionNecklace | Envir/Drops/AncientCaves/Ancient_FlamingWooma.txt:71:1/1000 ElusionNecklace | Envir/Drops/AncientCaves/Ancient_WoomaFighter.txt:71:1/1000 ElusionNecklace | Envir/Drops/AncientCaves/Ancient_WoomaGuardian.txt:109:1/8 ElusionNecklace | Envir/Drops/AncientCaves/Ancient_WoomaSoldier.txt:71:1/1000 ElusionNecklace
Item	543	NagaNecklace	131	124	Envir/Drops,Envir/NPCs,Envir/Recipe	Medium	Envir/Drops/AncientCaves/Ancient_AxeSkeleton.txt:36:1/150 NagaNecklace | Envir/Drops/AncientCaves/Ancient_AxeSkeleton0.txt:36:1/15 NagaNecklace | Envir/Drops/AncientCaves/Ancient_BoneBlademan.txt:78:1/35 NagaNecklace | Envir/Drops/AncientCaves/Ancient_BoneCaptain.txt:88:1/250 NagaNecklace | Envir/Drops/AncientCaves/Ancient_BoneElite.txt:35:1/25 NagaNecklace
Item	544	AmberNecklace	130	123	Envir/Drops,Envir/NPCs,Envir/Recipe	Medium	Envir/Drops/AncientCaves/Ancient_AxeSkeleton.txt:37:1/150 AmberNecklace | Envir/Drops/AncientCaves/Ancient_AxeSkeleton0.txt:37:1/15 AmberNecklace | Envir/Drops/AncientCaves/Ancient_BoneBlademan.txt:77:1/35 AmberNecklace | Envir/Drops/AncientCaves/Ancient_BoneCaptain.txt:87:1/250 AmberNecklace | Envir/Drops/AncientCaves/Ancient_BoneElite.txt:36:1/25 AmberNecklace
Item	545	PhoenixBead	116	109	Envir/Drops	Medium	Envir/Drops/AncientCaves/Ancient_AxeSkeleton.txt:38:1/150 PhoenixBead | Envir/Drops/AncientCaves/Ancient_AxeSkeleton0.txt:38:1/15 PhoenixBead | Envir/Drops/AncientCaves/Ancient_BoneBlademan.txt:79:1/35 PhoenixBead | Envir/Drops/AncientCaves/Ancient_BoneCaptain.txt:89:1/250 PhoenixBead | Envir/Drops/AncientCaves/Ancient_BoneElite.txt:37:1/25 PhoenixBead
Item	546	LanternNecklace	299	277	Envir/Drops,Envir/NPCs	Medium	Envir/Drops/AncientCaves/Ancient_AxeSkeleton.txt:39:1/200 LanternNecklace | Envir/Drops/AncientCaves/Ancient_AxeSkeleton0.txt:39:1/20 LanternNecklace | Envir/Drops/AncientCaves/Ancient_BlackBoar.txt:36:1/200 LanternNecklace | Envir/Drops/AncientCaves/Ancient_BlackBoar0.txt:36:1/20 LanternNecklace | Envir/Drops/AncientCaves/Ancient_BlackMaggot.txt:31:1/200 LanternNecklace
Item	547	GaleNecklace	116	95	Envir/Drops,Envir/NPCs	Medium	Envir/Drops/AncientCaves/Ancient_AxeSkeleton.txt:41:1/5800 GaleNecklace | Envir/Drops/AncientCaves/Ancient_AxeSkeleton0.txt:41:1/580 GaleNecklace | Envir/Drops/AncientCaves/Ancient_BoneFighter.txt:41:1/5800 GaleNecklace | Envir/Drops/AncientCaves/Ancient_BoneFighter0.txt:41:1/580 GaleNecklace | Envir/Drops/AncientCaves/Ancient_BoneLord.txt:105:1/80 GaleNecklace
Item	548	WarriorNecklace	28	28	Envir/Drops,Envir/NPCs,Envir/Recipe	Medium	Envir/Drops/AncientCaves/Ancient_BlackMaggot.txt:37:1/300 WarriorNecklace | Envir/Drops/AncientCaves/Ancient_BlackMaggot0.txt:37:1/30 WarriorNecklace | Envir/Drops/AncientCaves/Ancient_BoneElite.txt:39:1/25 WarriorNecklace | Envir/Drops/AncientCaves/Ancient_RoninGhoul.txt:62:1/200 WarriorNecklace | Envir/Drops/AncientCaves/OmaCavern/Ancient_BoneElite.txt:39:1/25 WarriorNecklace
Item	549	BlueCrystalNecklace	11	11	Envir/Drops,Envir/NPCs	Medium	Envir/Drops/TaoVillage/MineralMines/CursedShaman.txt:34:1/500 BlueCrystalNecklace | Envir/Drops/TaoVillage/MineralMines/GreatGhoul.txt:45:1/200 BlueCrystalNecklace | Envir/Drops/WoomyonWoods/InsectCave/BlueHoroBlaster.txt:8:1/300 BlueCrystalNecklace | Envir/Drops/WoomyonWoods/InsectCave/BlueHoroBlaster0.txt:8:1/30 BlueCrystalNecklace | Envir/Drops/WoomyonWoods/InsectCave/HoroBlaster.txt:8:1/300 BlueCrystalNecklace
Item	550	BlueJadeNecklace	242	214	Envir/Drops,Envir/NPCs	Medium	Envir/Drops/AncientCaves/Ancient_BlackBoar.txt:39:1/400 BlueJadeNecklace | Envir/Drops/AncientCaves/Ancient_BlackBoar0.txt:39:1/40 BlueJadeNecklace | Envir/Drops/AncientCaves/Ancient_BlackMaggot.txt:34:1/1500 BlueJadeNecklace | Envir/Drops/AncientCaves/Ancient_BlackMaggot0.txt:34:1/150 BlueJadeNecklace | Envir/Drops/AncientCaves/Ancient_BoneArcher.txt:41:1/80 BlueJadeNecklace
Item	551	ConvexLens	243	215	Envir/Drops,Envir/NPCs	Medium	Envir/Drops/AncientCaves/Ancient_BlackBoar.txt:40:1/400 ConvexLens | Envir/Drops/AncientCaves/Ancient_BlackBoar0.txt:40:1/40 ConvexLens | Envir/Drops/AncientCaves/Ancient_BlackMaggot.txt:35:1/1500 ConvexLens | Envir/Drops/AncientCaves/Ancient_BlackMaggot0.txt:35:1/150 ConvexLens | Envir/Drops/AncientCaves/Ancient_BoneArcher.txt:43:1/80 ConvexLens
Item	552	BambooPipe	244	216	Envir/Drops,Envir/NPCs	Medium	Envir/Drops/AncientCaves/Ancient_BlackBoar.txt:41:1/400 BambooPipe | Envir/Drops/AncientCaves/Ancient_BlackBoar0.txt:41:1/40 BambooPipe | Envir/Drops/AncientCaves/Ancient_BlackMaggot.txt:36:1/1500 BambooPipe | Envir/Drops/AncientCaves/Ancient_BlackMaggot0.txt:36:1/150 BambooPipe | Envir/Drops/AncientCaves/Ancient_BoneArcher.txt:42:1/80 BambooPipe
Item	553	BlueThunderNecklace	35	35	Envir/Drops,Envir/NPCs	Medium	Envir/Drops/AncientCaves/Ancient_BoneCaptain.txt:93:1/500 BlueThunderNecklace | Envir/Drops/AncientCaves/Ancient_RoninGhoul.txt:60:1/900 BlueThunderNecklace | Envir/Drops/AncientCaves/Ancient_ToxicGhoul.txt:54:1/900 BlueThunderNecklace | Envir/Drops/AncientCaves/Prajna/Ancient_BoneCaptain.txt:93:1/500 BlueThunderNecklace | Envir/Drops/AncientCaves/Prajna/Ancient_RoninGhoul.txt:60:1/900 BlueThunderNecklace
Item	554	SpiritPowerNecklace	35	35	Envir/Drops,Envir/NPCs	Medium	Envir/Drops/AncientCaves/Ancient_BoneCaptain.txt:94:1/500 SpiritPowerNecklace | Envir/Drops/AncientCaves/Ancient_RoninGhoul.txt:59:1/900 SpiritPowerNecklace | Envir/Drops/AncientCaves/Ancient_ToxicGhoul.txt:53:1/900 SpiritPowerNecklace | Envir/Drops/AncientCaves/Prajna/Ancient_BoneCaptain.txt:94:1/500 SpiritPowerNecklace | Envir/Drops/AncientCaves/Prajna/Ancient_RoninGhoul.txt:59:1/900 SpiritPowerNecklace
Item	555	ClawNecklace	119	77	Envir/Drops,Envir/NPCs	Medium	Envir/Drops/00FortuneBoxAccessory.txt:3:1/300 ClawNecklace | Envir/Drops/AncientCaves/Ancient_BoneBlademan.txt:85:1/1000 ClawNecklace | Envir/Drops/AncientCaves/Ancient_BoneLord.txt:109:1/45 ClawNecklace | Envir/Drops/AncientCaves/Ancient_KingHog.txt:75:1/100 ClawNecklace | Envir/Drops/AncientCaves/Ancient_RedThunderZuma.txt:68:1/40 ClawNecklace
Item	556	LifeNecklace	125	83	Envir/Drops,Envir/NPCs	Medium	Envir/Drops/00FortuneBoxAccessory.txt:12:1/300 LifeNecklace | Envir/Drops/AncientCaves/Ancient_BoneBlademan.txt:86:1/1000 LifeNecklace | Envir/Drops/AncientCaves/Ancient_BoneLord.txt:110:1/45 LifeNecklace | Envir/Drops/AncientCaves/Ancient_KingHog.txt:76:1/100 LifeNecklace | Envir/Drops/AncientCaves/Ancient_RedThunderZuma.txt:69:1/40 LifeNecklace
Item	557	PearlNecklace	125	83	Envir/Drops,Envir/NPCs	Medium	Envir/Drops/00FortuneBoxAccessory.txt:21:1/300 PearlNecklace | Envir/Drops/AncientCaves/Ancient_BoneBlademan.txt:87:1/1000 PearlNecklace | Envir/Drops/AncientCaves/Ancient_BoneLord.txt:111:1/45 PearlNecklace | Envir/Drops/AncientCaves/Ancient_KingHog.txt:77:1/100 PearlNecklace | Envir/Drops/AncientCaves/Ancient_RedThunderZuma.txt:70:1/40 PearlNecklace
Item	558	AmethystNecklace	39	32	Envir/Drops,Envir/NPCs	Medium	Envir/Drops/AncientCaves/Ancient_BoneCaptain.txt:95:1/500 AmethystNecklace | Envir/Drops/AncientCaves/Ancient_RoninGhoul.txt:61:1/900 AmethystNecklace | Envir/Drops/AncientCaves/Ancient_ToxicGhoul.txt:55:1/900 AmethystNecklace | Envir/Drops/AncientCaves/Prajna/Ancient_BoneCaptain.txt:95:1/500 AmethystNecklace | Envir/Drops/AncientCaves/Prajna/Ancient_RoninGhoul.txt:61:1/900 AmethystNecklace
Item	559	DemonicBells	134	99	Envir/Drops,Envir/NPCs	Medium	Envir/Drops/00FortuneBoxAccessory.txt:13:1/400 DemonicBells | Envir/Drops/AncientCaves/Ancient_AxeSkeleton.txt:43:1/5800 DemonicBells | Envir/Drops/AncientCaves/Ancient_AxeSkeleton0.txt:43:1/580 DemonicBells | Envir/Drops/AncientCaves/Ancient_BoneFighter.txt:43:1/5800 DemonicBells | Envir/Drops/AncientCaves/Ancient_BoneFighter0.txt:43:1/580 DemonicBells
Item	560	SoulNecklace	134	99	Envir/Drops,Envir/NPCs	Medium	Envir/Drops/00FortuneBoxAccessory.txt:22:1/400 SoulNecklace | Envir/Drops/AncientCaves/Ancient_AxeSkeleton.txt:42:1/5800 SoulNecklace | Envir/Drops/AncientCaves/Ancient_AxeSkeleton0.txt:42:1/580 SoulNecklace | Envir/Drops/AncientCaves/Ancient_BoneFighter.txt:42:1/5800 SoulNecklace | Envir/Drops/AncientCaves/Ancient_BoneFighter0.txt:42:1/580 SoulNecklace
Item	561	GreenBead	131	96	Envir/Drops,Envir/NPCs	Medium	Envir/Drops/00FortuneBoxAccessory.txt:4:1/400 GreenBead | Envir/Drops/AncientCaves/Ancient_AxeSkeleton.txt:40:1/5800 GreenBead | Envir/Drops/AncientCaves/Ancient_AxeSkeleton0.txt:40:1/580 GreenBead | Envir/Drops/AncientCaves/Ancient_BoneFighter.txt:40:1/5800 GreenBead | Envir/Drops/AncientCaves/Ancient_BoneFighter0.txt:40:1/580 GreenBead
Item	562	HeroNecklace	120	50	Envir/Drops,Envir/NPCs	Medium	Envir/Drops/00FortuneBoxAccessory.txt:5:1/500 HeroNecklace | Envir/Drops/AncientCaves/Ancient_WhiteEvilBoar.txt:75:1/500 HeroNecklace | Envir/Drops/AncientCaves/Ancient_ZumaTaurus.txt:106:1/80 HeroNecklace | Envir/Drops/AncientCaves/StoneTemple/Ancient_WhiteEvilBoar.txt:75:1/500 HeroNecklace | Envir/Drops/AncientCaves/ZumaTemple/Ancient_ZumaTaurus.txt:99:1/80 HeroNecklace
Item	563	AdamantineNecklace	112	42	Envir/Drops,Envir/NPCs	Medium	Envir/Drops/00FortuneBoxAccessory.txt:14:1/500 AdamantineNecklace | Envir/Drops/AncientCaves/Ancient_WhiteEvilBoar.txt:76:1/500 AdamantineNecklace | Envir/Drops/AncientCaves/Ancient_ZumaTaurus.txt:108:1/80 AdamantineNecklace | Envir/Drops/AncientCaves/StoneTemple/Ancient_WhiteEvilBoar.txt:76:1/500 AdamantineNecklace | Envir/Drops/AncientCaves/ZumaTemple/Ancient_ZumaTaurus.txt:100:1/80 AdamantineNecklace
Item	564	RequiemNecklace	113	43	Envir/Drops,Envir/NPCs	Medium	Envir/Drops/00FortuneBoxAccessory.txt:23:1/500 RequiemNecklace | Envir/Drops/AncientCaves/Ancient_WhiteEvilBoar.txt:78:1/500 RequiemNecklace | Envir/Drops/AncientCaves/Ancient_ZumaTaurus.txt:109:1/80 RequiemNecklace | Envir/Drops/AncientCaves/StoneTemple/Ancient_WhiteEvilBoar.txt:78:1/500 RequiemNecklace | Envir/Drops/AncientCaves/ZumaTemple/Ancient_ZumaTaurus.txt:101:1/80 RequiemNecklace
Item	565	CuspidNecklace	71	22	Envir/Drops,Envir/NPCs	Medium	Envir/Drops/00FortuneBoxAccessory.txt:8:1/800 CuspidNecklace | Envir/Drops/BearMinotaur.txt:100:1/50 CuspidNecklace | Envir/Drops/BearMinotaur20.txt:100:1/50 CuspidNecklace LV1 | Envir/Drops/BearMinotaur20.txt:387:1/50 CuspidNecklace LV2 | Envir/Drops/BearMinotaur20.txt:676:1/50 CuspidNecklace LV3
Item	566	SorceryAnchor	71	22	Envir/Drops,Envir/NPCs	Medium	Envir/Drops/00FortuneBoxAccessory.txt:17:1/800 SorceryAnchor | Envir/Drops/BearMinotaur.txt:101:1/50 SorceryAnchor | Envir/Drops/BearMinotaur20.txt:101:1/50 SorceryAnchor LV1 | Envir/Drops/BearMinotaur20.txt:388:1/50 SorceryAnchor LV2 | Envir/Drops/BearMinotaur20.txt:677:1/50 SorceryAnchor LV3
Item	567	PurifiedMirror	71	22	Envir/Drops,Envir/NPCs	Medium	Envir/Drops/00FortuneBoxAccessory.txt:26:1/800 PurifiedMirror | Envir/Drops/BearMinotaur.txt:102:1/50 PurifiedMirror | Envir/Drops/BearMinotaur20.txt:102:1/50 PurifiedMirror LV1 | Envir/Drops/BearMinotaur20.txt:389:1/50 PurifiedMirror LV2 | Envir/Drops/BearMinotaur20.txt:678:1/50 PurifiedMirror LV3
Item	568	AdamantNecklace	77	28	Envir/Drops,Envir/NPCs	Medium	Envir/Drops/00FortuneBoxAccessory.txt:9:1/900 AdamantNecklace | Envir/Drops/AncientCaves/Ancient_FlyingStatue.txt:46:1/155 AdamantNecklace | Envir/Drops/AncientCaves/Ancient_StoningStatue.txt:47:1/155 AdamantNecklace | Envir/Drops/BearMinotaur.txt:105:1/100 AdamantNecklace | Envir/Drops/BearMinotaur20.txt:105:1/100 AdamantNecklace LV1
Item	569	EvilTriangle	77	28	Envir/Drops,Envir/NPCs	Medium	Envir/Drops/00FortuneBoxAccessory.txt:18:1/900 EvilTriangle | Envir/Drops/AncientCaves/Ancient_FlyingStatue.txt:44:1/155 EvilTriangle | Envir/Drops/AncientCaves/Ancient_StoningStatue.txt:45:1/155 EvilTriangle | Envir/Drops/BearMinotaur.txt:103:1/100 EvilTriangle | Envir/Drops/BearMinotaur20.txt:103:1/100 EvilTriangle LV1
Item	570	CrossPurified	77	28	Envir/Drops,Envir/NPCs	Medium	Envir/Drops/00FortuneBoxAccessory.txt:27:1/900 CrossPurified | Envir/Drops/AncientCaves/Ancient_FlyingStatue.txt:45:1/155 CrossPurified | Envir/Drops/AncientCaves/Ancient_StoningStatue.txt:46:1/155 CrossPurified | Envir/Drops/BearMinotaur.txt:104:1/100 CrossPurified | Envir/Drops/BearMinotaur20.txt:104:1/100 CrossPurified LV1
Item	571	PurpleFoxCollar	2	2	Envir/Drops	Medium	Envir/Drops/00FortuneBoxAccessory.txt:6:1/600 PurpleFoxCollar | Envir/Drops/GreatFoxSpirit.txt:46:1/110 PurpleFoxCollar
Item	572	RedFoxCollar	2	2	Envir/Drops	Medium	Envir/Drops/00FortuneBoxAccessory.txt:15:1/600 RedFoxCollar | Envir/Drops/GreatFoxSpirit.txt:47:1/110 RedFoxCollar
Item	573	BlueFoxCollar	10	10	Envir/Drops	Medium	Envir/Drops/00FortuneBoxAccessory.txt:24:1/600 BlueFoxCollar | Envir/Drops/GreatFoxSpirit.txt:48:1/110 BlueFoxCollar | Envir/Drops/MongchonProvince/Fox/WhiteFoxMan.txt:11:1/120 BlueFoxCollar | Envir/Drops/Unused/HellFire/HellBomb1.txt:11:1/120 BlueFoxCollar | Envir/Drops/Unused/HellFire/HellBomb2.txt:11:1/120 BlueFoxCollar
Item	574	GreatPurpleFoxCollar	2	2	Envir/Drops	Medium	Envir/Drops/00FortuneBoxAccessory.txt:7:1/700 GreatPurpleFoxCollar | Envir/Drops/GreatFoxSpirit.txt:49:1/180 GreatPurpleFoxCollar
Item	575	GreatRedFoxCollar	2	2	Envir/Drops	Medium	Envir/Drops/00FortuneBoxAccessory.txt:16:1/700 GreatRedFoxCollar | Envir/Drops/GreatFoxSpirit.txt:50:1/180 GreatRedFoxCollar
Item	576	GreatBlueFoxCollar	2	2	Envir/Drops	Medium	Envir/Drops/00FortuneBoxAccessory.txt:25:1/700 GreatBlueFoxCollar | Envir/Drops/GreatFoxSpirit.txt:51:1/180 GreatBlueFoxCollar
Item	577	SurvivalNecklace	3	3	Envir/Drops,Envir/NPCs	Medium	Envir/Drops/AncientCaves/Ancient_ZumaTaurus.txt:116:1/275 SurvivalNecklace | Envir/Drops/AncientCaves/ZumaTemple/Ancient_ZumaTaurus.txt:106:1/275 SurvivalNecklace | Envir/NPCs/GM/GM-Necklace.txt:62:SurvivalNecklace
Item	578	DemonMask	48	24	Envir/Drops,Envir/NPCs	Medium	Envir/Drops/AncientCaves/Ancient_FlyingStatue.txt:47:1/630 DemonMask | Envir/Drops/AncientCaves/Ancient_FlyingStatue.txt:50:1/800 (H)DemonMask | Envir/Drops/AncientCaves/Ancient_StoningStatue.txt:48:1/630 DemonMask | Envir/Drops/AncientCaves/Ancient_StoningStatue.txt:51:1/800 (H)DemonMask | Envir/Drops/BearMinotaur.txt:142:1/100 (H)DemonMask
Item	579	VioletOrb	48	24	Envir/Drops,Envir/NPCs	Medium	Envir/Drops/AncientCaves/Ancient_FlyingStatue.txt:48:1/630 VioletOrb | Envir/Drops/AncientCaves/Ancient_FlyingStatue.txt:51:1/800 (H)VioletOrb | Envir/Drops/AncientCaves/Ancient_StoningStatue.txt:49:1/630 VioletOrb | Envir/Drops/AncientCaves/Ancient_StoningStatue.txt:52:1/800 (H)VioletOrb | Envir/Drops/BearMinotaur.txt:143:1/100 (H)VioletOrb
Item	580	KunroonTear	48	24	Envir/Drops,Envir/NPCs	Medium	Envir/Drops/AncientCaves/Ancient_FlyingStatue.txt:49:1/630 KunroonTear | Envir/Drops/AncientCaves/Ancient_FlyingStatue.txt:52:1/800 (H)KunroonTear | Envir/Drops/AncientCaves/Ancient_StoningStatue.txt:50:1/630 KunroonTear | Envir/Drops/AncientCaves/Ancient_StoningStatue.txt:53:1/800 (H)KunroonTear | Envir/Drops/BearMinotaur.txt:144:1/100 (H)KunroonTear
Item	581	DragonNecklace	1	1	Envir/NPCs	Medium	Envir/NPCs/GM/GM-Necklace.txt:123:DragonNecklace
Item	587	DragonPendant	1	1	Envir/NPCs	Medium	Envir/NPCs/GM/GM-Necklace.txt:124:DragonPendant
Item	593	ProbeNecklace	3	3	Envir/Drops,Envir/NPCs	Medium	Envir/Drops/TaoVillage/TreePath/RedValley/RedMoonEvil.txt:143:1/10000 ProbeNecklace | Envir/Drops/Unused/Lords/TaoVillageLord.txt:143:1/1000 ProbeNecklace | Envir/NPCs/GM/GM-Necklace.txt:63:ProbeNecklace
Item	594	SkillNecklace	40	40	Envir/Drops,Envir/NPCs	Medium	Envir/Drops/AncientCaves/Ancient_KingHog.txt:81:1/550 SkillNecklace | Envir/Drops/AncientCaves/Ancient_RedThunderZuma.txt:67:1/400 SkillNecklace | Envir/Drops/AncientCaves/Ancient_WhiteBoar.txt:49:1/5000 SkillNecklace | Envir/Drops/AncientCaves/Ancient_WoomaTaurus.txt:107:1/100 SkillNecklace | Envir/Drops/AncientCaves/StoneTemple/Ancient_KingHog.txt:81:1/550 SkillNecklace
Item	595	BronzeHelmet	130	123	Envir/Drops,Envir/NPCs,Envir/Recipe	Medium	Envir/Drops/AncientCaves/Ancient_AxeSkeleton.txt:25:1/100 BronzeHelmet | Envir/Drops/AncientCaves/Ancient_AxeSkeleton0.txt:25:1/10 BronzeHelmet | Envir/Drops/AncientCaves/Ancient_BoneFighter.txt:25:1/100 BronzeHelmet | Envir/Drops/AncientCaves/Ancient_BoneFighter0.txt:25:1/10 BronzeHelmet | Envir/Drops/AncientCaves/Ancient_BoneWarrior.txt:25:1/100 BronzeHelmet
Item	596	MagicHelmet	156	149	Envir/Drops,Envir/NPCs	Medium	Envir/Drops/AncientCaves/Ancient_AxeSkeleton.txt:26:1/150 MagicHelmet | Envir/Drops/AncientCaves/Ancient_AxeSkeleton0.txt:26:1/15 MagicHelmet | Envir/Drops/AncientCaves/Ancient_BoneElite.txt:24:1/25 MagicHelmet | Envir/Drops/AncientCaves/Ancient_BoneFighter.txt:26:1/150 MagicHelmet | Envir/Drops/AncientCaves/Ancient_BoneFighter0.txt:26:1/15 MagicHelmet
Item	597	BrassHelmet	76	69	Envir/Drops,Envir/NPCs	Medium	Envir/Drops/AncientCaves/Ancient_AxeSkeleton.txt:27:1/200 BrassHelmet | Envir/Drops/AncientCaves/Ancient_AxeSkeleton0.txt:27:1/20 BrassHelmet | Envir/Drops/AncientCaves/Ancient_BoneElite.txt:25:1/500 BrassHelmet | Envir/Drops/AncientCaves/Ancient_BoneFighter.txt:27:1/200 BrassHelmet | Envir/Drops/AncientCaves/Ancient_BoneFighter0.txt:27:1/20 BrassHelmet
Item	598	GoldenTiara	61	54	Envir/Drops,Envir/NPCs	Medium	Envir/Drops/AncientCaves/Ancient_AxeSkeleton.txt:28:1/200 GoldenTiara | Envir/Drops/AncientCaves/Ancient_AxeSkeleton0.txt:28:1/20 GoldenTiara | Envir/Drops/AncientCaves/Ancient_BoneElite.txt:26:1/50 GoldenTiara | Envir/Drops/AncientCaves/Ancient_BoneFighter.txt:28:1/200 GoldenTiara | Envir/Drops/AncientCaves/Ancient_BoneFighter0.txt:28:1/20 GoldenTiara
Item	599	SkeletonHelmet	274	232	Envir/Drops,Envir/NPCs	Medium	Envir/Drops/AncientCaves/Ancient_AxeSkeleton.txt:29:1/300 SkeletonHelmet | Envir/Drops/AncientCaves/Ancient_AxeSkeleton0.txt:29:1/30 SkeletonHelmet | Envir/Drops/AncientCaves/Ancient_BlackBoar.txt:32:1/3000 SkeletonHelmet | Envir/Drops/AncientCaves/Ancient_BlackBoar0.txt:32:1/300 SkeletonHelmet | Envir/Drops/AncientCaves/Ancient_BlackMaggot.txt:27:1/4000 SkeletonHelmet
Item	600	ShamanHelmet	274	232	Envir/Drops,Envir/NPCs	Medium	Envir/Drops/AncientCaves/Ancient_AxeSkeleton.txt:30:1/240 ShamanHelmet | Envir/Drops/AncientCaves/Ancient_AxeSkeleton0.txt:30:1/24 ShamanHelmet | Envir/Drops/AncientCaves/Ancient_BlackBoar.txt:33:1/1500 ShamanHelmet | Envir/Drops/AncientCaves/Ancient_BlackBoar0.txt:33:1/150 ShamanHelmet | Envir/Drops/AncientCaves/Ancient_BlackMaggot.txt:28:1/2000 ShamanHelmet
Item	601	SteelHelmet	51	30	Envir/Drops,Envir/NPCs	Medium	Envir/Drops/AncientCaves/Ancient_BoneLord.txt:88:1/15 SteelHelmet | Envir/Drops/AncientCaves/Ancient_BoneSpearman.txt:54:1/1000 SteelHelmet | Envir/Drops/AncientCaves/Ancient_WoomaGuardian.txt:60:1/25 SteelHelmet | Envir/Drops/AncientCaves/Ancient_WoomaTaurus.txt:60:1/10 SteelHelmet | Envir/Drops/AncientCaves/Prajna/Ancient_BoneLord.txt:88:1/15 SteelHelmet
Item	602	HelmetOfHero	48	41	Envir/Drops,Envir/NPCs	Medium	Envir/Drops/AncientCaves/Ancient_BoneCaptain.txt:64:1/18000 HelmetOfHero | Envir/Drops/AncientCaves/Ancient_BoneLord.txt:82:1/90 HelmetOfHero | Envir/Drops/AncientCaves/Ancient_RedThunderZuma.txt:57:1/80 HelmetOfHero | Envir/Drops/AncientCaves/Ancient_ZumaTaurus.txt:82:1/20 HelmetOfHero | Envir/Drops/AncientCaves/Prajna/Ancient_BoneCaptain.txt:64:1/18000 HelmetOfHero
Item	603	BlackIronHelmet	118	76	Envir/Drops,Envir/NPCs	Medium	Envir/Drops/AncientCaves/Ancient_BoneCaptain.txt:65:1/25000 BlackIronHelmet | Envir/Drops/AncientCaves/Ancient_BoneLord.txt:81:1/70 BlackIronHelmet | Envir/Drops/AncientCaves/Ancient_RedThunderZuma.txt:54:1/80 BlackIronHelmet | Envir/Drops/AncientCaves/Ancient_WoomaTaurus.txt:61:1/145 BlackIronHelmet | Envir/Drops/AncientCaves/Ancient_ZumaTaurus.txt:81:1/20 BlackIronHelmet
Item	604	GreatHelmet	191	79	Envir/Drops,Envir/NPCs	Medium	Envir/Drops/AncientCaves/Ancient_BoneLord.txt:83:1/150 GreatHelmet | Envir/Drops/AncientCaves/Ancient_RedThunderZuma.txt:58:1/70 GreatHelmet | Envir/Drops/AncientCaves/Ancient_WhiteEvilBoar.txt:70:1/400 GreatHelmet | Envir/Drops/AncientCaves/Ancient_ZumaTaurus.txt:86:1/70 GreatHelmet | Envir/Drops/AncientCaves/Prajna/Ancient_BoneLord.txt:83:1/150 GreatHelmet
Item	605	WisdomCoronet	191	79	Envir/Drops,Envir/NPCs	Medium	Envir/Drops/AncientCaves/Ancient_BoneLord.txt:84:1/150 WisdomCoronet | Envir/Drops/AncientCaves/Ancient_RedThunderZuma.txt:59:1/70 WisdomCoronet | Envir/Drops/AncientCaves/Ancient_WhiteEvilBoar.txt:72:1/400 WisdomCoronet | Envir/Drops/AncientCaves/Ancient_ZumaTaurus.txt:87:1/70 WisdomCoronet | Envir/Drops/AncientCaves/Prajna/Ancient_BoneLord.txt:84:1/150 WisdomCoronet
Item	606	TaoCoronet	191	79	Envir/Drops,Envir/NPCs	Medium	Envir/Drops/AncientCaves/Ancient_BoneLord.txt:85:1/150 TaoCoronet | Envir/Drops/AncientCaves/Ancient_RedThunderZuma.txt:60:1/70 TaoCoronet | Envir/Drops/AncientCaves/Ancient_WhiteEvilBoar.txt:71:1/400 TaoCoronet | Envir/Drops/AncientCaves/Ancient_ZumaTaurus.txt:88:1/70 TaoCoronet | Envir/Drops/AncientCaves/Prajna/Ancient_BoneLord.txt:85:1/150 TaoCoronet
Item	607	RoyalHelmet	85	50	Envir/Drops,Envir/NPCs	Medium	Envir/Drops/AncientCaves/Ancient_BoneLord.txt:86:1/150 RoyalHelmet | Envir/Drops/AncientCaves/Ancient_ZumaTaurus.txt:89:1/70 RoyalHelmet | Envir/Drops/AncientCaves/Prajna/Ancient_BoneLord.txt:86:1/150 RoyalHelmet | Envir/Drops/AncientCaves/ZumaTemple/Ancient_ZumaTaurus.txt:84:1/70 RoyalHelmet | Envir/Drops/BearMinotaur.txt:79:1/40 RoyalHelmet
Item	608	HelmetOfKings	4	4	Envir/Drops,Envir/NPCs	High	Envir/Drops/DeadForest/Ruins/AncBringer.txt:86:1/125 HelmetOfKings | Envir/Drops/Unused/DeadForest/AncBringer.txt:86:1/125 HelmetOfKings | Envir/NPCs/GM/GM-Helmet.txt:71:HelmetOfKings | Envir/NPCs/Test.txt:32:GIVEITEM HelmetOfKings 1
Item	609	HelmetOfSorcery	4	4	Envir/Drops,Envir/NPCs	High	Envir/Drops/DeadForest/Ruins/AncBringer.txt:87:1/125 HelmetOfSorcery | Envir/Drops/Unused/DeadForest/AncBringer.txt:87:1/125 HelmetOfSorcery | Envir/NPCs/GM/GM-Helmet.txt:72:HelmetOfSorcery | Envir/NPCs/Test.txt:69:GIVEITEM HelmetOfSorcery 1
Item	610	PurifiedMask	4	4	Envir/Drops,Envir/NPCs	High	Envir/Drops/DeadForest/Ruins/AncBringer.txt:88:1/125 PurifiedMask | Envir/Drops/Unused/DeadForest/AncBringer.txt:88:1/125 PurifiedMask | Envir/NPCs/GM/GM-Helmet.txt:73:PurifiedMask | Envir/NPCs/Test.txt:113:GIVEITEM PurifiedMask 1
Item	611	DemonShadow	4	4	Envir/Drops,Envir/NPCs	High	Envir/Drops/DeadForest/Ruins/AncBringer.txt:89:1/125 DemonShadow | Envir/Drops/Unused/DeadForest/AncBringer.txt:89:1/125 DemonShadow | Envir/NPCs/GM/GM-Helmet.txt:74:DemonShadow | Envir/NPCs/Test.txt:157:GIVEITEM DemonShadow 1
Item	612	LeatherBelt	46	37	Envir/Drops,Envir/NPCs	Medium	Envir/Drops/AncientCaves/Ancient_RoninGhoul.txt:35:1/100 LeatherBelt | Envir/Drops/AncientCaves/Prajna/Ancient_RoninGhoul.txt:35:1/100 LeatherBelt | Envir/Drops/BichonProvince/DeadMine/Ghoul.txt:70:1/10 LeatherBelt | Envir/Drops/BichonProvince/DeadMine/Ghoul.txt:76:1/15 LeatherBelt | Envir/Drops/DarkGhoul.txt:93:1/10 LeatherBelt
Item	613	ChainBelt	50	36	Envir/Drops,Envir/NPCs	Medium	Envir/Drops/AncientCaves/Ancient_BoneLord.txt:93:1/20 ChainBelt | Envir/Drops/AncientCaves/Prajna/Ancient_BoneLord.txt:93:1/20 ChainBelt | Envir/Drops/BichonProvince/DeadMine/Ghoul.txt:71:1/15 ChainBelt | Envir/Drops/BichonProvince/OmaCave/OmaKingSpirit.txt:103:1/15 ChainBelt | Envir/Drops/DarkGhoul.txt:94:1/15 ChainBelt
Item	614	BronzeBelt	130	53	Envir/Drops,Envir/NPCs,Envir/Recipe	Medium	Envir/Drops/AncientCaves/Ancient_BoneLord.txt:94:1/30 BronzeBelt | Envir/Drops/AncientCaves/Ancient_FlamingWooma.txt:78:1/2500 BronzeBelt | Envir/Drops/AncientCaves/Ancient_WoomaFighter.txt:78:1/2500 BronzeBelt | Envir/Drops/AncientCaves/Ancient_WoomaSoldier.txt:78:1/2500 BronzeBelt | Envir/Drops/AncientCaves/Ancient_WoomaWarrior.txt:78:1/2500 BronzeBelt
Item	615	SteelBelt	38	24	Envir/Drops,Envir/NPCs	Medium	Envir/Drops/AncientCaves/Ancient_BoneCaptain.txt:58:1/650 SteelBelt | Envir/Drops/AncientCaves/Ancient_ZumaTaurus.txt:164:1/20 SteelBelt | Envir/Drops/AncientCaves/Prajna/Ancient_BoneCaptain.txt:58:1/650 SteelBelt | Envir/Drops/AncientCaves/ZumaTemple/Ancient_ZumaTaurus.txt:144:1/20 SteelBelt | Envir/Drops/BichonProvince/DeadMine/Ghoul.txt:73:1/50 SteelBelt
Item	616	GoldBelt	101	73	Envir/Drops,Envir/NPCs	Medium	Envir/Drops/AncientCaves/Ancient_BoneBlademan.txt:60:1/10000 GoldBelt | Envir/Drops/AncientCaves/Ancient_BoneCaptain.txt:59:1/1450 GoldBelt | Envir/Drops/AncientCaves/Ancient_BoneLord.txt:95:1/30 GoldBelt | Envir/Drops/AncientCaves/Ancient_KingHog.txt:115:1/45 GoldBelt | Envir/Drops/AncientCaves/Ancient_RedThunderZuma.txt:111:1/100 GoldBelt
Item	617	AdamantineBelt	77	56	Envir/Drops,Envir/NPCs	Medium	Envir/Drops/AncientCaves/Ancient_BoneLord.txt:96:1/60 AdamantineBelt | Envir/Drops/AncientCaves/Ancient_KingHog.txt:116:1/100 AdamantineBelt | Envir/Drops/AncientCaves/Ancient_RedThunderZuma.txt:112:1/150 AdamantineBelt | Envir/Drops/AncientCaves/Ancient_WhiteEvilBoar.txt:110:1/300 AdamantineBelt | Envir/Drops/AncientCaves/Ancient_ZumaTaurus.txt:166:1/50 AdamantineBelt
Item	618	FlamingGrasp	8	8	Envir/Drops,Envir/NPCs	Medium	Envir/Drops/Behemoth.txt:95:1/50 FlamingGrasp | Envir/Drops/DeadForest/Ruins/AncBringer.txt:94:1/155 FlamingGrasp | Envir/Drops/KingOfWildBeast.txt:104:1/150 FlamingGrasp | Envir/Drops/QueenWildBeast.txt:104:1/150 FlamingGrasp | Envir/Drops/SlasherWarg.txt:14:1/40000 FlamingGrasp
Item	619	RottenShoes	1	1	Envir/NPCs	Medium	Envir/NPCs/GM/GM-Boot.txt:71:RottenShoes
Item	620	LowShoes	28	28	Envir/Drops,Envir/NPCs	Medium	Envir/Drops/Provinces/ForestYeti.txt:62:1/540 LowShoes | Envir/Drops/Provinces/ForestYeti0.txt:62:1/540 LowShoes | Envir/NPCs/BichonProvince/BichonWall/Clothing-0106.txt:56:LowShoes | Envir/NPCs/BichonProvince/BichonWall/Clothing.txt:61:LowShoes | Envir/NPCs/BichonProvince/BorderVillage/Drapery-0.txt:55:LowShoes
Item	621	LeatherBoots	26	19	Envir/Drops,Envir/NPCs	Medium	Envir/Drops/DarkGhoul.txt:99:1/15 LeatherBoots | Envir/Drops/SerpentLord.txt:106:1/15 LeatherBoots LV1 | Envir/Drops/SerpentLord.txt:265:1/15 LeatherBoots LV2 | Envir/Drops/SerpentLord.txt:426:1/15 LeatherBoots LV3 | Envir/Drops/SerpentLord.txt:585:1/15 LeatherBoots LV4
Item	622	SilkBoots	145	54	Envir/Drops,Envir/NPCs	Medium	Envir/Drops/AncientCaves/Ancient_BoneLord.txt:100:1/20 SilkBoots | Envir/Drops/AncientCaves/Ancient_WoomaGuardian.txt:78:1/3000 SilkBoots | Envir/Drops/AncientCaves/Ancient_ZumaTaurus.txt:154:1/10  SilkBoots | Envir/Drops/AncientCaves/Prajna/Ancient_BoneLord.txt:100:1/20 SilkBoots | Envir/Drops/AncientCaves/WoomaTemple/Ancient_WoomaGuardian.txt:78:1/3000 SilkBoots
Item	623	BlackBoots	94	52	Envir/Drops,Envir/NPCs	Medium	Envir/Drops/AncientCaves/Ancient_BoneLord.txt:99:1/20 BlackBoots | Envir/Drops/AncientCaves/Ancient_WhiteEvilBoar.txt:104:1/50 BlackBoots | Envir/Drops/AncientCaves/Ancient_ZumaTaurus.txt:155:1/20  BlackBoots | Envir/Drops/AncientCaves/Prajna/Ancient_BoneLord.txt:99:1/20 BlackBoots | Envir/Drops/AncientCaves/StoneTemple/Ancient_WhiteEvilBoar.txt:104:1/50 BlackBoots
Item	624	DragonBoots	94	59	Envir/Drops,Envir/NPCs	Medium	Envir/Drops/AncientCaves/Ancient_BoneLord.txt:101:1/30 DragonBoots | Envir/Drops/AncientCaves/Ancient_KingHog.txt:119:1/50 DragonBoots | Envir/Drops/AncientCaves/Ancient_RedThunderZuma.txt:115:1/100 DragonBoots | Envir/Drops/AncientCaves/Ancient_WhiteEvilBoar.txt:105:1/150 DragonBoots | Envir/Drops/AncientCaves/Ancient_ZumaTaurus.txt:156:1/30  DragonBoots
Item	625	RedScaleBoots	69	48	Envir/Drops,Envir/NPCs	Medium	Envir/Drops/AncientCaves/Ancient_BoneLord.txt:102:1/45 RedScaleBoots | Envir/Drops/AncientCaves/Ancient_KingHog.txt:120:1/100 RedScaleBoots | Envir/Drops/AncientCaves/Ancient_RedThunderZuma.txt:116:1/150 RedScaleBoots | Envir/Drops/AncientCaves/Ancient_WhiteEvilBoar.txt:106:1/200 RedScaleBoots | Envir/Drops/AncientCaves/Ancient_ZumaTaurus.txt:157:1/50  RedScaleBoots
Item	626	GoldPatternBoots	6	6	Envir/Drops,Envir/NPCs	Medium	Envir/Drops/DeadForest/Ruins/AncBringer.txt:99:1/120 GoldPatternBoots | Envir/Drops/FlameAssassin.txt:25:1/40000 GoldPatternBoots | Envir/Drops/SwampWarrior.txt:21:1/40000 GoldPatternBoots | Envir/Drops/Unused/DeadForest/AncBringer.txt:99:1/120 GoldPatternBoots | Envir/Drops/Unused/Trolls/TrollBomber.txt:26:1/40000 GoldPatternBoots
Item	627	HealthStone(S)	28	28	Envir/Drops,Envir/NPCs	Medium	Envir/Drops/AncientCaves/Ancient_AxeSkeleton.txt:71:1/1000 HealthStone(S) | Envir/Drops/AncientCaves/Ancient_AxeSkeleton0.txt:71:1/100 HealthStone(S) | Envir/Drops/AncientCaves/Ancient_BoneElite.txt:60:1/50 HealthStone(S) | Envir/Drops/AncientCaves/Ancient_BoneFighter.txt:71:1/1000 HealthStone(S) | Envir/Drops/AncientCaves/Ancient_BoneFighter0.txt:71:1/100 HealthStone(S)
Item	628	HealthStone(M)	53	53	Envir/Drops,Envir/NPCs	Medium	Envir/Drops/AncientCaves/Ancient_AxeSkeleton.txt:73:1/1400 HealthStone(M) | Envir/Drops/AncientCaves/Ancient_AxeSkeleton0.txt:73:1/140 HealthStone(M) | Envir/Drops/AncientCaves/Ancient_BlackMaggot.txt:63:1/1500 HealthStone(M) | Envir/Drops/AncientCaves/Ancient_BlackMaggot0.txt:63:1/150 HealthStone(M) | Envir/Drops/AncientCaves/Ancient_BoneFighter.txt:73:1/1400 HealthStone(M)
Item	629	HealthStone(L)	46	46	Envir/Drops,Envir/NPCs	Medium	Envir/Drops/AncientCaves/Ancient_WhiteBoar.txt:88:1/350 HealthStone(L) | Envir/Drops/AncientCaves/Ancient_WhiteEvilBoar.txt:114:1/150 HealthStone(L) | Envir/Drops/AncientCaves/StoneTemple/Ancient_WhiteBoar.txt:88:1/350 HealthStone(L) | Envir/Drops/AncientCaves/StoneTemple/Ancient_WhiteEvilBoar.txt:114:1/150 HealthStone(L) | Envir/Drops/MongchonProvince/BugCave/Tongs.txt:63:1/2000 HealthStone(L)
Item	630	HealthStone(XL)	30	30	Envir/Drops,Envir/NPCs	Medium	Envir/Drops/AncientCaves/Ancient_BoneCaptain.txt:71:1/10000 HealthStone(XL) | Envir/Drops/AncientCaves/Ancient_KingHog.txt:123:1/150 HealthStone(XL) | Envir/Drops/AncientCaves/Ancient_WhiteBoar.txt:94:1/550 HealthStone(XL) | Envir/Drops/AncientCaves/Prajna/Ancient_BoneCaptain.txt:71:1/10000 HealthStone(XL) | Envir/Drops/AncientCaves/StoneTemple/Ancient_KingHog.txt:123:1/150 HealthStone(XL)
Item	631	HealthStone	170	113	Envir/Drops,Envir/NPCs	Medium	Envir/Drops/AncientCaves/Ancient_AxeSkeleton.txt:71:1/1000 HealthStone(S) | Envir/Drops/AncientCaves/Ancient_AxeSkeleton.txt:73:1/1400 HealthStone(M) | Envir/Drops/AncientCaves/Ancient_AxeSkeleton0.txt:71:1/100 HealthStone(S) | Envir/Drops/AncientCaves/Ancient_AxeSkeleton0.txt:73:1/140 HealthStone(M) | Envir/Drops/AncientCaves/Ancient_BlackMaggot.txt:63:1/1500 HealthStone(M)
Item	632	MagicStone(S)	28	28	Envir/Drops,Envir/NPCs	Medium	Envir/Drops/AncientCaves/Ancient_AxeSkeleton.txt:72:1/1000 MagicStone(S) | Envir/Drops/AncientCaves/Ancient_AxeSkeleton0.txt:72:1/100 MagicStone(S) | Envir/Drops/AncientCaves/Ancient_BoneElite.txt:61:1/50 MagicStone(S) | Envir/Drops/AncientCaves/Ancient_BoneFighter.txt:72:1/1000 MagicStone(S) | Envir/Drops/AncientCaves/Ancient_BoneFighter0.txt:72:1/100 MagicStone(S)
Item	633	MagicStone(M)	53	53	Envir/Drops,Envir/NPCs	Medium	Envir/Drops/AncientCaves/Ancient_AxeSkeleton.txt:74:1/1400 MagicStone(M) | Envir/Drops/AncientCaves/Ancient_AxeSkeleton0.txt:74:1/140 MagicStone(M) | Envir/Drops/AncientCaves/Ancient_BlackMaggot.txt:64:1/1500 MagicStone(M) | Envir/Drops/AncientCaves/Ancient_BlackMaggot0.txt:64:1/150 MagicStone(M) | Envir/Drops/AncientCaves/Ancient_BoneFighter.txt:74:1/1400 MagicStone(M)
Item	634	MagicStone(L)	46	46	Envir/Drops,Envir/NPCs	Medium	Envir/Drops/AncientCaves/Ancient_WhiteBoar.txt:89:1/350 MagicStone(L) | Envir/Drops/AncientCaves/Ancient_WhiteEvilBoar.txt:115:1/150 MagicStone(L) | Envir/Drops/AncientCaves/StoneTemple/Ancient_WhiteBoar.txt:89:1/350 MagicStone(L) | Envir/Drops/AncientCaves/StoneTemple/Ancient_WhiteEvilBoar.txt:115:1/150 MagicStone(L) | Envir/Drops/MongchonProvince/BugCave/Tongs.txt:64:1/2000 MagicStone(L)
Item	635	MagicStone(XL)	30	30	Envir/Drops,Envir/NPCs	Medium	Envir/Drops/AncientCaves/Ancient_BoneCaptain.txt:72:1/10000 MagicStone(XL) | Envir/Drops/AncientCaves/Ancient_KingHog.txt:124:1/150 MagicStone(XL) | Envir/Drops/AncientCaves/Ancient_WhiteBoar.txt:95:1/550 MagicStone(XL) | Envir/Drops/AncientCaves/Prajna/Ancient_BoneCaptain.txt:72:1/10000 MagicStone(XL) | Envir/Drops/AncientCaves/StoneTemple/Ancient_KingHog.txt:124:1/150 MagicStone(XL)
Item	636	MagicStone	170	113	Envir/Drops,Envir/NPCs	Medium	Envir/Drops/AncientCaves/Ancient_AxeSkeleton.txt:72:1/1000 MagicStone(S) | Envir/Drops/AncientCaves/Ancient_AxeSkeleton.txt:74:1/1400 MagicStone(M) | Envir/Drops/AncientCaves/Ancient_AxeSkeleton0.txt:72:1/100 MagicStone(S) | Envir/Drops/AncientCaves/Ancient_AxeSkeleton0.txt:74:1/140 MagicStone(M) | Envir/Drops/AncientCaves/Ancient_BlackMaggot.txt:64:1/1500 MagicStone(M)
Item	637	PowerStone(S)	8	8	Envir/Drops,Envir/NPCs	Medium	Envir/Drops/AncientCaves/Ancient_BoneElite.txt:62:1/50 PowerStone(S) | Envir/Drops/AncientCaves/OmaCavern/Ancient_BoneElite.txt:62:1/50 PowerStone(S) | Envir/Drops/Provinces/ForestYeti.txt:67:1/1500 PowerStone(S) | Envir/Drops/Provinces/ForestYeti0.txt:67:1/1500 PowerStone(S) | Envir/Drops/Provinces/Oma.txt:56:1/400 PowerStone(S)
Item	638	PowerStone(M)	35	35	Envir/Drops,Envir/NPCs	Medium	Envir/Drops/AncientCaves/Ancient_BlackMaggot.txt:65:1/1500 PowerStone(M) | Envir/Drops/AncientCaves/Ancient_BlackMaggot0.txt:65:1/150 PowerStone(M) | Envir/Drops/AncientCaves/Ancient_GiantRat.txt:70:1/2000 PowerStone(M) | Envir/Drops/AncientCaves/Ancient_GiantRat0.txt:70:1/200 PowerStone(M) | Envir/Drops/AncientCaves/Ancient_WhiteBoar.txt:84:1/100 PowerStone(M)
Item	639	PowerStone(L)	44	44	Envir/Drops,Envir/NPCs	Medium	Envir/Drops/AncientCaves/Ancient_WhiteBoar.txt:90:1/350 PowerStone(L) | Envir/Drops/AncientCaves/Ancient_WhiteEvilBoar.txt:116:1/150 PowerStone(L) | Envir/Drops/AncientCaves/StoneTemple/Ancient_WhiteBoar.txt:90:1/350 PowerStone(L) | Envir/Drops/AncientCaves/StoneTemple/Ancient_WhiteEvilBoar.txt:116:1/150 PowerStone(L) | Envir/Drops/MongchonProvince/BugCave/Tongs.txt:65:1/2000 PowerStone(L)
Item	640	PowerStone(XL)	21	21	Envir/Drops,Envir/NPCs	Medium	Envir/Drops/AncientCaves/Ancient_KingHog.txt:125:1/150 PowerStone(XL) | Envir/Drops/AncientCaves/Ancient_WhiteBoar.txt:96:1/550 PowerStone(XL) | Envir/Drops/AncientCaves/StoneTemple/Ancient_KingHog.txt:125:1/150 PowerStone(XL) | Envir/Drops/AncientCaves/StoneTemple/Ancient_WhiteBoar.txt:96:1/550 PowerStone(XL) | Envir/Drops/MongchonProvince/StoneTomb/EvilSnake.txt:109:1/150 PowerStone(XL)
Item	641	PowerStone	116	80	Envir/Drops,Envir/NPCs	Medium	Envir/Drops/AncientCaves/Ancient_BlackMaggot.txt:65:1/1500 PowerStone(M) | Envir/Drops/AncientCaves/Ancient_BlackMaggot0.txt:65:1/150 PowerStone(M) | Envir/Drops/AncientCaves/Ancient_BoneElite.txt:62:1/50 PowerStone(S) | Envir/Drops/AncientCaves/Ancient_GiantRat.txt:70:1/2000 PowerStone(M) | Envir/Drops/AncientCaves/Ancient_GiantRat0.txt:70:1/200 PowerStone(M)
Item	642	DCStone(S)	13	13	Envir/Drops,Envir/NPCs,Envir/Recipe	Medium	Envir/Drops/AncientCaves/Ancient_BoneElite.txt:63:1/50 DCStone(S) | Envir/Drops/AncientCaves/OmaCavern/Ancient_BoneElite.txt:63:1/50 DCStone(S) | Envir/Drops/BichonProvince/OmaCave/BoneFighter.txt:57:1/1000 DCStone(S) | Envir/Drops/BichonProvince/OmaCave/BoneFighter0.txt:57:1/100 DCStone(S) | Envir/Drops/BichonProvince/OmaCave/BoneWarrior.txt:57:1/1000 DCStone(S)
Item	643	DCStone(M)	64	43	Envir/Drops,Envir/NPCs	Medium	Envir/Drops/AncientCaves/Ancient_BlackMaggot.txt:66:1/1500 DCStone(M) | Envir/Drops/AncientCaves/Ancient_BlackMaggot0.txt:66:1/150 DCStone(M) | Envir/Drops/AncientCaves/Ancient_GiantRat.txt:71:1/2000 DCStone(M) | Envir/Drops/AncientCaves/Ancient_GiantRat0.txt:71:1/200 DCStone(M) | Envir/Drops/AncientCaves/Ancient_WhiteBoar.txt:85:1/100 DCStone(M)
Item	644	DCStone(L)	159	75	Envir/Drops,Envir/NPCs	Medium	Envir/Drops/AncientCaves/Ancient_RoninGhoul.txt:69:1/250 DCStone(L) | Envir/Drops/AncientCaves/Ancient_ToxicGhoul.txt:62:1/250 DCStone(L) | Envir/Drops/AncientCaves/Ancient_WhiteBoar.txt:91:1/350 DCStone(L) | Envir/Drops/AncientCaves/Ancient_WhiteEvilBoar.txt:117:1/150 DCStone(L) | Envir/Drops/AncientCaves/Ancient_WoomaTaurus.txt:117:1/40 DCStone(L)
Item	645	DCStone(XL)	135	65	Envir/Drops,Envir/NPCs	Medium	Envir/Drops/AncientCaves/Ancient_BoneCaptain.txt:68:1/30000 DCStone(XL) | Envir/Drops/AncientCaves/Ancient_KingHog.txt:126:1/150 DCStone(XL) | Envir/Drops/AncientCaves/Ancient_RoninGhoul.txt:70:1/500 DCStone(XL) | Envir/Drops/AncientCaves/Ancient_ToxicGhoul.txt:63:1/500 DCStone(XL) | Envir/Drops/AncientCaves/Ancient_WhiteBoar.txt:97:1/550 DCStone(XL)
Item	646	DCStone	400	138	Envir/Drops,Envir/NPCs,Envir/Recipe	Medium	Envir/Drops/AncientCaves/Ancient_BlackMaggot.txt:66:1/1500 DCStone(M) | Envir/Drops/AncientCaves/Ancient_BlackMaggot0.txt:66:1/150 DCStone(M) | Envir/Drops/AncientCaves/Ancient_BoneCaptain.txt:68:1/30000 DCStone(XL) | Envir/Drops/AncientCaves/Ancient_BoneElite.txt:63:1/50 DCStone(S) | Envir/Drops/AncientCaves/Ancient_GiantRat.txt:71:1/2000 DCStone(M)
Item	647	MCStone(S)	13	13	Envir/Drops,Envir/NPCs,Envir/Recipe	Medium	Envir/Drops/AncientCaves/Ancient_BoneElite.txt:64:1/50 MCStone(S) | Envir/Drops/AncientCaves/OmaCavern/Ancient_BoneElite.txt:64:1/50 MCStone(S) | Envir/Drops/BichonProvince/OmaCave/BoneFighter.txt:58:1/1000 MCStone(S) | Envir/Drops/BichonProvince/OmaCave/BoneFighter0.txt:58:1/100 MCStone(S) | Envir/Drops/BichonProvince/OmaCave/BoneWarrior.txt:58:1/1000 MCStone(S)
Item	648	MCStone(M)	65	43	Envir/Drops,Envir/NPCs	Medium	Envir/Drops/AncientCaves/Ancient_BlackMaggot.txt:67:1/1500 MCStone(M) | Envir/Drops/AncientCaves/Ancient_BlackMaggot0.txt:67:1/150 MCStone(M) | Envir/Drops/AncientCaves/Ancient_GiantRat.txt:72:1/2000 MCStone(M) | Envir/Drops/AncientCaves/Ancient_GiantRat0.txt:72:1/200 MCStone(M) | Envir/Drops/AncientCaves/Ancient_WhiteBoar.txt:86:1/100 MCStone(M)
Item	649	MCStone(L)	159	75	Envir/Drops,Envir/NPCs	Medium	Envir/Drops/AncientCaves/Ancient_RoninGhoul.txt:71:1/250 MCStone(L) | Envir/Drops/AncientCaves/Ancient_ToxicGhoul.txt:64:1/250 MCStone(L) | Envir/Drops/AncientCaves/Ancient_WhiteBoar.txt:92:1/350 MCStone(L) | Envir/Drops/AncientCaves/Ancient_WhiteEvilBoar.txt:118:1/150 MCStone(L) | Envir/Drops/AncientCaves/Ancient_WoomaTaurus.txt:118:1/40 MCStone(L)
Item	650	MCStone(XL)	135	65	Envir/Drops,Envir/NPCs	Medium	Envir/Drops/AncientCaves/Ancient_BoneCaptain.txt:69:1/30000 MCStone(XL) | Envir/Drops/AncientCaves/Ancient_KingHog.txt:127:1/150 MCStone(XL) | Envir/Drops/AncientCaves/Ancient_RoninGhoul.txt:72:1/500 MCStone(XL) | Envir/Drops/AncientCaves/Ancient_ToxicGhoul.txt:65:1/500 MCStone(XL) | Envir/Drops/AncientCaves/Ancient_WhiteBoar.txt:98:1/550 MCStone(XL)
Item	651	MCStone	401	138	Envir/Drops,Envir/NPCs,Envir/Recipe	Medium	Envir/Drops/AncientCaves/Ancient_BlackMaggot.txt:67:1/1500 MCStone(M) | Envir/Drops/AncientCaves/Ancient_BlackMaggot0.txt:67:1/150 MCStone(M) | Envir/Drops/AncientCaves/Ancient_BoneCaptain.txt:69:1/30000 MCStone(XL) | Envir/Drops/AncientCaves/Ancient_BoneElite.txt:64:1/50 MCStone(S) | Envir/Drops/AncientCaves/Ancient_GiantRat.txt:72:1/2000 MCStone(M)
Item	652	SCStone(S)	13	13	Envir/Drops,Envir/NPCs,Envir/Recipe	Medium	Envir/Drops/AncientCaves/Ancient_BoneElite.txt:65:1/50 SCStone(S) | Envir/Drops/AncientCaves/OmaCavern/Ancient_BoneElite.txt:65:1/50 SCStone(S) | Envir/Drops/BichonProvince/OmaCave/BoneFighter.txt:59:1/1000 SCStone(S) | Envir/Drops/BichonProvince/OmaCave/BoneFighter0.txt:59:1/100 SCStone(S) | Envir/Drops/BichonProvince/OmaCave/BoneWarrior.txt:59:1/1000 SCStone(S)
Item	653	SCStone(M)	63	42	Envir/Drops,Envir/NPCs	Medium	Envir/Drops/AncientCaves/Ancient_BlackMaggot.txt:68:1/1500 SCStone(M) | Envir/Drops/AncientCaves/Ancient_BlackMaggot0.txt:68:1/150 SCStone(M) | Envir/Drops/AncientCaves/Ancient_GiantRat.txt:73:1/2000 SCStone(M) | Envir/Drops/AncientCaves/Ancient_GiantRat0.txt:73:1/200 SCStone(M) | Envir/Drops/AncientCaves/Ancient_WhiteBoar.txt:87:1/100 SCStone(M)
Item	654	SCStone(L)	159	75	Envir/Drops,Envir/NPCs	Medium	Envir/Drops/AncientCaves/Ancient_RoninGhoul.txt:73:1/250 SCStone(L) | Envir/Drops/AncientCaves/Ancient_ToxicGhoul.txt:66:1/250 SCStone(L) | Envir/Drops/AncientCaves/Ancient_WhiteBoar.txt:93:1/350 SCStone(L) | Envir/Drops/AncientCaves/Ancient_WhiteEvilBoar.txt:119:1/150 SCStone(L) | Envir/Drops/AncientCaves/Ancient_WoomaTaurus.txt:119:1/40 SCStone(L)
Item	655	SCStone(XL)	135	65	Envir/Drops,Envir/NPCs	Medium	Envir/Drops/AncientCaves/Ancient_BoneCaptain.txt:70:1/30000 SCStone(XL) | Envir/Drops/AncientCaves/Ancient_KingHog.txt:128:1/150 SCStone(XL) | Envir/Drops/AncientCaves/Ancient_RoninGhoul.txt:74:1/500 SCStone(XL) | Envir/Drops/AncientCaves/Ancient_ToxicGhoul.txt:67:1/500 SCStone(XL) | Envir/Drops/AncientCaves/Ancient_WhiteBoar.txt:99:1/550 SCStone(XL)
Item	656	SCStone	399	138	Envir/Drops,Envir/NPCs,Envir/Recipe	Medium	Envir/Drops/AncientCaves/Ancient_BlackMaggot.txt:68:1/1500 SCStone(M) | Envir/Drops/AncientCaves/Ancient_BlackMaggot0.txt:68:1/150 SCStone(M) | Envir/Drops/AncientCaves/Ancient_BoneCaptain.txt:70:1/30000 SCStone(XL) | Envir/Drops/AncientCaves/Ancient_BoneElite.txt:65:1/50 SCStone(S) | Envir/Drops/AncientCaves/Ancient_GiantRat.txt:73:1/2000 SCStone(M)
Item	657	FrozenStone	3	3	Envir/Drops,Envir/NPCs	Medium	Envir/Drops/Unused/Lords/WhiteValleyLord.txt:123:1/800 FrozenStone | Envir/Drops/WhiteValleyQueen.txt:109:1/800 FrozenStone | Envir/NPCs/GM/GM-Stone.txt:60:FrozenStone
Item	658	(HP)DrugSmall	156	74	Envir/Drops,Envir/NPCs,Envir/Quests	Medium	Envir/Drops/AncientCaves/Ancient_CaveBat.txt:2:1/5 (HP)DrugSmall | Envir/Drops/AncientCaves/Ancient_CaveBat0.txt:2:1/1 (HP)DrugSmall | Envir/Drops/AncientCaves/Ancient_CaveBat0.txt:4:1/3 (HP)DrugSmall | Envir/Drops/BichonProvince/OmaCave/CaveBat.txt:5:1/5 (HP)DrugSmall | Envir/Drops/BichonProvince/OmaCave/CaveBat0.txt:5:1/1 (HP)DrugSmall
Item	659	(MP)DrugSmall	155	73	Envir/Drops,Envir/NPCs	Medium	Envir/Drops/AncientCaves/Ancient_CaveBat.txt:3:1/5 (MP)DrugSmall | Envir/Drops/AncientCaves/Ancient_CaveBat0.txt:3:1/1 (MP)DrugSmall | Envir/Drops/AncientCaves/Ancient_CaveBat0.txt:5:1/3 (MP)DrugSmall | Envir/Drops/BichonProvince/OmaCave/CaveBat.txt:6:1/5 (MP)DrugSmall | Envir/Drops/BichonProvince/OmaCave/CaveBat0.txt:6:1/1 (MP)DrugSmall
Item	660	(HP)DrugMedium	680	336	Envir/Drops,Envir/NPCs	Medium	Envir/Drops/AncientCaves/Ancient_AxeSkeleton.txt:77:1/200 (HP)DrugMedium | Envir/Drops/AncientCaves/Ancient_AxeSkeleton0.txt:77:1/20 (HP)DrugMedium | Envir/Drops/AncientCaves/Ancient_AxeSkeleton0.txt:79:1/20 (HP)DrugMedium | Envir/Drops/AncientCaves/Ancient_AxeSkeleton0.txt:81:1/20 (HP)DrugMedium | Envir/Drops/AncientCaves/Ancient_BlackBoar.txt:67:1/20 (HP)DrugMedium
Item	661	(MP)DrugMedium	645	329	Envir/Drops,Envir/NPCs	Medium	Envir/Drops/AncientCaves/Ancient_AxeSkeleton.txt:78:1/200 (MP)DrugMedium | Envir/Drops/AncientCaves/Ancient_AxeSkeleton0.txt:78:1/20 (MP)DrugMedium | Envir/Drops/AncientCaves/Ancient_AxeSkeleton0.txt:80:1/20 (MP)DrugMedium | Envir/Drops/AncientCaves/Ancient_AxeSkeleton0.txt:82:1/20 (MP)DrugMedium | Envir/Drops/AncientCaves/Ancient_BlackBoar.txt:68:1/20 (MP)DrugMedium
Item	662	(HP)DrugLarge	1253	459	Envir/Drops,Envir/NPCs,Envir/Recipe	Medium	Envir/Drops/AncientCaves/Ancient_BoneArcher.txt:7:1/30 (HP)DrugLarge | Envir/Drops/AncientCaves/Ancient_BoneArcher0.txt:5:1/5 (HP)DrugLarge | Envir/Drops/AncientCaves/Ancient_BoneBlademan.txt:7:1/20 (HP)DrugLarge | Envir/Drops/AncientCaves/Ancient_BoneBlademan0.txt:5:1/5 (HP)DrugLarge | Envir/Drops/AncientCaves/Ancient_BoneCaptain.txt:6:1/30 (HP)DrugLarge
Item	663	(MP)DrugLarge	1286	459	Envir/Drops,Envir/NPCs,Envir/Recipe	Medium	Envir/Drops/AncientCaves/Ancient_BoneArcher.txt:8:1/30 (MP)DrugLarge | Envir/Drops/AncientCaves/Ancient_BoneArcher0.txt:6:1/5 (MP)DrugLarge | Envir/Drops/AncientCaves/Ancient_BoneBlademan.txt:8:1/20 (MP)DrugLarge | Envir/Drops/AncientCaves/Ancient_BoneBlademan0.txt:6:1/5 (MP)DrugLarge | Envir/Drops/AncientCaves/Ancient_BoneCaptain.txt:7:1/30 (MP)DrugLarge
Item	664	(HP)DrugXL	577	236	Envir/Drops,Envir/NPCs,Envir/Recipe	Medium	Envir/Drops/AncientCaves/Ancient_BoneArcher0.txt:7:1/5 (HP)DrugXL | Envir/Drops/AncientCaves/Ancient_BoneBlademan0.txt:7:1/5 (HP)DrugXL | Envir/Drops/AncientCaves/Ancient_BoneCaptain0.txt:5:1/10 (HP)DrugXL | Envir/Drops/AncientCaves/Ancient_BoneLord.txt:14:1/1 (HP)DrugXL | Envir/Drops/AncientCaves/Ancient_BoneLord.txt:16:1/2 (HP)DrugXL
Item	665	(MP)DrugXL	586	236	Envir/Drops,Envir/NPCs,Envir/Recipe	Medium	Envir/Drops/AncientCaves/Ancient_BoneArcher0.txt:8:1/5 (MP)DrugXL | Envir/Drops/AncientCaves/Ancient_BoneBlademan0.txt:8:1/5 (MP)DrugXL | Envir/Drops/AncientCaves/Ancient_BoneCaptain0.txt:6:1/10 (MP)DrugXL | Envir/Drops/AncientCaves/Ancient_BoneLord.txt:15:1/1 (MP)DrugXL | Envir/Drops/AncientCaves/Ancient_BoneLord.txt:17:1/2 (MP)DrugXL
Item	666	(HP)PotionSmall	1	1	Envir/Drops	Medium	Envir/Drops/SerpantValley/ViperCave/Yimoogi.txt:121:1/1 (HP)PotionSmall
Item	667	(MP)PotionSmall	1	1	Envir/Drops	Medium	Envir/Drops/SerpantValley/ViperCave/Yimoogi.txt:122:1/1 (MP)PotionSmall
Item	670	SunPotion	4452	699	Envir/Drops,Envir/NPCs,Envir/Recipe	Medium	Envir/Drops/AncientCaves/Ancient_ArmingWeaver.txt:5:1/8 SunPotion | Envir/Drops/AncientCaves/Ancient_ArmingWeaver.txt:6:1/8 SunPotion | Envir/Drops/AncientCaves/Ancient_ArmingWeaver0.txt:6:1/8 SunPotion | Envir/Drops/AncientCaves/Ancient_ArmingWeaver0.txt:7:1/8 SunPotion | Envir/Drops/AncientCaves/Ancient_AxeSkeleton.txt:79:1/300 SunPotion
Item	671	SunPotion(M)	1501	408	Envir/Drops,Envir/NPCs,Envir/Recipe	Medium	Envir/Drops/AncientCaves/Ancient_BlackBoar.txt:70:1/200 SunPotion(M) | Envir/Drops/AncientCaves/Ancient_BlackBoar.txt:71:1/600 SunPotion(M) | Envir/Drops/AncientCaves/Ancient_BlackBoar0.txt:70:1/20 SunPotion(M) | Envir/Drops/AncientCaves/Ancient_BlackBoar0.txt:71:1/60 SunPotion(M) | Envir/Drops/AncientCaves/Ancient_BlackMaggot.txt:74:1/600 SunPotion(M)
Item	672	Ginseng	1	1	Envir/NPCs	Medium	Envir/NPCs/GM/GM-Potion.txt:48:Ginseng
Item	673	OldGinseng	119	112	Envir/Drops,Envir/NPCs,Envir/Recipe	Medium	Envir/Drops/AncientCaves/Ancient_BlackMaggot.txt:75:1/600 OldGinseng | Envir/Drops/AncientCaves/Ancient_BlackMaggot0.txt:79:1/60 OldGinseng | Envir/Drops/AncientCaves/Ancient_FlamingWooma.txt:12:1/500 OldGinseng | Envir/Drops/AncientCaves/Ancient_GiantRat.txt:82:1/1000 OldGinseng | Envir/Drops/AncientCaves/Ancient_GiantRat0.txt:82:1/100 OldGinseng
Item	674	Apple	26	19	Envir/Drops	Medium	Envir/Drops/BichonProvince/OmaCave/OmaKingSpirit.txt:32:1/10 Apple | Envir/Drops/BichonProvince/OmaCave/OmaKingSpirit.txt:33:1/15 Apple | Envir/Drops/PastBichon/OmaValley/OmaKing.txt:32:1/10 Apple | Envir/Drops/PastBichon/OmaValley/OmaKing.txt:33:1/15 Apple | Envir/Drops/TaoVillage/TreePath/RedValley/BigApe.txt:18:1/1000 Apple
Item	675	ImpactDrug(S)	115	94	Envir/Drops,Envir/Recipe	Medium	Envir/Drops/AncientCaves/Ancient_BoneElite.txt:91:1/30 ImpactDrug(S) | Envir/Drops/AncientCaves/Ancient_BoneSpearman.txt:12:1/100 ImpactDrug(S) | Envir/Drops/AncientCaves/Ancient_KingHog.txt:161:1/30 ImpactDrug(S) | Envir/Drops/AncientCaves/Ancient_WhiteBoar.txt:131:1/30 ImpactDrug(S) | Envir/Drops/AncientCaves/Ancient_WhiteEvilBoar.txt:10:1/30 ImpactDrug(S)
Item	676	ImpactDrug(M)	57	50	Envir/Drops	Medium	Envir/Drops/AncientCaves/Ancient_BoneLord.txt:31:1/30 ImpactDrug(M) | Envir/Drops/AncientCaves/Ancient_BoneLord0.txt:23:1/30 ImpactDrug(M) | Envir/Drops/AncientCaves/Ancient_RedThunderZuma.txt:139:1/30 ImpactDrug(M) | Envir/Drops/AncientCaves/Ancient_WoomaTaurus.txt:31:1/40 ImpactDrug(M) | Envir/Drops/AncientCaves/Prajna/Ancient_BoneLord.txt:31:1/30 ImpactDrug(M)
Item	677	ImpactDrug(L)	33	26	Envir/Drops,Envir/Recipe	Medium	Envir/Drops/BichonProvince/OmaCave/OmaKingSpirit.txt:36:1/10 ImpactDrug(L) | Envir/Drops/Bunny.txt:10:1/250 ImpactDrug(L) | Envir/Drops/Bunny2.txt:10:1/175 ImpactDrug(L) | Envir/Drops/Castle-Gi/BDD/IncarnatedZT.txt:28:1/100 ImpactDrug(L) | Envir/Drops/GreatFoxSpirit.txt:115:1/30 ImpactDrug(L)
Item	678	MagicDrug(S)	109	88	Envir/Drops	Medium	Envir/Drops/AncientCaves/Ancient_BoneElite.txt:92:1/30 MagicDrug(S) | Envir/Drops/AncientCaves/Ancient_BoneSpearman.txt:14:1/100 MagicDrug(S) | Envir/Drops/AncientCaves/Ancient_KingHog.txt:162:1/30 MagicDrug(S) | Envir/Drops/AncientCaves/Ancient_WhiteBoar.txt:132:1/30 MagicDrug(S) | Envir/Drops/AncientCaves/Ancient_WhiteEvilBoar.txt:11:1/30 MagicDrug(S)
Item	679	MagicDrug(M)	57	50	Envir/Drops	Medium	Envir/Drops/AncientCaves/Ancient_BoneLord.txt:30:1/30 MagicDrug(M) | Envir/Drops/AncientCaves/Ancient_BoneLord0.txt:22:1/30 MagicDrug(M) | Envir/Drops/AncientCaves/Ancient_RedThunderZuma.txt:140:1/30 MagicDrug(M) | Envir/Drops/AncientCaves/Ancient_WoomaTaurus.txt:32:1/40 MagicDrug(M) | Envir/Drops/AncientCaves/Prajna/Ancient_BoneLord.txt:30:1/30 MagicDrug(M)
Item	680	MagicDrug(L)	33	26	Envir/Drops,Envir/Recipe	Medium	Envir/Drops/BichonProvince/OmaCave/OmaKingSpirit.txt:37:1/10 MagicDrug(L) | Envir/Drops/Bunny.txt:11:1/250 MagicDrug(L) | Envir/Drops/Bunny2.txt:11:1/175 MagicDrug(L) | Envir/Drops/Castle-Gi/BDD/IncarnatedZT.txt:29:1/100 MagicDrug(L) | Envir/Drops/GreatFoxSpirit.txt:116:1/30 MagicDrug(L)
Item	681	TaoistDrug(S)	107	86	Envir/Drops	Medium	Envir/Drops/AncientCaves/Ancient_BoneElite.txt:93:1/30 TaoistDrug(S) | Envir/Drops/AncientCaves/Ancient_BoneSpearman.txt:13:1/100 TaoistDrug(S) | Envir/Drops/AncientCaves/Ancient_KingHog.txt:163:1/30 TaoistDrug(S) | Envir/Drops/AncientCaves/Ancient_WhiteBoar.txt:133:1/30 TaoistDrug(S) | Envir/Drops/AncientCaves/Ancient_WhiteEvilBoar.txt:12:1/30 TaoistDrug(S)
Item	682	TaoistDrug(M)	57	50	Envir/Drops	Medium	Envir/Drops/AncientCaves/Ancient_BoneLord.txt:29:1/30 TaoistDrug(M) | Envir/Drops/AncientCaves/Ancient_BoneLord0.txt:21:1/30 TaoistDrug(M) | Envir/Drops/AncientCaves/Ancient_RedThunderZuma.txt:141:1/30 TaoistDrug(M) | Envir/Drops/AncientCaves/Ancient_WoomaTaurus.txt:33:1/40 TaoistDrug(M) | Envir/Drops/AncientCaves/Prajna/Ancient_BoneLord.txt:29:1/30 TaoistDrug(M)
Item	683	TaoistDrug(L)	33	26	Envir/Drops,Envir/Recipe	Medium	Envir/Drops/BichonProvince/OmaCave/OmaKingSpirit.txt:38:1/10 TaoistDrug(L) | Envir/Drops/Bunny.txt:12:1/250 TaoistDrug(L) | Envir/Drops/Bunny2.txt:12:1/175 TaoistDrug(L) | Envir/Drops/Castle-Gi/BDD/IncarnatedZT.txt:30:1/100 TaoistDrug(L) | Envir/Drops/GreatFoxSpirit.txt:117:1/30 TaoistDrug(L)
Item	684	StormDrug(S)	135	114	Envir/Drops	Medium	Envir/Drops/AncientCaves/Ancient_BoneElite.txt:94:1/30 StormDrug(S) | Envir/Drops/AncientCaves/Ancient_GiantRat.txt:83:1/200 StormDrug(S) | Envir/Drops/AncientCaves/Ancient_GiantRat0.txt:83:1/200 StormDrug(S) | Envir/Drops/AncientCaves/Ancient_KingHog.txt:164:1/30 StormDrug(S) | Envir/Drops/AncientCaves/Ancient_WhiteBoar.txt:134:1/30 StormDrug(S)
Item	685	StormDrug(M)	24	17	Envir/Drops	Medium	Envir/Drops/AncientCaves/Ancient_BoneLord.txt:32:1/30 StormDrug(M) | Envir/Drops/AncientCaves/Ancient_BoneLord0.txt:24:1/30 StormDrug(M) | Envir/Drops/AncientCaves/Ancient_RedThunderZuma.txt:142:1/30 StormDrug(M) | Envir/Drops/AncientCaves/Prajna/Ancient_BoneLord.txt:32:1/30 StormDrug(M) | Envir/Drops/AncientCaves/Prajna/Ancient_BoneLord0.txt:24:1/30 StormDrug(M)
Item	686	StormDrug(L)	29	22	Envir/Drops	Medium	Envir/Drops/BichonProvince/OmaCave/OmaKingSpirit.txt:39:1/10 StormDrug(L) | Envir/Drops/Bunny.txt:13:1/250 StormDrug(L) | Envir/Drops/Bunny2.txt:13:1/175 StormDrug(L) | Envir/Drops/KingOfWildBeast.txt:21:1/10 StormDrug(L) | Envir/Drops/KingOfWildBeast0.txt:20:1/10 StormDrug(L)
Item	687	StaminaAid(S)	88	67	Envir/Drops,Envir/Recipe	Medium	Envir/Drops/AncientCaves/Ancient_BoneElite.txt:95:1/30 StaminaAid(S) | Envir/Drops/AncientCaves/Ancient_KingHog.txt:165:1/30 StaminaAid(S) | Envir/Drops/AncientCaves/Ancient_WhiteBoar.txt:135:1/30 StaminaAid(S) | Envir/Drops/AncientCaves/Ancient_WhiteEvilBoar.txt:14:1/30 StaminaAid(S) | Envir/Drops/AncientCaves/OmaCavern/Ancient_BoneElite.txt:95:1/30 StaminaAid(S)
Item	688	StaminaAid(M)	9	9	Envir/Drops	Medium	Envir/Drops/AncientCaves/Ancient_RedThunderZuma.txt:143:1/30 StaminaAid(M) | Envir/Drops/AncientCaves/ZumaTemple/Ancient_RedThunderZuma.txt:143:1/30 StaminaAid(M) | Envir/Drops/BlackFoxMan0.txt:14:1/25 StaminaAid(M) | Envir/Drops/HellDestroyer.txt:153:1/30 StaminaAid(M) | Envir/Drops/MongchonProvince/BugCave/EvilCentipede.txt:100:1/5 StaminaAid(M)
Item	689	StaminaAid(L)	3	3	Envir/Drops	Medium	Envir/Drops/Bunny.txt:14:1/250 StaminaAid(L) | Envir/Drops/Bunny2.txt:14:1/175 StaminaAid(L) | Envir/Drops/Thumper.txt:20:1/25 StaminaAid(L)
Item	690	MagicAid(S)	80	59	Envir/Drops,Envir/Recipe	Medium	Envir/Drops/AncientCaves/Ancient_BoneElite.txt:96:1/30 MagicAid(S) | Envir/Drops/AncientCaves/Ancient_KingHog.txt:166:1/30 MagicAid(S) | Envir/Drops/AncientCaves/Ancient_WhiteBoar.txt:136:1/30 MagicAid(S) | Envir/Drops/AncientCaves/Ancient_WhiteEvilBoar.txt:15:1/30 MagicAid(S) | Envir/Drops/AncientCaves/OmaCavern/Ancient_BoneElite.txt:96:1/30 MagicAid(S)
Item	691	MagicAid(M)	9	9	Envir/Drops	Medium	Envir/Drops/AncientCaves/Ancient_RedThunderZuma.txt:144:1/30 MagicAid(M) | Envir/Drops/AncientCaves/ZumaTemple/Ancient_RedThunderZuma.txt:144:1/30 MagicAid(M) | Envir/Drops/BlackFoxMan0.txt:15:1/25 MagicAid(M) | Envir/Drops/HellDestroyer.txt:154:1/30 MagicAid(M) | Envir/Drops/MongchonProvince/BugCave/EvilCentipede.txt:101:1/5 MagicAid(M)
Item	692	MagicAid(L)	3	3	Envir/Drops	Medium	Envir/Drops/Bunny.txt:15:1/250 MagicAid(L) | Envir/Drops/Bunny2.txt:15:1/175 MagicAid(L) | Envir/Drops/Thumper.txt:21:1/25 MagicAid(L)
Item	693	SpencerDrug	1	1	Envir/NPCs	Medium	Envir/NPCs/GM/GM-Potion.txt:58:SpencerDrug
Item	694	Dumpling	17	17	Envir/NPCs	Medium	Envir/NPCs/BichonProvince/BichonWall/CraftsLady-0.txt:28:Dumpling | Envir/NPCs/BichonProvince/BichonWall/CraftsLady.txt:28:Dumpling | Envir/NPCs/BichonProvince/BorderVillage/CraftLady-0.txt:28:Dumpling | Envir/NPCs/BichonProvince/BorderVillage/CraftLady.txt:28:Dumpling | Envir/NPCs/GM/GM-CraftingMaterial.txt:42:Dumpling
Item	695	BeefDumpling	17	17	Envir/NPCs	Medium	Envir/NPCs/BichonProvince/BichonWall/CraftsLady-0.txt:29:BeefDumpling | Envir/NPCs/BichonProvince/BichonWall/CraftsLady.txt:29:BeefDumpling | Envir/NPCs/BichonProvince/BorderVillage/CraftLady-0.txt:29:BeefDumpling | Envir/NPCs/BichonProvince/BorderVillage/CraftLady.txt:29:BeefDumpling | Envir/NPCs/GM/GM-CraftingMaterial.txt:43:BeefDumpling
Item	696	ChickenDumpling	17	17	Envir/NPCs	Medium	Envir/NPCs/BichonProvince/BichonWall/CraftsLady-0.txt:31:ChickenDumpling | Envir/NPCs/BichonProvince/BichonWall/CraftsLady.txt:31:ChickenDumpling | Envir/NPCs/BichonProvince/BorderVillage/CraftLady-0.txt:31:ChickenDumpling | Envir/NPCs/BichonProvince/BorderVillage/CraftLady.txt:31:ChickenDumpling | Envir/NPCs/GM/GM-CraftingMaterial.txt:45:ChickenDumpling
Item	697	EggDumpling	17	17	Envir/NPCs	Medium	Envir/NPCs/BichonProvince/BichonWall/CraftsLady-0.txt:32:EggDumpling | Envir/NPCs/BichonProvince/BichonWall/CraftsLady.txt:32:EggDumpling | Envir/NPCs/BichonProvince/BorderVillage/CraftLady-0.txt:32:EggDumpling | Envir/NPCs/BichonProvince/BorderVillage/CraftLady.txt:32:EggDumpling | Envir/NPCs/GM/GM-CraftingMaterial.txt:46:EggDumpling
Item	698	BoneDumpling	17	17	Envir/NPCs	Medium	Envir/NPCs/BichonProvince/BichonWall/CraftsLady-0.txt:30:BoneDumpling | Envir/NPCs/BichonProvince/BichonWall/CraftsLady.txt:30:BoneDumpling | Envir/NPCs/BichonProvince/BorderVillage/CraftLady-0.txt:30:BoneDumpling | Envir/NPCs/BichonProvince/BorderVillage/CraftLady.txt:30:BoneDumpling | Envir/NPCs/GM/GM-CraftingMaterial.txt:44:BoneDumpling
Item	699	HerbalTea	17	17	Envir/NPCs	Medium	Envir/NPCs/BichonProvince/BichonWall/CraftsLady-0.txt:36:HerbalTea | Envir/NPCs/BichonProvince/BichonWall/CraftsLady.txt:36:HerbalTea | Envir/NPCs/BichonProvince/BorderVillage/CraftLady-0.txt:36:HerbalTea | Envir/NPCs/BichonProvince/BorderVillage/CraftLady.txt:36:HerbalTea | Envir/NPCs/GM/GM-CraftingMaterial.txt:50:HerbalTea
Item	700	MeatSoup	17	17	Envir/NPCs	Medium	Envir/NPCs/BichonProvince/BichonWall/CraftsLady-0.txt:37:MeatSoup | Envir/NPCs/BichonProvince/BichonWall/CraftsLady.txt:37:MeatSoup | Envir/NPCs/BichonProvince/BorderVillage/CraftLady-0.txt:37:MeatSoup | Envir/NPCs/BichonProvince/BorderVillage/CraftLady.txt:37:MeatSoup | Envir/NPCs/GM/GM-CraftingMaterial.txt:51:MeatSoup
Item	701	ZerkSoup	17	17	Envir/NPCs	Medium	Envir/NPCs/BichonProvince/BichonWall/CraftsLady-0.txt:38:ZerkSoup | Envir/NPCs/BichonProvince/BichonWall/CraftsLady.txt:38:ZerkSoup | Envir/NPCs/BichonProvince/BorderVillage/CraftLady-0.txt:38:ZerkSoup | Envir/NPCs/BichonProvince/BorderVillage/CraftLady.txt:38:ZerkSoup | Envir/NPCs/GM/GM-CraftingMaterial.txt:52:ZerkSoup
Item	702	ChickenBroth	17	17	Envir/NPCs	Medium	Envir/NPCs/BichonProvince/BichonWall/CraftsLady-0.txt:34:ChickenBroth | Envir/NPCs/BichonProvince/BichonWall/CraftsLady.txt:34:ChickenBroth | Envir/NPCs/BichonProvince/BorderVillage/CraftLady-0.txt:34:ChickenBroth | Envir/NPCs/BichonProvince/BorderVillage/CraftLady.txt:34:ChickenBroth | Envir/NPCs/GM/GM-CraftingMaterial.txt:48:ChickenBroth
Item	703	EggBroth	17	17	Envir/NPCs	Medium	Envir/NPCs/BichonProvince/BichonWall/CraftsLady-0.txt:35:EggBroth | Envir/NPCs/BichonProvince/BichonWall/CraftsLady.txt:35:EggBroth | Envir/NPCs/BichonProvince/BorderVillage/CraftLady-0.txt:35:EggBroth | Envir/NPCs/BichonProvince/BorderVillage/CraftLady.txt:35:EggBroth | Envir/NPCs/GM/GM-CraftingMaterial.txt:49:EggBroth
Item	704	BoneBroth	17	17	Envir/NPCs	Medium	Envir/NPCs/BichonProvince/BichonWall/CraftsLady-0.txt:33:BoneBroth | Envir/NPCs/BichonProvince/BichonWall/CraftsLady.txt:33:BoneBroth | Envir/NPCs/BichonProvince/BorderVillage/CraftLady-0.txt:33:BoneBroth | Envir/NPCs/BichonProvince/BorderVillage/CraftLady.txt:33:BoneBroth | Envir/NPCs/GM/GM-CraftingMaterial.txt:47:BoneBroth
Item	706	RepairOil	156	64	Envir/Drops,Envir/NPCs,Envir/Quests,Envir/Recipe	High	Envir/Drops/AncientCaves/Ancient_BoneBlademan.txt:11:1/100 RepairOil | Envir/Drops/AncientCaves/Ancient_BoneCaptain.txt:10:1/100 RepairOil | Envir/Drops/AncientCaves/Ancient_BoneCaptain0.txt:9:1/100 RepairOil | Envir/Drops/AncientCaves/Ancient_BoneSpearman.txt:10:1/300 RepairOil | Envir/Drops/AncientCaves/Ancient_RoninGhoul.txt:11:1/170 RepairOil
Item	707	WarGodOil	63	55	Envir/Drops,Envir/NPCs	Medium	Envir/Drops/AncientCaves/Ancient_BoneCaptain.txt:11:1/1200 WarGodOil | Envir/Drops/AncientCaves/Ancient_BoneCaptain0.txt:10:1/800 WarGodOil | Envir/Drops/AncientCaves/Ancient_BoneLord.txt:28:1/5 WarGodOil | Envir/Drops/AncientCaves/Ancient_BoneLord0.txt:20:1/5 WarGodOil | Envir/Drops/AncientCaves/Ancient_BoneSpearman.txt:11:1/500 WarGodOil
Item	709	BenedictionOil	369	153	Envir/Drops,Envir/NPCs	High	Envir/Drops/AncientCaves/Ancient_BoneCaptain.txt:12:1/10000 BenedictionOil | Envir/Drops/AncientCaves/Ancient_BoneCaptain0.txt:11:1/15000 BenedictionOil | Envir/Drops/AncientCaves/Ancient_BoneLord.txt:26:1/3 BenedictionOil | Envir/Drops/AncientCaves/Ancient_BoneLord.txt:27:1/10 BenedictionOil | Envir/Drops/AncientCaves/Ancient_BoneLord0.txt:19:1/3 BenedictionOil
Item	710	GreenPoison	115	45	Envir/Drops,Envir/NPCs	Medium	Envir/Drops/AncientCaves/Prajna/Ancient_ToxicGhoul.txt:12:1/5 GreenPoison | Envir/Drops/Misc/ArcherGuard.txt:16:1/1 GreenPoison | Envir/Drops/PranjaIsland/PranjaStoneCave/ToxicGhoul.txt:12:1/500 GreenPoison | Envir/Drops/PranjaIsland/PranjaStoneCave/ToxicGhoul0.txt:12:1/50 GreenPoison | Envir/NPCs/BichonProvince/BichonWall/BPotion-0109.txt:30:GreenPoison
Item	711	RedPoison	114	44	Envir/NPCs	Medium	Envir/NPCs/BichonProvince/BichonWall/BPotion-0109.txt:31:RedPoison | Envir/NPCs/BichonProvince/BichonWall/CraftsLady-0.txt:24:RedPoison | Envir/NPCs/BichonProvince/BichonWall/CraftsLady.txt:24:RedPoison | Envir/NPCs/BichonProvince/BichonWall/Potion3.txt:31:RedPoison | Envir/NPCs/BichonProvince/BorderVillage/CraftLady-0.txt:24:RedPoison
Item	712	Amulet	238	50	Envir/NPCs,Envir/Recipe,Envir/SystemScripts	High	Envir/NPCs/BichonProvince/BichonWall/Grocery-0.txt:103:Amulet | Envir/NPCs/BichonProvince/BichonWall/Grocery.txt:18:I see you're holding: {<$AMULET>/CORAL} | Envir/NPCs/BichonProvince/BichonWall/Grocery.txt:105:Amulet | Envir/NPCs/BichonProvince/BichonWall/MirGuide-0.txt:670:by hurling an amulet. | Envir/NPCs/BichonProvince/BichonWall/MirGuide-0.txt:671:MP and amulet will be consumed.
Item	713	Amulet(Bundle)	1	1	Envir/Recipe	Medium	Envir/Recipe/AmuletOfRevival.txt:11:Amulet(Bundle)
Item	714	AmuletOfRevival	40	40	Envir/Drops,Envir/NPCs	Medium	Envir/Drops/AncientCaves/Ancient_RedThunderZuma.txt:108:1/5 AmuletOfRevival | Envir/Drops/AncientCaves/ZumaTemple/Ancient_RedThunderZuma.txt:108:1/5 AmuletOfRevival | Envir/Drops/HellDestroyer.txt:118:1/5 AmuletOfRevival | Envir/Drops/MongchonProvince/Zuma/ZumaTaurus.txt:120:1/5 AmuletOfRevival | Envir/Drops/MongchonProvince/Zuma/ZumaTaurus9.txt:118:1/5 AmuletOfRevival
Item	716	GTTeleport	10	10	Envir/NPCs	Medium	Envir/NPCs/GuildTerritory/GA0/GTPeddler-GA0.txt:99:GtTeleport | Envir/NPCs/GuildTerritory/GA1/GTPeddler-GA1.txt:99:GtTeleport | Envir/NPCs/GuildTerritory/GA2/GTPeddler-GA2.txt:99:GtTeleport | Envir/NPCs/GuildTerritory/GA3/GTPeddler-GA3.txt:99:GtTeleport | Envir/NPCs/GuildTerritory/GA4/GTPeddler-GA4.txt:99:GtTeleport
Item	717	RandomTeleport	150	51	Envir/Drops,Envir/NPCs	High	Envir/Drops/AncientCaves/Ancient_RoninGhoul.txt:65:1/10 RandomTeleport | Envir/Drops/AncientCaves/Ancient_ToxicGhoul.txt:58:1/10 RandomTeleport | Envir/Drops/AncientCaves/Prajna/Ancient_RoninGhoul.txt:65:1/10 RandomTeleport | Envir/Drops/AncientCaves/Prajna/Ancient_ToxicGhoul.txt:58:1/10 RandomTeleport | Envir/Drops/PranjaIsland/PranjaStoneCave/RoninGhoul.txt:65:1/10 RandomTeleport
Item	718	DungeonEscape	175	43	Envir/NPCs	High	Envir/NPCs/BichonProvince/BichonWall/Grocery-0.txt:37:I deal with <Candle/candle>,<Dungeonescape/dungeonescape>, | Envir/NPCs/BichonProvince/BichonWall/Grocery-0.txt:51:[@dungeonescape] | Envir/NPCs/BichonProvince/BichonWall/Grocery-0.txt:53:A Dungeonescape scroll is a magic paper that moves you promptly | Envir/NPCs/BichonProvince/BichonWall/Grocery-0.txt:55:The power of Dungeonescape scroll is weak compared with | Envir/NPCs/BichonProvince/BichonWall/Grocery-0.txt:102:DungeonEscape
Item	719	TownTeleport	210	60	Envir/Drops,Envir/NPCs	High	Envir/Drops/AncientCaves/Ancient_BoneArcher.txt:13:1/200 TownTeleport | Envir/Drops/AncientCaves/Ancient_CaveBat.txt:6:1/50 TownTeleport | Envir/Drops/AncientCaves/Ancient_CaveBat.txt:7:1/40 TownTeleport | Envir/Drops/AncientCaves/Ancient_CaveBat.txt:8:1/50 TownTeleport | Envir/Drops/AncientCaves/Ancient_CaveBat0.txt:8:1/1 TownTeleport
Item	720	TeleportHome	13	13	Envir/NPCs	Medium	Envir/NPCs/GM/GM-Grocery.txt:43:TeleportHome | Envir/NPCs/GuildTerritory/GA0/GTPeddler-GA0.txt:98:TeleportHome | Envir/NPCs/GuildTerritory/GA1/GTPeddler-GA1.txt:98:TeleportHome | Envir/NPCs/GuildTerritory/GA2/GTPeddler-GA2.txt:98:TeleportHome | Envir/NPCs/GuildTerritory/GA3/GTPeddler-GA3.txt:98:TeleportHome
Item	722	Candle	157	52	Envir/NPCs,Envir/Recipe	High	Envir/NPCs/BichonProvince/BichonWall/Grocery-0.txt:37:I deal with <Candle/candle>,<Dungeonescape/dungeonescape>, | Envir/NPCs/BichonProvince/BichonWall/Grocery-0.txt:44:[@candle] | Envir/NPCs/BichonProvince/BichonWall/Grocery-0.txt:46:Candles are needed when it's dark. without a Candle | Envir/NPCs/BichonProvince/BichonWall/Grocery-0.txt:98:Candle | Envir/NPCs/BichonProvince/BichonWall/Grocery.txt:39:I deal with <Candle/candle>,<Dungeonescape/dungeonescape>,
Item	723	Torch	65	40	Envir/NPCs	Medium	Envir/NPCs/BichonProvince/BichonWall/Grocery-0.txt:99:Torch | Envir/NPCs/BichonProvince/BichonWall/Grocery.txt:17:I see you're holding: {<$TORCH>/CORAL} | Envir/NPCs/BichonProvince/BichonWall/Grocery.txt:101:Torch | Envir/NPCs/BichonProvince/BorderVillage/Grocery-0.txt:52:Torch | Envir/NPCs/BichonProvince/BorderVillage/Grocery.txt:16:I see you're holding: {<$TORCH>/CORAL}
Item	724	EnternalFlame	1	1	Envir/NPCs	Medium	Envir/NPCs/GM/GM-Grocery.txt:34:EnternalFlame
Item	725	PeddlerTorch	18	18	Envir/NPCs	Medium	Envir/NPCs/BichonProvince/BichonWall/CraftsLady-0.txt:22:PeddlerTorch | Envir/NPCs/BichonProvince/BichonWall/CraftsLady.txt:22:PeddlerTorch | Envir/NPCs/BichonProvince/BorderVillage/CraftLady-0.txt:22:PeddlerTorch | Envir/NPCs/BichonProvince/BorderVillage/CraftLady.txt:22:PeddlerTorch | Envir/NPCs/GM/GM-CraftingMaterial.txt:36:PeddlerTorch
Item	726	DragonTorch	1	1	Envir/NPCs	Medium	Envir/NPCs/GM/GM-Grocery.txt:36:DragonTorch
Item	734	BraveryGem	145	54	Envir/Drops,Envir/NPCs	Medium	Envir/Drops/00DiceItem.txt:8:0 BraveryGem | Envir/Drops/00Fishing.txt:23:1/10000 BraveryGem | Envir/Drops/00FortuneBoxOrb.txt:2:1/300 BraveryGem | Envir/Drops/AncientCaves/Ancient_StoningStatue0.txt:22:1/10 BraveryGem | Envir/Drops/Behemoth.txt:112:1/10 BraveryGem
Item	735	MagicGem	145	54	Envir/Drops,Envir/NPCs	Medium	Envir/Drops/00DiceItem.txt:12:0 MagicGem | Envir/Drops/00Fishing.txt:24:1/10000 MagicGem | Envir/Drops/00FortuneBoxOrb.txt:3:1/300 MagicGem | Envir/Drops/AncientCaves/Ancient_StoningStatue0.txt:23:1/10 MagicGem | Envir/Drops/Behemoth.txt:114:1/10 MagicGem
Item	736	SoulGem	145	54	Envir/Drops,Envir/NPCs	Medium	Envir/Drops/00DiceItem.txt:10:0 SoulGem | Envir/Drops/00Fishing.txt:25:1/10000 SoulGem | Envir/Drops/00FortuneBoxOrb.txt:4:1/300 SoulGem | Envir/Drops/AncientCaves/Ancient_StoningStatue0.txt:24:1/10 SoulGem | Envir/Drops/Behemoth.txt:113:1/10 SoulGem
Item	737	ProtectionGem	181	55	Envir/Drops,Envir/NPCs	Medium	Envir/Drops/00DiceItem.txt:4:0 ProtectionGem | Envir/Drops/00Fishing.txt:26:1/10000 ProtectionGem | Envir/Drops/00FortuneBoxOrb.txt:5:1/200 ProtectionGem | Envir/Drops/AncientCaves/Ancient_StoningStatue0.txt:25:1/5 ProtectionGem | Envir/Drops/Behemoth.txt:115:1/10 ProtectionGem
Item	738	EvilSlayerGem	181	55	Envir/Drops,Envir/NPCs	Medium	Envir/Drops/00DiceItem.txt:6:0 EvilSlayerGem | Envir/Drops/00Fishing.txt:27:1/10000 EvilSlayerGem | Envir/Drops/00FortuneBoxOrb.txt:6:1/200 EvilSlayerGem | Envir/Drops/AncientCaves/Ancient_StoningStatue0.txt:26:1/5 EvilSlayerGem | Envir/Drops/Behemoth.txt:116:1/10 EvilSlayerGem
Item	739	DurabilityGem	162	50	Envir/Drops,Envir/NPCs	Medium	Envir/Drops/00DiceItem.txt:2:0 DurabilityGem | Envir/Drops/00Fishing.txt:28:1/10000 DurabilityGem | Envir/Drops/00FortuneBoxOrb.txt:7:1/200 DurabilityGem | Envir/Drops/AncientCaves/Ancient_StoningStatue0.txt:27:1/5 DurabilityGem | Envir/Drops/Behemoth.txt:117:1/10 DurabilityGem
Item	740	StormGem	146	47	Envir/Drops,Envir/NPCs	Medium	Envir/Drops/00DiceItem.txt:22:0 StormGem | Envir/Drops/00Fishing.txt:29:1/10000 StormGem | Envir/Drops/00FortuneBoxOrb.txt:11:1/450 StormGem | Envir/Drops/AncientCaves/Ancient_StoningStatue0.txt:31:1/15 StormGem | Envir/Drops/Behemoth.txt:124:1/30 StormGem
Item	741	AgilityGem	94	38	Envir/Drops,Envir/NPCs	Medium	Envir/Drops/00Fishing.txt:30:1/10000 AgilityGem | Envir/Drops/00FortuneBoxOrb.txt:12:1/450 AgilityGem | Envir/Drops/Behemoth.txt:120:1/30 AgilityGem | Envir/Drops/HealingBead.txt:53:1/1300 AgilityGem | Envir/Drops/LightningBead.txt:53:1/1300 AgilityGem
Item	742	AccuracyGem	139	48	Envir/Drops,Envir/NPCs	Medium	Envir/Drops/00Fishing.txt:31:1/10000 AccuracyGem | Envir/Drops/00FortuneBoxOrb.txt:10:1/450 AccuracyGem | Envir/Drops/AncientCaves/Ancient_StoningStatue0.txt:30:1/15 AccuracyGem | Envir/Drops/Behemoth.txt:121:1/30 AccuracyGem | Envir/Drops/DarkWargKing.txt:112:1/30 AccuracyGem LV1
Item	743	PoisonGem	133	49	Envir/Drops,Envir/NPCs	Medium	Envir/Drops/00DiceItem.txt:14:0 PoisonGem | Envir/Drops/00Fishing.txt:32:1/10000 PoisonGem | Envir/Drops/00FortuneBoxOrb.txt:8:1/400 PoisonGem | Envir/Drops/AncientCaves/Ancient_StoningStatue0.txt:28:1/10 PoisonGem | Envir/Drops/Behemoth.txt:118:1/20 PoisonGem
Item	744	FreezingGem	133	49	Envir/Drops,Envir/NPCs	Medium	Envir/Drops/00DiceItem.txt:16:0 FreezingGem | Envir/Drops/00Fishing.txt:33:1/10000 FreezingGem | Envir/Drops/00FortuneBoxOrb.txt:9:1/400 FreezingGem | Envir/Drops/AncientCaves/Ancient_StoningStatue0.txt:29:1/12 FreezingGem | Envir/Drops/Behemoth.txt:119:1/20 FreezingGem
Item	745	DisillusionGem	81	32	Envir/Drops,Envir/NPCs	Medium	Envir/Drops/00DiceItem.txt:20:0 DisillusionGem | Envir/Drops/00Fishing.txt:34:1/10000 DisillusionGem | Envir/Drops/00FortuneBoxOrb.txt:14:1/500 DisillusionGem | Envir/Drops/Behemoth.txt:122:1/30 DisillusionGem | Envir/Drops/FlameTiger.txt:183:1/160 DisillusionGem LV1
Item	746	EnduranceGem	110	40	Envir/Drops,Envir/NPCs	Medium	Envir/Drops/00DiceItem.txt:18:0 EnduranceGem | Envir/Drops/00Fishing.txt:35:1/10000 EnduranceGem | Envir/Drops/00FortuneBoxOrb.txt:13:1/500 EnduranceGem | Envir/Drops/AncientCaves/Ancient_StoningStatue0.txt:32:1/10 EnduranceGem | Envir/Drops/Behemoth.txt:123:1/30 EnduranceGem
Item	747	BraveryOrb	180	75	Envir/Drops,Envir/NPCs	Medium	Envir/Drops/00FortuneBoxOrb.txt:17:1/300 BraveryOrb | Envir/Drops/00GroupDiceItem.txt:8:0 BraveryOrb | Envir/Drops/AncientCaves/Ancient_BoneLord.txt:151:1/300 BraveryOrb | Envir/Drops/AncientCaves/Ancient_RedThunderZuma.txt:158:1/350 BraveryOrb | Envir/Drops/AncientCaves/Ancient_StoningStatue0.txt:33:1/20 BraveryOrb
Item	748	MagicOrb	180	75	Envir/Drops,Envir/NPCs	Medium	Envir/Drops/00FortuneBoxOrb.txt:18:1/300 MagicOrb | Envir/Drops/00GroupDiceItem.txt:12:0 MagicOrb | Envir/Drops/AncientCaves/Ancient_BoneLord.txt:152:1/300 MagicOrb | Envir/Drops/AncientCaves/Ancient_RedThunderZuma.txt:159:1/350 MagicOrb | Envir/Drops/AncientCaves/Ancient_StoningStatue0.txt:34:1/20 MagicOrb
Item	749	SoulOrb	180	75	Envir/Drops,Envir/NPCs	Medium	Envir/Drops/00FortuneBoxOrb.txt:19:1/300 SoulOrb | Envir/Drops/00GroupDiceItem.txt:10:0 SoulOrb | Envir/Drops/AncientCaves/Ancient_BoneLord.txt:153:1/300 SoulOrb | Envir/Drops/AncientCaves/Ancient_RedThunderZuma.txt:160:1/350 SoulOrb | Envir/Drops/AncientCaves/Ancient_StoningStatue0.txt:35:1/20 SoulOrb
Item	750	ProtectionOrb	133	56	Envir/Drops,Envir/NPCs	Medium	Envir/Drops/00FortuneBoxOrb.txt:20:1/200 ProtectionOrb | Envir/Drops/00GroupDiceItem.txt:4:0 ProtectionOrb | Envir/Drops/AncientCaves/Ancient_BoneLord.txt:154:1/300 ProtectionOrb | Envir/Drops/AncientCaves/Ancient_StoningStatue0.txt:36:1/15 ProtectionOrb | Envir/Drops/AncientCaves/Prajna/Ancient_BoneLord.txt:154:1/300 ProtectionOrb
Item	751	EvilSlayerOrb	133	56	Envir/Drops,Envir/NPCs	Medium	Envir/Drops/00FortuneBoxOrb.txt:21:1/200 EvilSlayerOrb | Envir/Drops/00GroupDiceItem.txt:6:0 EvilSlayerOrb | Envir/Drops/AncientCaves/Ancient_BoneLord.txt:155:1/300 EvilSlayerOrb | Envir/Drops/AncientCaves/Ancient_StoningStatue0.txt:37:1/15 EvilSlayerOrb | Envir/Drops/AncientCaves/Prajna/Ancient_BoneLord.txt:155:1/300 EvilSlayerOrb
Item	752	DurabilityOrb	127	57	Envir/Drops,Envir/NPCs	Medium	Envir/Drops/00FortuneBoxOrb.txt:22:1/200 DurabilityOrb | Envir/Drops/00GroupDiceItem.txt:2:0 DurabilityOrb | Envir/Drops/AncientCaves/Ancient_BoneLord.txt:150:1/300 DurabilityOrb | Envir/Drops/AncientCaves/Ancient_StoningStatue0.txt:38:1/15 DurabilityOrb | Envir/Drops/AncientCaves/Prajna/Ancient_BoneLord.txt:150:1/300 DurabilityOrb
Item	753	StormOrb	161	55	Envir/Drops,Envir/NPCs	Medium	Envir/Drops/00FortuneBoxOrb.txt:26:1/450 StormOrb | Envir/Drops/00GroupDiceItem.txt:22:0 StormOrb | Envir/Drops/AncientCaves/Ancient_StoningStatue0.txt:42:1/25 StormOrb | Envir/Drops/BearMinotaur.txt:112:1/40 StormOrb | Envir/Drops/BearMinotaur20.txt:112:1/40 StormOrb LV1
Item	754	AgilityOrb	124	40	Envir/Drops,Envir/NPCs	Medium	Envir/Drops/00FortuneBoxOrb.txt:27:1/450 AgilityOrb | Envir/Drops/AncientCaves/Ancient_BoneLord.txt:158:1/300 AgilityOrb | Envir/Drops/AncientCaves/Prajna/Ancient_BoneLord.txt:158:1/300 AgilityOrb | Envir/Drops/BearMinotaur.txt:113:1/40 AgilityOrb | Envir/Drops/BearMinotaur20.txt:113:1/40 AgilityOrb LV1
Item	755	AccuracyOrb	168	63	Envir/Drops,Envir/NPCs	Medium	Envir/Drops/00FortuneBoxOrb.txt:25:1/450 AccuracyOrb | Envir/Drops/AncientCaves/Ancient_BoneLord.txt:157:1/300 AccuracyOrb | Envir/Drops/AncientCaves/Ancient_StoningStatue0.txt:41:1/25 AccuracyOrb | Envir/Drops/AncientCaves/Prajna/Ancient_BoneLord.txt:157:1/300 AccuracyOrb | Envir/Drops/BearMinotaur.txt:114:1/40 AccuracyOrb
Item	756	PoisonOrb	172	67	Envir/Drops,Envir/NPCs	Medium	Envir/Drops/00FortuneBoxOrb.txt:23:1/400 PoisonOrb | Envir/Drops/00GroupDiceItem.txt:14:0 PoisonOrb | Envir/Drops/AncientCaves/Ancient_BoneLord.txt:156:1/300 PoisonOrb | Envir/Drops/AncientCaves/Ancient_StoningStatue0.txt:39:1/20 PoisonOrb | Envir/Drops/AncientCaves/Prajna/Ancient_BoneLord.txt:156:1/300 PoisonOrb
Item	757	FreezingOrb	172	67	Envir/Drops,Envir/NPCs	Medium	Envir/Drops/00FortuneBoxOrb.txt:24:1/400 FreezingOrb | Envir/Drops/00GroupDiceItem.txt:16:0 FreezingOrb | Envir/Drops/AncientCaves/Ancient_BoneLord.txt:149:1/300 FreezingOrb | Envir/Drops/AncientCaves/Ancient_StoningStatue0.txt:40:1/20 FreezingOrb | Envir/Drops/AncientCaves/Prajna/Ancient_BoneLord.txt:149:1/300 FreezingOrb
Item	758	DisillusionOrb	80	24	Envir/Drops,Envir/NPCs	Medium	Envir/Drops/00FortuneBoxOrb.txt:29:1/500 DisillusionOrb | Envir/Drops/00GroupDiceItem.txt:20:0 DisillusionOrb | Envir/Drops/BearMinotaur.txt:117:1/40 DisillusionOrb | Envir/Drops/BearMinotaur20.txt:117:1/40 DisillusionOrb LV1 | Envir/Drops/BearMinotaur20.txt:404:1/40 DisillusionOrb LV2
Item	759	EnduranceOrb	118	41	Envir/Drops,Envir/NPCs	Medium	Envir/Drops/00FortuneBoxOrb.txt:28:1/500 EnduranceOrb | Envir/Drops/00GroupDiceItem.txt:18:0 EnduranceOrb | Envir/Drops/AncientCaves/Ancient_StoningStatue0.txt:43:1/20 EnduranceOrb | Envir/Drops/BearMinotaur.txt:118:1/40 EnduranceOrb | Envir/Drops/BearMinotaur20.txt:118:1/40 EnduranceOrb LV1
Item	760	SewingGoods	18	18	Envir/NPCs	Medium	Envir/NPCs/BichonProvince/BichonWall/CraftsLady-0.txt:41:SewingGoods | Envir/NPCs/BichonProvince/BichonWall/CraftsLady.txt:41:SewingGoods | Envir/NPCs/BichonProvince/BorderVillage/CraftLady-0.txt:41:SewingGoods | Envir/NPCs/BichonProvince/BorderVillage/CraftLady.txt:41:SewingGoods | Envir/NPCs/GM/GM-CraftingMaterial.txt:55:SewingGoods
Item	761	BoneHammer	18	18	Envir/NPCs	Medium	Envir/NPCs/BichonProvince/BichonWall/CraftsLady-0.txt:42:BoneHammer | Envir/NPCs/BichonProvince/BichonWall/CraftsLady.txt:42:BoneHammer | Envir/NPCs/BichonProvince/BorderVillage/CraftLady-0.txt:42:BoneHammer | Envir/NPCs/BichonProvince/BorderVillage/CraftLady.txt:42:BoneHammer | Envir/NPCs/GM/GM-CraftingMaterial.txt:56:BoneHammer
Item	764	BengalTiger	3	3	Envir/NPCs	Medium	Envir/NPCs/BichonProvince/BichonWall/StableGirl-0.txt:32:BengalTiger | Envir/NPCs/BichonProvince/BichonWall/StableGirl.txt:34:BengalTiger | Envir/NPCs/GM/GM-Mount.txt:38:BengalTiger
Item	765	BlueTiger	1	1	Envir/NPCs	Medium	Envir/NPCs/GM/GM-Mount.txt:39:BlueTiger
Item	766	BlackLeopard	1	1	Envir/NPCs	Medium	Envir/NPCs/GM/GM-Mount.txt:40:BlackLeopard
Item	767	IceLeopard	1	1	Envir/NPCs	Medium	Envir/NPCs/GM/GM-Mount.txt:41:IceLeopard
Item	768	PantheraTiger	1	1	Envir/NPCs	Medium	Envir/NPCs/GM/GM-Mount.txt:42:PantheraTiger
Item	769	RedTiger	1	1	Envir/NPCs	Medium	Envir/NPCs/GM/GM-Mount.txt:43:RedTiger
Item	770	WhiteTiger	1	1	Envir/NPCs	Medium	Envir/NPCs/GM/GM-Mount.txt:44:WhiteTiger
Item	771	Wolf	9	9	Envir/NPCs	Medium	Envir/NPCs/BichonProvince/BichonWall/MirGuide-0.txt:80:Once you go far away from town, hunt HookingCat, RakingCat, Yob, Wolf, | Envir/NPCs/BichonProvince/BichonWall/MirGuide.txt:59:Once you go far away from town, hunt HookingCat, RakingCat, Yob, Wolf, | Envir/NPCs/GM/GM-Mount.txt:45:Wolf | Envir/NPCs/MongchonProvince/MudWall/MirGuide-3.txt:79:Once you go far away from town, hunt HookingCat, RakingCat, Yob, Wolf, | Envir/NPCs/MongchonProvince/MudWall/MirGuide.txt:79:Once you go far away from town, hunt HookingCat, RakingCat, Yob, Wolf,
Item	772	BrownWolf	1	1	Envir/NPCs	Medium	Envir/NPCs/GM/GM-Mount.txt:46:BrownWolf
Item	773	BlueWolf	1	1	Envir/NPCs	Medium	Envir/NPCs/GM/GM-Mount.txt:47:BlueWolf
Item	774	BlackWolf	1	1	Envir/NPCs	Medium	Envir/NPCs/GM/GM-Mount.txt:48:BlackWolf
Item	775	WhiteWolf	1	1	Envir/NPCs	Medium	Envir/NPCs/GM/GM-Mount.txt:49:WhiteWolf
Item	776	LeatherBridle	1	1	Envir/NPCs	Medium	Envir/NPCs/GM/GM-Mount.txt:50:LeatherBridle
Item	777	GoldBridle	1	1	Envir/NPCs	Medium	Envir/NPCs/GM/GM-Mount.txt:51:GoldBridle
Item	778	BronzeBell	1	1	Envir/NPCs	Medium	Envir/NPCs/GM/GM-Mount.txt:52:BronzeBell
Item	779	SilverBell	1	1	Envir/NPCs	Medium	Envir/NPCs/GM/GM-Mount.txt:53:SilverBell
Item	780	GoldBell	1	1	Envir/NPCs	Medium	Envir/NPCs/GM/GM-Mount.txt:54:GoldBell
Item	781	GreenBell	1	1	Envir/NPCs	Medium	Envir/NPCs/GM/GM-Mount.txt:55:GreenBell
Item	782	Saddle	56	56	Envir/Drops,Envir/NPCs	Medium	Envir/Drops/00Blackstone.txt:49:;Saddle | Envir/Drops/01Fishing.txt:49:;Saddle | Envir/Drops/HiGreatGhoul0.txt:49:;Saddle | Envir/Drops/Misc/ArcherGuard.txt:50:;Saddle | Envir/Drops/Misc/ArcherGuard1.txt:49:;Saddle
Item	783	RedRibbon	1	1	Envir/NPCs	Medium	Envir/NPCs/GM/GM-Mount.txt:57:RedRibbon
Item	784	BlueRibbon	1	1	Envir/NPCs	Medium	Envir/NPCs/GM/GM-Mount.txt:58:BlueRibbon
Item	785	BlackRibbon	1	1	Envir/NPCs	Medium	Envir/NPCs/GM/GM-Mount.txt:59:BlackRibbon
Item	786	LeatherMask	1	1	Envir/NPCs	Medium	Envir/NPCs/GM/GM-Mount.txt:60:LeatherMask
Item	787	WhiteMask	1	1	Envir/NPCs	Medium	Envir/NPCs/GM/GM-Mount.txt:61:WhiteMask
Item	788	BlackMask	1	1	Envir/NPCs	Medium	Envir/NPCs/GM/GM-Mount.txt:62:BlackMask
Item	789	SilverMask	1	1	Envir/NPCs	Medium	Envir/NPCs/GM/GM-Mount.txt:63:SilverMask
Item	790	TitaniumMask	1	1	Envir/NPCs	Medium	Envir/NPCs/GM/GM-Mount.txt:64:TitaniumMask
Item	791	RawMeat	3	3	Envir/NPCs	Medium	Envir/NPCs/BichonProvince/BichonWall/StableGirl-0.txt:34:RawMeat | Envir/NPCs/BichonProvince/BichonWall/StableGirl.txt:36:RawMeat | Envir/NPCs/GM/GM-Mount.txt:65:RawMeat
Item	792	LeanMeat	3	3	Envir/NPCs	Medium	Envir/NPCs/BichonProvince/BichonWall/StableGirl-0.txt:35:LeanMeat | Envir/NPCs/BichonProvince/BichonWall/StableGirl.txt:37:LeanMeat | Envir/NPCs/GM/GM-Mount.txt:66:LeanMeat
Item	793	BlueFishingRod	4	4	Envir/NPCs	Medium	Envir/NPCs/BichonProvince/BichonWall/WiseFisher-0.txt:46:BlueFishingRod | Envir/NPCs/BichonProvince/BichonWall/WiseFisher.txt:46:BlueFishingRod | Envir/NPCs/GM/GM-Fishing.txt:35:BlueFishingRod | Envir/NPCs/WhiteValley/Encampment/Fisheries.txt:46:BlueFishingRod
Item	794	RedFishingRod[6M]	1	1	Envir/SystemScripts	High	Envir/SystemScripts/00Default/UseItems.txt:75:GIVEITEM RedFishingRod[6M] 1
Item	795	FishingHook	4	4	Envir/NPCs	Medium	Envir/NPCs/BichonProvince/BichonWall/WiseFisher-0.txt:47:FishingHook | Envir/NPCs/BichonProvince/BichonWall/WiseFisher.txt:47:FishingHook | Envir/NPCs/GM/GM-Fishing.txt:37:FishingHook | Envir/NPCs/WhiteValley/Encampment/Fisheries.txt:47:FishingHook
Item	796	FishingFloat	4	4	Envir/NPCs	Medium	Envir/NPCs/BichonProvince/BichonWall/WiseFisher-0.txt:48:FishingFloat | Envir/NPCs/BichonProvince/BichonWall/WiseFisher.txt:48:FishingFloat | Envir/NPCs/GM/GM-Fishing.txt:38:FishingFloat | Envir/NPCs/WhiteValley/Encampment/Fisheries.txt:48:FishingFloat
Item	797	PremiumFloat	2	2	Envir/NPCs,Envir/SystemScripts	High	Envir/NPCs/GM/GM-Fishing.txt:39:PremiumFloat | Envir/SystemScripts/00Default/UseItems.txt:77:GIVEITEM PremiumFloat 1
Item	798	FishBait	21	21	Envir/NPCs	Medium	Envir/NPCs/BichonProvince/BichonWall/CraftsLady-0.txt:43:FishBait | Envir/NPCs/BichonProvince/BichonWall/CraftsLady.txt:43:FishBait | Envir/NPCs/BichonProvince/BichonWall/WiseFisher-0.txt:51:FishBait 100 | Envir/NPCs/BichonProvince/BichonWall/WiseFisher.txt:51:FishBait 100 | Envir/NPCs/BichonProvince/BorderVillage/CraftLady-0.txt:43:FishBait
Item	799	PremiumBait	2	2	Envir/NPCs,Envir/SystemScripts	High	Envir/NPCs/GM/GM-Fishing.txt:41:PremiumBait | Envir/SystemScripts/00Default/UseItems.txt:79:GIVEITEM PremiumBait 7200
Item	800	FishDetector	4	4	Envir/NPCs	Medium	Envir/NPCs/BichonProvince/BichonWall/WiseFisher-0.txt:49:FishDetector | Envir/NPCs/BichonProvince/BichonWall/WiseFisher.txt:49:FishDetector | Envir/NPCs/GM/GM-Fishing.txt:42:FishDetector | Envir/NPCs/WhiteValley/Encampment/Fisheries.txt:49:FishDetector
Item	801	PremiumFinder	2	2	Envir/NPCs,Envir/SystemScripts	High	Envir/NPCs/GM/GM-Fishing.txt:43:PremiumFinder | Envir/SystemScripts/00Default/UseItems.txt:78:GIVEITEM PremiumFinder 1
Item	802	FishingReel	4	4	Envir/NPCs	Medium	Envir/NPCs/BichonProvince/BichonWall/WiseFisher-0.txt:50:FishingReel | Envir/NPCs/BichonProvince/BichonWall/WiseFisher.txt:50:FishingReel | Envir/NPCs/GM/GM-Fishing.txt:44:FishingReel | Envir/NPCs/WhiteValley/Encampment/Fisheries.txt:50:FishingReel
Item	803	PremiumReel	2	2	Envir/NPCs,Envir/SystemScripts	High	Envir/NPCs/GM/GM-Fishing.txt:45:PremiumReel | Envir/SystemScripts/00Default/UseItems.txt:76:GIVEITEM PremiumReel 1
Item	804	Walleye	2	2	Envir/Drops,Envir/NPCs	Medium	Envir/Drops/00Fishing.txt:6:1/500 Walleye | Envir/NPCs/GM/GM-Fishing.txt:46:Walleye
Item	805	SwordFish	2	2	Envir/Drops,Envir/NPCs	Medium	Envir/Drops/00Fishing.txt:7:1/500 SwordFish | Envir/NPCs/GM/GM-Fishing.txt:47:SwordFish
Item	806	RockBass	2	2	Envir/Drops,Envir/NPCs	Medium	Envir/Drops/00Fishing.txt:8:1/500 RockBass | Envir/NPCs/GM/GM-Fishing.txt:48:RockBass
Item	807	Trout	2	2	Envir/Drops,Envir/NPCs	Medium	Envir/Drops/00Fishing.txt:5:1/500 Trout | Envir/NPCs/GM/GM-Fishing.txt:49:Trout
Item	808	Tinker	1	1	Envir/NPCs	Medium	Envir/NPCs/GM/GM-Potion.txt:35:Tinker
Item	809	SmallGobby	1	1	Envir/NPCs	Medium	Envir/NPCs/GM/GM-Potion.txt:34:SmallGobby
Item	810	Mackeral	1	1	Envir/NPCs	Medium	Envir/NPCs/GM/GM-Potion.txt:37:Mackeral
Item	811	Gobby	1	1	Envir/NPCs	Medium	Envir/NPCs/GM/GM-Potion.txt:36:Gobby
Item	812	ArmourBook(DC)	58	36	Envir/Drops,Envir/NPCs	High	Envir/Drops/00Fishing.txt:11:1/200 ArmourBook(DC) | Envir/Drops/BogTurtle.txt:24:1/1900 Armourbook(DC) | Envir/Drops/BoxTurtle.txt:24:1/1900 Armourbook(DC) | Envir/Drops/BoxTurtle0.txt:25:1/1900 Armourbook(DC) | Envir/Drops/LeopardTurtle.txt:24:1/1900 Armourbook(DC)
Item	813	ArmourBook(MC)	59	37	Envir/Drops,Envir/NPCs	High	Envir/Drops/00Fishing.txt:12:1/200 ArmourBook(MC) | Envir/Drops/BogTurtle.txt:26:1/1900 Armourbook(MC) | Envir/Drops/BoxTurtle.txt:26:1/1900 Armourbook(MC) | Envir/Drops/BoxTurtle0.txt:27:1/1900 Armourbook(MC) | Envir/Drops/FrozenZombie0.txt:11:1/80 ArmourBook(MC)
Item	814	ArmourBook(SC)	45	37	Envir/Drops,Envir/NPCs	High	Envir/Drops/00Fishing.txt:13:1/200 ArmourBook(SC) | Envir/Drops/BogTurtle.txt:25:1/1900 Armourbook(SC) | Envir/Drops/BoxTurtle.txt:25:1/1900 Armourbook(SC) | Envir/Drops/BoxTurtle0.txt:26:1/1900 Armourbook(SC) | Envir/Drops/LeopardTurtle.txt:25:1/1900 Armourbook(SC)
Item	815	ArmourBook(ACC)	2	2	Envir/Drops,Envir/NPCs	Medium	Envir/Drops/00Fishing.txt:14:1/200 ArmourBook(ACC) | Envir/NPCs/GM/GM-CraftingMaterial.txt:156:ArmourBook(ACC)
Item	816	RustyArmour	98	40	Envir/Drops,Envir/NPCs	High	Envir/Drops/00Fishing.txt:15:1/200 RustyArmour | Envir/Drops/BogTurtle.txt:27:1/1900 RustyArmour | Envir/Drops/BoxTurtle.txt:27:1/1900 RustyArmour | Envir/Drops/BoxTurtle0.txt:28:1/1900 RustyArmour | Envir/Drops/FrozenZombie0.txt:12:1/80 RustyArmour
Item	817	Translucent	2	2	Envir/Drops,Envir/NPCs	Medium	Envir/Drops/00Fishing.txt:16:1/200 Translucent | Envir/NPCs/GM/GM-CraftingMaterial.txt:158:Translucent
Item	818	HavocCrystal	32	32	Envir/Drops,Envir/NPCs	Medium	Envir/Drops/00Fishing.txt:17:1/200 HavocCrystal | Envir/Drops/BogTurtle.txt:29:1/1900 HavocCrystal | Envir/Drops/BoxTurtle.txt:29:1/1900 HavocCrystal | Envir/Drops/BoxTurtle0.txt:30:1/1900 HavocCrystal | Envir/Drops/LeopardTurtle.txt:29:1/1900 HavocCrystal
Item	819	BookofMana	2	2	Envir/Drops,Envir/NPCs	Medium	Envir/Drops/00Fishing.txt:18:1/200 BookofMana | Envir/NPCs/GM/GM-CraftingMaterial.txt:160:BookofMana
Item	820	BookofSpirit	32	32	Envir/Drops,Envir/NPCs	Medium	Envir/Drops/00Fishing.txt:19:1/200 BookofSpirit | Envir/Drops/BogTurtle.txt:28:1/1900 BookofSpirit | Envir/Drops/BoxTurtle.txt:28:1/1900 BookofSpirit | Envir/Drops/BoxTurtle0.txt:29:1/1900 BookofSpirit | Envir/Drops/LeopardTurtle.txt:28:1/1900 BookofSpirit
Item	821	ArmourCastTool	32	32	Envir/Drops,Envir/NPCs	Medium	Envir/Drops/00Fishing.txt:20:1/200 ArmourCastTool | Envir/Drops/BogTurtle.txt:22:1/1900 Armourcasttool | Envir/Drops/BoxTurtle.txt:22:1/1900 Armourcasttool | Envir/Drops/BoxTurtle0.txt:23:1/1900 Armourcasttool | Envir/Drops/LeopardTurtle.txt:22:1/1900 Armourcasttool
Item	822	MossyBox	2	2	Envir/Drops,Envir/NPCs	Medium	Envir/Drops/00Fishing.txt:2:1/4500 MossyBox | Envir/NPCs/GM/GM-CraftingMaterial.txt:163:MossyBox
Item	823	StrongRope	72	12	Envir/Drops,Envir/NPCs	High	Envir/Drops/DeadForest/Ruins/AncBringer.txt:132:1/10 StrongRope | Envir/Drops/DeadForest/Ruins/AncBringer.txt:133:1/50 StrongRope | Envir/Drops/DeadForest/Ruins/BurningZombie.txt:13:1/100 StrongRope | Envir/Drops/DeadForest/Ruins/DeathCrawler.txt:13:1/100 StrongRope | Envir/Drops/DeadForest/Ruins/MubZombie.txt:13:1/100 StrongRope
Item	824	CopperOre	18	18	Configs,Envir/Drops,Envir/NPCs,Envir/Recipe	Medium	Configs/Mines.ini:22:D2-ItemName=CopperOre | Envir/Drops/Ghoul0.txt:79:1/1 CopperOre | Envir/NPCs/GM/GM-Ore.txt:29:CopperOre | Envir/Recipe/BoneDecapitator.txt:11:CopperOre 1 12000 | Envir/Recipe/BoneHammer.txt:11:CopperOre 2
Item	825	IronOre	16	16	Envir/Drops,Envir/NPCs,Envir/Recipe	Medium	Envir/Drops/Ghoul0.txt:80:1/1 IronOre | Envir/NPCs/GM/GM-Ore.txt:30:IronOre | Envir/Recipe/AccuracyGem.txt:10:IronOre 1 14000 | Envir/Recipe/AgilityGem.txt:10:IronOre 1 14000 | Envir/Recipe/BraveryGem.txt:10:IronOre 1 14000
Item	826	SilverOre	27	27	Configs,Envir/Drops,Envir/NPCs,Envir/Recipe	Medium	Configs/Mines.ini:15:D1-ItemName=SilverOre | Envir/Drops/Ghoul0.txt:81:1/1 SilverOre | Envir/NPCs/GM/GM-Ore.txt:31:SilverOre | Envir/Recipe/BraveryGem.txt:11:SilverOre 1 14000 | Envir/Recipe/BugBracelet.txt:12:SilverOre 1 12000
Item	827	GoldOre	18	14	Configs,Envir/Drops,Envir/NPCs,Envir/Recipe	Medium	Configs/Mines.ini:8:D0-ItemName=GoldOre | Envir/Drops/BichonProvince/DeadMine/Ghoul.txt:128:1/10 GoldOre | Envir/Drops/BichonProvince/DeadMine/Ghoul.txt:129:1/10 GoldOre | Envir/Drops/Ghoul0.txt:83:1/5 GoldOre | Envir/Drops/TaoVillage/MineralMines/GreatGhoul.txt:142:1/10 GoldOre
Item	828	BlackIronOre	33	15	Configs,Envir/Drops,Envir/NPCs,Envir/Recipe	High	Configs/Mines.ini:29:D3-ItemName=BlackIronOre | Configs/RefineSystem.ini:13:OreName=BlackIronOre | Envir/Drops/BichonProvince/DeadMine/Ghoul.txt:125:1/3 BlackIronOre | Envir/Drops/BichonProvince/DeadMine/Ghoul.txt:126:1/3 BlackIronOre | Envir/Drops/BichonProvince/DeadMine/Ghoul.txt:127:1/3 BlackIronOre
Item	829	Amethyst	1	1	Envir/NPCs	Medium	Envir/NPCs/GM/GM-Ore.txt:34:Amethyst
Item	830	Ruby	1	1	Envir/NPCs	Medium	Envir/NPCs/GM/GM-Ore.txt:35:Ruby
Item	831	Platinum	69	7	Envir/Drops,Envir/NPCs,Envir/Recipe	High	Envir/Drops/WoomyonWoods/InsectCave/Khazard.txt:116:1/50 Platinum | Envir/Drops/WoomyonWoods/InsectCave/Khazard.txt:117:1/50 Platinum | Envir/Drops/WoomyonWoods/InsectCave/Khazard.txt:118:1/50 Platinum | Envir/Drops/WoomyonWoods/InsectCave/Khazard0.txt:116:1/50 Platinum | Envir/Drops/WoomyonWoods/InsectCave/Khazard0.txt:117:1/50 Platinum
Item	832	Nephrite	1	1	Envir/NPCs	Medium	Envir/NPCs/GM/GM-Ore.txt:37:Nephrite
Item	833	AdamintineOre	1	1	Envir/NPCs	Medium	Envir/NPCs/GM/GM-Ore.txt:38:AdamintineOre
Item	834	EmeraldOre	1	1	Envir/NPCs	Medium	Envir/NPCs/GM/GM-Ore.txt:39:EmeraldOre
Item	835	OlivineOre	1	1	Envir/NPCs	Medium	Envir/NPCs/GM/GM-Ore.txt:40:OlivineOre
Item	836	PickAxe	28	28	Envir/NPCs	Medium	Envir/NPCs/BichonProvince/BichonWall/Blacksmith-0103.txt:66:PickAxe | Envir/NPCs/BichonProvince/BichonWall/Blacksmith1.txt:68:PickAxe | Envir/NPCs/BichonProvince/BichonWall/MirGuide-0.txt:60:Mining: Equip PickAxe to mine. Left click will automatically of mining. | Envir/NPCs/BichonProvince/BichonWall/MirGuide.txt:1084:Mining: Equip PickAxe to mine. Left click will automatically of mining. | Envir/NPCs/BichonProvince/BorderVillage/Blacksmith-0.txt:64:PickAxe
Item	838	Stamp	10	10	Envir/NPCs	Medium	Envir/NPCs/BichonProvince/BichonWall/Warehouse-0125.txt:96:Stamp | Envir/NPCs/BichonProvince/BichonWall/Warehouse2.txt:96:Stamp | Envir/NPCs/BichonProvince/BorderVillage/Warehouse-0140.txt:87:Stamp | Envir/NPCs/BichonProvince/BorderVillage/Warehouse.txt:87:Stamp | Envir/NPCs/MongchonProvince/MudWall/Warehouse-0145.txt:39:Stamp
Item	839	GoldBar	146	66	Envir/Drops,Envir/NPCs,Envir/SystemScripts	High	Envir/Drops/AncientCaves/Ancient_BoneLord.txt:3:1/100 GoldBar | Envir/Drops/AncientCaves/Ancient_RedThunderZuma.txt:197:1/100 GoldBar | Envir/Drops/AncientCaves/Ancient_StoningStatue0.txt:3:1/10 GoldBar | Envir/Drops/AncientCaves/Ancient_WoomaTaurus.txt:3:1/50 GoldBar | Envir/Drops/AncientCaves/Prajna/Ancient_BoneLord.txt:3:1/100 GoldBar
Item	840	GoldBarBundle	48	17	Envir/Drops,Envir/NPCs,Envir/SystemScripts	High	Envir/Drops/BichonProvince/OmaCave/OmaKingSpirit.txt:4:1/50 GoldBarBundle | Envir/Drops/MongchonProvince/BugCave/EvilCentipede.txt:115:1/100 GoldBarBundle | Envir/Drops/PastBichon/OmaValley/OmaKing.txt:4:1/50 GoldBarBundle | Envir/NPCs/BichonProvince/BichonWall/Warehouse-0125.txt:41:Exchange: <GoldBarBundle/@GBBundle> into {Gold/GOLD} - Commission {(10000 Gold)/Gold} | Envir/NPCs/BichonProvince/BichonWall/Warehouse-0125.txt:59:CHECKITEM GoldBarBundle 1
Item	841	GoldChest	48	17	Envir/Drops,Envir/NPCs,Envir/SystemScripts	High	Envir/Drops/BichonProvince/OmaCave/OmaKingSpirit.txt:5:1/500 GoldChest | Envir/Drops/MongchonProvince/BugCave/EvilCentipede.txt:116:1/1000 GoldChest | Envir/Drops/PastBichon/OmaValley/OmaKing.txt:5:1/500 GoldChest | Envir/NPCs/BichonProvince/BichonWall/Warehouse-0125.txt:42:Exchange: <GoldChest/@GChest> into {Gold/GOLD} - Commission {(20000 Gold)/Gold} | Envir/NPCs/BichonProvince/BichonWall/Warehouse-0125.txt:71:CHECKITEM GoldChest 1
Item	842	GambleChip	1	1	Envir/NPCs	Medium	Envir/NPCs/GM/GM-Nothing.txt:33:GambleChip
Item	843	Dice	1	1	Envir/NPCs	Medium	Envir/NPCs/GM/GM-Nothing.txt:34:Dice
Item	844	UnknownOrb	1	1	Envir/NPCs	Medium	Envir/NPCs/GM/GM-Nothing.txt:35:UnknownOrb
Item	845	AdmissionOrb	12	8	Envir/Drops,Envir/NPCs	High	Envir/Drops/BlackFoxMan0.txt:18:1/100 AdmissionOrb | Envir/Drops/MongchonProvince/Fox/BlackFoxMan.txt:44:1/100  AdmissionOrb | Envir/Drops/MongchonProvince/Fox/RedFoxMan.txt:16:1/50    AdmissionOrb | Envir/Drops/RedFoxMan0.txt:18:1/100 AdmissionOrb | Envir/Drops/WhiteFoxMan0.txt:18:1/100 AdmissionOrb
Item	846	ScrollOfSeal	15	4	Envir/Drops,Envir/NPCs	High	Envir/Drops/SerpentLord.txt:27:1/15 ScrollOfSeal LV1 | Envir/Drops/SerpentLord.txt:186:1/15 ScrollOfSeal LV2 | Envir/Drops/SerpentLord.txt:347:1/15 ScrollOfSeal LV3 | Envir/Drops/SerpentLord.txt:506:1/15 ScrollOfSeal LV4 | Envir/Drops/SerpentLord.txt:665:1/15 ScrollOfSeal LV5
Item	847	GuardianOrb	1	1	Envir/NPCs	Medium	Envir/NPCs/GM/GM-Nothing.txt:38:GuardianOrb
Item	848	BichonToken	3	3	Envir/NPCs	Medium	Envir/NPCs/BichonProvince/BichonWall/Examiner-0.txt:43:BichonToken | Envir/NPCs/BichonProvince/BichonWall/Examiner.txt:43:BichonToken | Envir/NPCs/GM/GM-Nothing.txt:39:BichonToken
Item	849	TimeStonePiece	16	10	Envir/Drops,Envir/NPCs	High	Envir/Drops/AncientCaves/Ancient_BoneBlademan.txt:19:1/200 TimeStonePiece | Envir/Drops/AncientCaves/Prajna/Ancient_BoneBlademan.txt:19:1/200 TimeStonePiece | Envir/Drops/PranjaIsland/PranjaStoneCave/BoneBlademan.txt:19:1/200 TimeStonePiece | Envir/Drops/PranjaIsland/PranjaStoneCave/BoneBlademan0.txt:19:1/20 TimeStonePiece | Envir/Drops/PranjaIsland/PranjaTemple/FireMinotaur.txt:12:1/1700 TimeStonePiece
Item	850	Chicken	16	16	Envir/Drops,Envir/NPCs,Envir/Recipe	Medium	Envir/Drops/Provinces/Hen.txt:30:1/1 Chicken | Envir/NPCs/BichonProvince/BichonWall/Butcher-0102.txt:52:Chicken | Envir/NPCs/BichonProvince/BichonWall/Butcher2.txt:52:Chicken | Envir/NPCs/BichonProvince/BichonWall/MirGuide-0.txt:57:Slice meat: Getting Meat from domestic animal such as chicken, Deer. | Envir/NPCs/BichonProvince/BichonWall/MirGuide.txt:1081:Slice meat: Getting Meat from domestic animal such as chicken, Deer.
Item	851	Pork	2	1	Envir/Drops	Medium	Envir/Drops/Provinces/Pig.txt:30:1/5 Pork | Envir/Drops/Provinces/Pig.txt:31:1/10 Pork
Item	852	Beef	4	3	Envir/Drops,Envir/Recipe	Medium	Envir/Drops/Provinces/Bull.txt:30:1/5 Beef | Envir/Drops/Provinces/Bull.txt:31:1/10 Beef | Envir/Recipe/BeefDumpling.txt:10:Beef | Envir/Recipe/ZerkSoup.txt:9:Beef
Item	853	Venison	2	2	Envir/Drops	Medium	Envir/Drops/Provinces/Deer.txt:30:1/1 Venison | Envir/Drops/Provinces/Deer1.txt:32:1/1 Venison
Item	854	Mutton	2	1	Envir/Drops	Medium	Envir/Drops/Provinces/Sheep.txt:30:1/5 Mutton | Envir/Drops/Provinces/Sheep.txt:31:1/10 Mutton
Item	855	Meat	218	81	Envir/Drops,Envir/NPCs,Envir/Quests,Envir/Recipe	High	Envir/Drops/00Blackstone.txt:29:;Meat | Envir/Drops/01Fishing.txt:29:;Meat | Envir/Drops/HiGreatGhoul0.txt:29:;Meat | Envir/Drops/Misc/ArcherGuard.txt:30:;Meat | Envir/Drops/Misc/ArcherGuard1.txt:29:;Meat
Item	856	DeerMeat	4	4	Envir/Drops,Envir/NPCs,Envir/Quests	Medium	Envir/Drops/Provinces/Deer.txt:71:1/2 DeerMeat Q | Envir/Drops/Provinces/Deer1.txt:73:1/2 DeerMeat Q | Envir/NPCs/GM/GM-Meat.txt:32:DeerMeat | Envir/Quests/BichonProvince/BorderVillage/4.txt:15:DeerMeat 5
Item	857	Feather	1	1	Envir/Drops	Medium	Envir/Drops/Provinces/Hen.txt:31:1/20 Feather
Item	858	BrownChestnut	10	4	Envir/Drops,Envir/NPCs	Medium	Envir/Drops/Provinces/ChestnutTree.txt:3:1/6 BrownChestnut | Envir/Drops/Provinces/ChestnutTree.txt:4:1/6 BrownChestnut | Envir/Drops/Provinces/ChestnutTree.txt:5:1/8 BrownChestnut | Envir/Drops/Provinces/ChestnutTree1.txt:3:1/3 BrownChestnut | Envir/Drops/Provinces/ChestnutTree1.txt:4:1/4 BrownChestnut
Item	859	BronzeChestnut	7	4	Envir/Drops,Envir/NPCs	Medium	Envir/Drops/Provinces/ChestnutTree.txt:7:1/8 BronzeChestnut | Envir/Drops/Provinces/ChestnutTree.txt:8:1/8 BronzeChestnut | Envir/Drops/Provinces/ChestnutTree1.txt:7:1/6 BronzeChestnut | Envir/Drops/Provinces/ChestnutTree1.txt:8:1/6 BronzeChestnut | Envir/Drops/Provinces/ChestnutTree2.txt:7:1/4 BronzeChestnut
Item	860	SilverChestnut	7	4	Envir/Drops,Envir/NPCs	Medium	Envir/Drops/Provinces/ChestnutTree.txt:10:1/10 SilverChestnut | Envir/Drops/Provinces/ChestnutTree.txt:11:1/10 SilverChestnut | Envir/Drops/Provinces/ChestnutTree1.txt:10:1/8 SilverChestnut | Envir/Drops/Provinces/ChestnutTree1.txt:11:1/8 SilverChestnut | Envir/Drops/Provinces/ChestnutTree2.txt:10:1/8 SilverChestnut
Item	861	GoldChestnut	8	5	Envir/Drops,Envir/NPCs,Envir/Quests	Medium	Envir/Drops/Provinces/ChestnutTree.txt:13:1/12 GoldChestnut | Envir/Drops/Provinces/ChestnutTree.txt:14:1/12 GoldChestnut | Envir/Drops/Provinces/ChestnutTree1.txt:13:1/10 GoldChestnut | Envir/Drops/Provinces/ChestnutTree1.txt:14:1/10 GoldChestnut | Envir/Drops/Provinces/ChestnutTree2.txt:13:1/10 GoldChestnut
Item	862	Cherry	9	2	Envir/Drops,Envir/NPCs	Medium	Envir/Drops/Provinces/CherryTree.txt:3:1/1 Cherry | Envir/Drops/Provinces/CherryTree.txt:4:1/1 Cherry | Envir/Drops/Provinces/CherryTree.txt:5:1/2 Cherry | Envir/Drops/Provinces/CherryTree.txt:6:1/2 Cherry | Envir/Drops/Provinces/CherryTree.txt:7:1/3 Cherry
Item	863	Mushroom	5	4	Envir/Drops,Envir/NPCs,Envir/Recipe	Medium	Envir/Drops/Provinces/LargeMushroom.txt:2:1/2 Mushroom | Envir/Drops/Provinces/LargeMushroom.txt:3:1/4 Mushroom | Envir/NPCs/GM/GM-CraftingMaterial.txt:126:Mushroom | Envir/Recipe/(MP)DrugXL.txt:10:Mushroom | Envir/Recipe/WhiteThread.txt:11:Mushroom
Item	864	EbonyFruit	15	6	Envir/Drops,Envir/NPCs,Envir/Quests,Envir/Recipe	Medium	Envir/Drops/Provinces/EbonyTree.txt:3:1/1 EbonyFruit | Envir/Drops/Provinces/EbonyTree.txt:4:1/1 EbonyFruit | Envir/Drops/Provinces/EbonyTree.txt:5:1/2 EbonyFruit | Envir/Drops/Provinces/EbonyTree.txt:6:1/2 EbonyFruit | Envir/Drops/Provinces/EbonyTree.txt:7:1/2 EbonyFruit
Item	865	Timber	11	6	Envir/Drops,Envir/NPCs	Medium	Envir/Drops/Provinces/CherryTree.txt:12:1/10 Timber | Envir/Drops/Provinces/CherryTree.txt:13:1/20 Timber | Envir/Drops/Provinces/ChestnutTree.txt:16:1/10 Timber | Envir/Drops/Provinces/ChestnutTree.txt:17:1/20 Timber | Envir/Drops/Provinces/ChestnutTree1.txt:16:1/7 Timber
Item	866	CannibalLeaf	11	9	Envir/Drops,Envir/NPCs,Envir/Quests,Envir/Recipe	Medium	Envir/Drops/Provinces/CannibalPlant.txt:5:1/4 CannibalLeaf | Envir/NPCs/GM/GM-CraftingMaterial.txt:110:CannibalLeaf | Envir/Quests/BichonProvince/BichonWall/13.txt:4:get me 10 {CannibalLeaf/LightSteelBlue} and 10 {CannibalSeed/LightSteelBlue}? | Envir/Quests/BichonProvince/BichonWall/13.txt:7:Collect 10 {CannibalLeaf/LightSteelBlue} and {CannibalSeed's/LightSteelBlue} from | Envir/Quests/BichonProvince/BichonWall/13.txt:15:CannibalLeaf 10
Item	867	CannibalFruit	4	4	Envir/Drops,Envir/NPCs,Envir/Recipe	Medium	Envir/Drops/Provinces/CannibalPlant.txt:6:1/5 CannibalFruit | Envir/NPCs/GM/GM-CraftingMaterial.txt:112:CannibalFruit | Envir/Recipe/(MP)DrugXL.txt:11:CannibalFruit | Envir/Recipe/HerbalTea.txt:9:CannibalFruit
Item	868	SpiderTeeth	4	4	Envir/Drops,Envir/NPCs,Envir/Recipe	Medium	Envir/Drops/Provinces/SpittingSpider.txt:5:1/3 SpiderTeeth | Envir/NPCs/GM/GM-CraftingMaterial.txt:111:SpiderTeeth | Envir/Recipe/BugRing.txt:9:SpiderTeeth 10 | Envir/Recipe/GreenPoison.txt:10:SpiderTeeth 2
Item	869	SpiderWeb	43	43	Envir/Drops,Envir/NPCs,Envir/Recipe	Medium	Envir/Drops/CrystalSpider0.txt:73:1/15 SpiderWeb | Envir/Drops/Provinces/SpittingSpider.txt:6:1/10 SpiderWeb | Envir/Drops/TaoVillage/TreePath/Lunar/ArmingWeaver.txt:67:1/10 SpiderWeb | Envir/Drops/TaoVillage/TreePath/Lunar/CrackingWeaver.txt:67:1/10 SpiderWeb | Envir/Drops/TaoVillage/TreePath/Lunar/CrystalWeaver.txt:67:1/10 SpiderWeb
Item	870	WoomaHorn	16	8	Configs,Envir/Drops,Envir/NPCs	High	Configs/GuildSettings.ini:66:ItemName=WoomaHorn | Envir/Drops/AncientCaves/Ancient_WoomaTaurus.txt:30:1/40 WoomaHorn | Envir/Drops/AncientCaves/WoomaTemple/Ancient_WoomaTaurus.txt:30:1/40 WoomaHorn | Envir/Drops/Unused/Lords/WoomyonLord.txt:37:1/10 WoomaHorn LV1 | Envir/Drops/Unused/Lords/WoomyonLord.txt:255:1/10 WoomaHorn LV2
Item	871	ZumaRelic	8	8	Envir/Drops,Envir/NPCs	Medium	Envir/Drops/AncientCaves/Ancient_RedThunderZuma.txt:151:1/10 ZumaRelic | Envir/Drops/AncientCaves/ZumaTemple/Ancient_RedThunderZuma.txt:151:1/10 ZumaRelic | Envir/Drops/HellDestroyer.txt:161:1/10 ZumaRelic | Envir/Drops/MongchonProvince/Zuma/ZumaTaurus.txt:163:1/10 ZumaRelic | Envir/Drops/MongchonProvince/Zuma/ZumaTaurus9.txt:161:1/10 ZumaRelic
Item	872	MaggotPill	10	6	Envir/Drops,Envir/NPCs,Envir/Recipe	Medium	Envir/Drops/AncientCaves/Ancient_CaveMaggot.txt:2:1/2 MaggotPill | Envir/Drops/AncientCaves/Ancient_CaveMaggot.txt:3:1/10 MaggotPill | Envir/Drops/AncientCaves/Ancient_CaveMaggot0.txt:2:1/2 MaggotPill | Envir/Drops/AncientCaves/Ancient_CaveMaggot0.txt:3:1/10 MaggotPill | Envir/Drops/BichonProvince/OmaCave/CaveMaggot.txt:48:1/2 MaggotPill
Item	873	ScorpionTail	5	5	Envir/Drops,Envir/NPCs,Envir/Recipe	Medium	Envir/Drops/AncientCaves/Ancient_Scorpion.txt:5:1/3 ScorpionTail | Envir/Drops/AncientCaves/Ancient_Scorpion0.txt:5:1/3 ScorpionTail | Envir/Drops/BichonProvince/OmaCave/Scorpion.txt:5:1/3 ScorpionTail | Envir/NPCs/GM/GM-CraftingMaterial.txt:113:ScorpionTail | Envir/Recipe/RedPoison.txt:10:ScorpionTail
Item	874	Bone	89	76	Envir/Drops,Envir/NPCs,Envir/Quests,Envir/Recipe	Medium	Envir/Drops/AncientCaves/Ancient_AxeSkeleton.txt:82:1/25 Bone | Envir/Drops/AncientCaves/Ancient_AxeSkeleton0.txt:86:1/2 Bone | Envir/Drops/AncientCaves/Ancient_BoneArcher.txt:16:1/10 Bone | Envir/Drops/AncientCaves/Ancient_BoneBlademan.txt:14:1/10 Bone | Envir/Drops/AncientCaves/Ancient_BoneCaptain.txt:15:1/10 Bone
Item	875	LargeBone	179	110	Envir/Drops,Envir/NPCs,Envir/Recipe	High	Envir/Drops/AncientCaves/Ancient_AxeSkeleton.txt:83:1/50 LargeBone | Envir/Drops/AncientCaves/Ancient_AxeSkeleton0.txt:87:1/5 LargeBone | Envir/Drops/AncientCaves/Ancient_BoneArcher.txt:17:1/20 LargeBone | Envir/Drops/AncientCaves/Ancient_BoneBlademan.txt:15:1/20 LargeBone | Envir/Drops/AncientCaves/Ancient_BoneCaptain.txt:16:1/20 LargeBone
Item	876	SkyStingerEgg	7	5	Envir/Drops,Envir/NPCs,Envir/Recipe	Medium	Envir/Drops/Provinces/SkyStinger.txt:14:1/100 SkyStingerEgg | Envir/Drops/Provinces/SkyStinger.txt:15:1/100 SkyStingerEgg | Envir/Drops/Provinces/SkyStinger0.txt:18:1/10 SkyStingerEgg | Envir/Drops/Provinces/SkyStinger0.txt:19:1/10 SkyStingerEgg | Envir/NPCs/GM/GM-CraftingMaterial.txt:115:SkyStingerEgg
Item	877	Mandible	19	19	Envir/Drops,Envir/NPCs	Medium	Envir/Drops/AncientCaves/Ancient_GiantRat.txt:86:1/10 Mandible | Envir/Drops/AncientCaves/Ancient_GiantRat0.txt:86:1/10 Mandible | Envir/Drops/AncientCaves/ZumaTemple/Ancient_GiantRat.txt:86:1/10 Mandible | Envir/Drops/AncientCaves/ZumaTemple/Ancient_GiantRat0.txt:86:1/10 Mandible | Envir/Drops/MongchonProvince/BugCave/GiantWorm.txt:78:1/15 Mandible
Item	878	BugEye	20	15	Envir/Drops,Envir/NPCs,Envir/Quests,Envir/Recipe	Medium	Envir/Drops/MongchonProvince/StoneTomb/BugBatMaggot.txt:11:1/10 BugEye | Envir/Drops/WoomyonWoods/InsectCave/BlueHoroBlaster.txt:52:1/30 BugEye | Envir/Drops/WoomyonWoods/InsectCave/BlueHoroBlaster.txt:64:1/8 BugEye Q | Envir/Drops/WoomyonWoods/InsectCave/BlueHoroBlaster0.txt:52:1/3 BugEye | Envir/Drops/WoomyonWoods/InsectCave/BlueHoroBlaster0.txt:64:1/4 BugEye Q
Item	879	BugLeg	13	13	Envir/Drops,Envir/NPCs,Envir/Recipe	Medium	Envir/Drops/WoomyonWoods/InsectCave/BlueHoroBlaster.txt:51:1/25 BugLeg | Envir/Drops/WoomyonWoods/InsectCave/BlueHoroBlaster0.txt:51:1/2 BugLeg | Envir/Drops/WoomyonWoods/InsectCave/HoroBlaster.txt:51:1/25 BugLeg | Envir/Drops/WoomyonWoods/InsectCave/HoroBlaster0.txt:51:1/2 BugLeg | Envir/Drops/WoomyonWoods/InsectCave/KekTal.txt:51:1/25 BugLeg
Item	880	BugShell	31	28	Envir/Drops,Envir/NPCs,Envir/Recipe	Medium	Envir/Drops/AncientCaves/Ancient_BlackMaggot.txt:78:1/15 BugShell | Envir/Drops/AncientCaves/Ancient_BlackMaggot0.txt:82:1/1 BugShell | Envir/Drops/AncientCaves/Ancient_SnakeScorpion.txt:74:1/35 BugShell | Envir/Drops/AncientCaves/Ancient_SnakeScorpion0.txt:74:1/35 BugShell | Envir/Drops/AncientCaves/StoneTemple/Ancient_BlackMaggot.txt:78:1/15 BugShell
Item	881	WhiteThread	60	46	Envir/Drops,Envir/NPCs,Envir/Recipe	Medium	Envir/Drops/AncientCaves/Ancient_WhiteBoar.txt:139:1/10 WhiteThread | Envir/Drops/AncientCaves/Ancient_WhiteBoar.txt:140:1/15 WhiteThread | Envir/Drops/AncientCaves/Ancient_WhiteEvilBoar.txt:122:1/10 WhiteThread | Envir/Drops/AncientCaves/Ancient_WhiteEvilBoar.txt:123:1/15 WhiteThread | Envir/Drops/AncientCaves/StoneTemple/Ancient_WhiteBoar.txt:139:1/10 WhiteThread
Item	882	RedThread	47	45	Envir/Drops,Envir/NPCs,Envir/Quests,Envir/Recipe	Medium	Envir/Drops/AncientCaves/Ancient_RedBoar.txt:74:1/15 RedThread | Envir/Drops/AncientCaves/Ancient_RedBoar0.txt:74:1/15 RedThread | Envir/Drops/AncientCaves/StoneTemple/Ancient_RedBoar.txt:74:1/15 RedThread | Envir/Drops/AncientCaves/StoneTemple/Ancient_RedBoar0.txt:74:1/15 RedThread | Envir/Drops/CrystalSpider0.txt:74:1/10 RedThread
Item	883	BlackThread	84	82	Envir/Drops,Envir/NPCs,Envir/Quests,Envir/Recipe	Medium	Envir/Drops/AncientCaves/Ancient_BlackBoar.txt:74:1/15  BlackThread | Envir/Drops/AncientCaves/Ancient_BlackBoar0.txt:74:1/15 BlackThread | Envir/Drops/AncientCaves/Ancient_BlackMaggot.txt:79:1/30 BlackThread | Envir/Drops/AncientCaves/Ancient_BlackMaggot0.txt:83:1/3 BlackThread | Envir/Drops/AncientCaves/StoneTemple/Ancient_BlackBoar.txt:74:1/15  BlackThread
Item	884	RedEyeSkull	4	4	Envir/Drops,Envir/NPCs	Medium	Envir/Drops/BichonProvince/OmaCave/OmaKingSpirit.txt:40:1/20 RedEyeSkull | Envir/Drops/OmaKing0.txt:85:1/40 RedEyeSkull | Envir/Drops/PastBichon/OmaValley/OmaKing.txt:40:1/20 RedEyeSkull | Envir/NPCs/GM/GM-CraftingMaterial.txt:127:RedEyeSkull
Item	885	DragonScale	14	12	Envir/Drops,Envir/NPCs	High	Envir/Drops/OmaKing0.txt:84:1/20 DragonScale | Envir/Drops/PastBichon/OmaValley/CrossbowOma.txt:74:1/40 DragonScale | Envir/Drops/PastBichon/OmaValley/CrossbowOma0.txt:74:1/4 DragonScale | Envir/Drops/PastBichon/OmaValley/FlailOma.txt:80:1/25 DragonScale | Envir/Drops/PastBichon/OmaValley/FlailOma0.txt:80:1/2 DragonScale
Item	886	WindMarble	20	19	Envir/Drops,Envir/NPCs,Envir/Recipe	Medium	Envir/Drops/AncientCaves/Ancient_BoneCaptain.txt:17:1/400 WindMarble | Envir/Drops/AncientCaves/Prajna/Ancient_BoneCaptain.txt:17:1/400 WindMarble | Envir/Drops/BoneGeneral.txt:151:1/400 WindMarble | Envir/Drops/BoneGeneral0.txt:153:1/400 WindMarble | Envir/Drops/BoneGeneral0.txt:209:1/400 WindMarble
Item	887	EvasionMarble	12	12	Envir/Drops,Envir/NPCs,Envir/Recipe	Medium	Envir/Drops/AncientCaves/Ancient_BoneArcher.txt:19:1/400 EvasionMarble | Envir/Drops/AncientCaves/Prajna/Ancient_BoneArcher.txt:19:1/400 EvasionMarble | Envir/Drops/PastBichon/OmaValley/CrossbowOma.txt:72:1/350 EvasionMarble | Envir/Drops/PastBichon/OmaValley/CrossbowOma0.txt:72:1/35 EvasionMarble | Envir/Drops/PranjaIsland/PranjaStoneCave/BoneArcher.txt:19:1/400 EvasionMarble
Item	888	FocusMarble	16	16	Envir/Drops,Envir/NPCs,Envir/Recipe	Medium	Envir/Drops/AncientCaves/Ancient_BoneArcher.txt:18:1/400 FocusMarble | Envir/Drops/AncientCaves/Prajna/Ancient_BoneArcher.txt:18:1/400 FocusMarble | Envir/Drops/HellCannibal0.txt:62:1/100 FocusMarble | Envir/Drops/PastBichon/OmaValley/AxeOma.txt:71:1/350 FocusMarble | Envir/Drops/PastBichon/OmaValley/AxeOma0.txt:71:1/35 FocusMarble
Item	889	PoisonMarble	19	18	Envir/Drops,Envir/NPCs,Envir/Recipe	Medium	Envir/Drops/AncientCaves/Ancient_BoneCaptain.txt:18:1/400 PoisonMarble | Envir/Drops/AncientCaves/Ancient_BoneSpearman.txt:19:1/300 PoisonMarble | Envir/Drops/AncientCaves/Prajna/Ancient_BoneCaptain.txt:18:1/400 PoisonMarble | Envir/Drops/AncientCaves/Prajna/Ancient_BoneSpearman.txt:19:1/300 PoisonMarble | Envir/Drops/BoneGeneral.txt:152:1/400 PoisonMarble
Item	890	IceMarble	52	52	Envir/Drops,Envir/NPCs,Envir/Recipe	Medium	Envir/Drops/AncientCaves/Ancient_BoneBlademan.txt:18:1/1000 IceMarble | Envir/Drops/AncientCaves/Prajna/Ancient_BoneBlademan.txt:18:1/1000 IceMarble | Envir/Drops/BogTurtle.txt:21:1/1130 IceMarble | Envir/Drops/BoxTurtle.txt:21:1/1130 IceMarble | Envir/Drops/BoxTurtle0.txt:22:1/1130 IceMarble
Item	891	WillMarble	11	11	Envir/Drops,Envir/NPCs,Envir/Recipe	Medium	Envir/Drops/AncientCaves/Ancient_BoneBlademan.txt:17:1/400 WillMarble | Envir/Drops/AncientCaves/Prajna/Ancient_BoneBlademan.txt:17:1/400 WillMarble | Envir/Drops/HellsDemon1.txt:50:1/200 WillMarble | Envir/Drops/PastBichon/OmaValley/SwordOma.txt:77:1/350 WillMarble | Envir/Drops/PastBichon/OmaValley/SwordOma0.txt:77:1/35 WillMarble
Item	892	AntidoteMarble	11	11	Envir/Drops,Envir/NPCs,Envir/Recipe	Medium	Envir/Drops/AncientCaves/Ancient_BoneSpearman.txt:20:1/300 AntidoteMarble | Envir/Drops/AncientCaves/Prajna/Ancient_BoneSpearman.txt:20:1/300 AntidoteMarble | Envir/Drops/HellsDemon2.txt:50:1/200 AntidoteMarble | Envir/Drops/PastBichon/OmaValley/AxeOma.txt:72:1/400 AntidoteMarble | Envir/Drops/PastBichon/OmaValley/AxeOma0.txt:72:1/40 AntidoteMarble
Item	893	String	1	1	Envir/NPCs	Medium	Envir/NPCs/GM/GM-CraftingMaterial.txt:145:String
Item	895	DeerHorn	2	2	Envir/Drops,Envir/NPCs	Medium	Envir/Drops/Provinces/Deer1.txt:26:1/10 DeerHorn | Envir/NPCs/GM/GM-CraftingMaterial.txt:147:DeerHorn
Item	896	DeerBlood	2	2	Envir/Drops,Envir/NPCs	Medium	Envir/Drops/Provinces/Deer1.txt:27:1/50 DeerBlood | Envir/NPCs/GM/GM-CraftingMaterial.txt:148:DeerBlood
Item	899	SpiderLeg	1	1	Envir/Drops	Medium	Envir/Drops/Provinces/SpittingSpider.txt:11:1/7 SpiderLeg Q
Item	900	CannibalPoison	1	1	Envir/Drops	Medium	Envir/Drops/Provinces/CannibalPlant.txt:7:1/20 CannibalPoison
Item	901	RedMoonChip	7	5	Envir/Drops,Envir/NPCs,Envir/Quests	Medium	Envir/Drops/TaoVillage/TreePath/RedValley/RedMoonEvil1.txt:2:1/1 RedMoonChip Q | Envir/NPCs/GM/GM-CraftingMaterial.txt:149:RedMoonChip | Envir/NPCs/WoomyonWoods/TaoistVillage/9Wbt.txt:115:like to ask you, get back the RedMoonChip and bring it to me | Envir/NPCs/WoomyonWoods/TaoistVillage/BigTaoist.txt:115:like to ask you, get back the RedMoonChip and bring it to me | Envir/Quests/HolySword/6.txt:2:Bring me {RedMoonChip/LightSteelBlue}.
Item	902	EvilApeOil	5	4	Envir/Drops,Envir/NPCs,Envir/Quests	Medium	Envir/Drops/TaoVillage/TreePath/RedValley/RedEvilApe.txt:2:1/20 EvilApeOil Q | Envir/NPCs/GM/GM-CraftingMaterial.txt:150:EvilApeOil | Envir/Quests/HolySword/7.txt:4:EvilApeOil. If you do this, then I'll tell you the way to | Envir/Quests/HolySword/7.txt:21:EvilApeOil 1 | Envir/Quests/HolySword/9.txt:18:EvilApeOil 2
Item	903	EvilApeHeart	3	3	Envir/Drops,Envir/NPCs,Envir/Quests	Medium	Envir/Drops/TaoVillage/TreePath/RedValley/GreyEvilApe.txt:2:1/18 EvilApeHeart Q | Envir/NPCs/GM/GM-CraftingMaterial.txt:151:EvilApeHeart | Envir/Quests/HolySword/9.txt:19:EvilApeHeart 2
Item	904	JadeCrystal	16	8	Envir/Drops,Envir/NPCs,Envir/Quests	High	Envir/Drops/TaoVillage/TreePath/RedValley/BigApe.txt:108:1/10 JadeCrystal Q | Envir/NPCs/GM/GM-CraftingMaterial.txt:152:JadeCrystal | Envir/NPCs/GM/GM-Quest.txt:51:JadeCrystal | Envir/NPCs/WoomyonWoods/TaoistVillage/6Wrt.txt:109:A long time ago, the Redmoon valley was a the habitat of the JadeCrystal | Envir/NPCs/WoomyonWoods/TaoistVillage/6Wrt.txt:112:JadeCrystal holding. Some special taoistic power to pass there, Only a
Item	905	DemonLeather	17	5	Envir/Drops,Envir/NPCs	High	Envir/Drops/DeadForest/Ruins/DemonWolf.txt:13:1/30 DemonLeather | Envir/Drops/Unused/DeadForest/DemonWolf.txt:13:1/30 DemonLeather | Envir/Drops/Unused/DeadForest/DemonWolf0.txt:10:1/60 DemonLeather | Envir/NPCs/WasteLand/20Qah-NAMMAND_1.txt:193:- 34 DemonLeather | Envir/NPCs/WasteLand/20Qah-NAMMAND_1.txt:208:CHECKITEM DemonLeather 34
Item	906	UndeadLeather	17	5	Envir/Drops,Envir/NPCs	High	Envir/Drops/DeadForest/Ruins/UndeadWolf.txt:13:1/30 UndeadLeather | Envir/Drops/Unused/DeadForest/UndeadWolf.txt:13:1/30 UndeadLeather | Envir/Drops/Unused/DeadForest/UndeadWolf0.txt:9:1/20 UndeadLeather | Envir/NPCs/WasteLand/20Qah-NAMMAND_1.txt:111:- 32 UndeadLeather | Envir/NPCs/WasteLand/20Qah-NAMMAND_1.txt:126:CHECKITEM UndeadLeather 32
Item	907	MammothLeather	35	5	Envir/Drops,Envir/NPCs	High	Envir/Drops/DeadForest/Ruins/WhiteMammoth.txt:14:1/30 MammothLeather | Envir/Drops/Unused/DeadForest/WhiteMammoth.txt:14:1/30 MammothLeather | Envir/Drops/Unused/DeadForest/WhiteMammoth0.txt:12:1/60 MammothLeather | Envir/NPCs/WasteLand/20Qah-NAMMAND_1.txt:30:- 32 MammothLeather | Envir/NPCs/WasteLand/20Qah-NAMMAND_1.txt:44:CHECKITEM MammothLeather 32
Item	908	BeastLeather	27	5	Envir/Drops,Envir/NPCs	High	Envir/Drops/DeadForest/Ruins/DarkBeast.txt:13:1/30 BeastLeather | Envir/Drops/Unused/DeadForest/DarkBeast.txt:13:1/30 BeastLeather | Envir/Drops/Unused/DeadForest/DarkBeast0.txt:9:1/60 BeastLeather | Envir/NPCs/WasteLand/20Qah-NAMMAND_1.txt:110:- 34 BeastLeather | Envir/NPCs/WasteLand/20Qah-NAMMAND_1.txt:125:CHECKITEM BeastLeather 34
Item	909	LightLeather	15	5	Envir/Drops,Envir/NPCs	High	Envir/Drops/DeadForest/Ruins/LightBeast.txt:13:1/30 LightLeather | Envir/Drops/Unused/DeadForest/LightBeast.txt:13:1/30 LightLeather | Envir/Drops/Unused/DeadForest/LightBeast0.txt:9:1/60 LightLeather | Envir/NPCs/WasteLand/20Qah-NAMMAND_1.txt:194:- 32 LightLeather | Envir/NPCs/WasteLand/20Qah-NAMMAND_1.txt:209:CHECKITEM LightLeather 32
Item	910	BaboonLeather	15	5	Envir/Drops,Envir/NPCs	High	Envir/Drops/DeadForest/Ruins/BloodBaboon.txt:13:1/30 BaboonLeather | Envir/Drops/Unused/DeadForest/BloodBaboon.txt:13:1/30 BaboonLeather | Envir/Drops/Unused/DeadForest/BloodBaboon0.txt:9:1/60 BaboonLeather | Envir/NPCs/WasteLand/20Qah-NAMMAND_1.txt:277:- 32 BaboonLeather | Envir/NPCs/WasteLand/20Qah-NAMMAND_1.txt:292:CHECKITEM BaboonLeather 32
Item	911	RhinoLeather	15	5	Envir/Drops,Envir/NPCs	High	Envir/Drops/DeadForest/Ruins/HardenRhino.txt:15:1/30 RhinoLeather | Envir/Drops/Unused/DeadForest/HardenRhino.txt:15:1/30 RhinoLeather | Envir/Drops/Unused/DeadForest/HardenRhino0.txt:11:1/60 RhinoLeather | Envir/NPCs/WasteLand/20Qah-NAMMAND_1.txt:29:- 34 RhinoLeather | Envir/NPCs/WasteLand/20Qah-NAMMAND_1.txt:43:CHECKITEM RhinoLeather 34
Item	912	AncientLeather	20	5	Envir/Drops,Envir/NPCs	High	Envir/Drops/DeadForest/Ruins/AncBringer.txt:128:1/5 AncientLeather | Envir/Drops/DeadForest/Ruins/AncBringer.txt:129:1/10 AncientLeather | Envir/Drops/SwampSlime.txt:18:1/15000 AncientLeather(M) | Envir/Drops/SwampSlime.txt:19:1/15000 AncientLeather(F) | Envir/Drops/Unused/DeadForest/AncBringer.txt:128:1/5 AncientLeather
Item	913	BraveryGlyph0	2	2	Envir/Drops,Envir/NPCs	Medium	Envir/Drops/00Awakening.txt:2:1/25 BraveryGlyph0 | Envir/NPCs/GM/GM-Awakening.txt:23:BraveryGlyph0
Item	914	BraveryGlyph1	2	2	Envir/Drops,Envir/NPCs	Medium	Envir/Drops/00Awakening.txt:3:1/25 BraveryGlyph1 | Envir/NPCs/GM/GM-Awakening.txt:24:BraveryGlyph1
Item	915	BraveryGlyph2	2	2	Envir/Drops,Envir/NPCs	Medium	Envir/Drops/00Awakening.txt:4:1/25 BraveryGlyph2 | Envir/NPCs/GM/GM-Awakening.txt:25:BraveryGlyph2
Item	916	BraveryGlyph3	2	2	Envir/Drops,Envir/NPCs	Medium	Envir/Drops/00Awakening.txt:5:1/25 BraveryGlyph3 | Envir/NPCs/GM/GM-Awakening.txt:26:BraveryGlyph3
Item	917	MagicGlyph0	2	2	Envir/Drops,Envir/NPCs	Medium	Envir/Drops/00Awakening.txt:7:1/25 MagicGlyph0 | Envir/NPCs/GM/GM-Awakening.txt:27:MagicGlyph0
Item	918	MagicGlyph1	2	2	Envir/Drops,Envir/NPCs	Medium	Envir/Drops/00Awakening.txt:8:1/25 MagicGlyph1 | Envir/NPCs/GM/GM-Awakening.txt:28:MagicGlyph1
Item	919	MagicGlyph2	2	2	Envir/Drops,Envir/NPCs	Medium	Envir/Drops/00Awakening.txt:9:1/25 MagicGlyph2 | Envir/NPCs/GM/GM-Awakening.txt:29:MagicGlyph2
Item	920	MagicGlyph3	2	2	Envir/Drops,Envir/NPCs	Medium	Envir/Drops/00Awakening.txt:10:1/25 MagicGlyph3 | Envir/NPCs/GM/GM-Awakening.txt:30:MagicGlyph3
Item	921	SoulGlyph0	2	2	Envir/Drops,Envir/NPCs	Medium	Envir/Drops/00Awakening.txt:12:1/25 SoulGlyph0 | Envir/NPCs/GM/GM-Awakening.txt:31:SoulGlyph0
Item	922	SoulGlyph1	2	2	Envir/Drops,Envir/NPCs	Medium	Envir/Drops/00Awakening.txt:13:1/25 SoulGlyph1 | Envir/NPCs/GM/GM-Awakening.txt:32:SoulGlyph1
Item	923	SoulGlyph2	2	2	Envir/Drops,Envir/NPCs	Medium	Envir/Drops/00Awakening.txt:14:1/25 SoulGlyph2 | Envir/NPCs/GM/GM-Awakening.txt:33:SoulGlyph2
Item	924	SoulGlyph3	2	2	Envir/Drops,Envir/NPCs	Medium	Envir/Drops/00Awakening.txt:15:1/25 SoulGlyph3 | Envir/NPCs/GM/GM-Awakening.txt:34:SoulGlyph3
Item	925	ProtectionGlyph0	2	2	Envir/Drops,Envir/NPCs	Medium	Envir/Drops/00Awakening.txt:17:1/25 ProtectionGlyph0 | Envir/NPCs/GM/GM-Awakening.txt:35:ProtectionGlyph0
Item	926	ProtectionGlyph1	2	2	Envir/Drops,Envir/NPCs	Medium	Envir/Drops/00Awakening.txt:18:1/25 ProtectionGlyph1 | Envir/NPCs/GM/GM-Awakening.txt:36:ProtectionGlyph1
Item	927	ProtectionGlyph2	2	2	Envir/Drops,Envir/NPCs	Medium	Envir/Drops/00Awakening.txt:19:1/25 ProtectionGlyph2 | Envir/NPCs/GM/GM-Awakening.txt:37:ProtectionGlyph2
Item	928	ProtectionGlyph3	2	2	Envir/Drops,Envir/NPCs	Medium	Envir/Drops/00Awakening.txt:20:1/25 ProtectionGlyph3 | Envir/NPCs/GM/GM-Awakening.txt:38:ProtectionGlyph3
Item	929	EvilSlayerGlyph0	2	2	Envir/Drops,Envir/NPCs	Medium	Envir/Drops/00Awakening.txt:22:1/25 EvilSlayerGlyph0 | Envir/NPCs/GM/GM-Awakening.txt:39:EvilSlayerGlyph0
Item	930	EvilSlayerGlyph1	2	2	Envir/Drops,Envir/NPCs	Medium	Envir/Drops/00Awakening.txt:23:1/25 EvilSlayerGlyph1 | Envir/NPCs/GM/GM-Awakening.txt:40:EvilSlayerGlyph1
Item	931	EvilSlayerGlyph2	2	2	Envir/Drops,Envir/NPCs	Medium	Envir/Drops/00Awakening.txt:24:1/25 EvilSlayerGlyph2 | Envir/NPCs/GM/GM-Awakening.txt:41:EvilSlayerGlyph2
Item	932	EvilSlayerGlyph3	2	2	Envir/Drops,Envir/NPCs	Medium	Envir/Drops/00Awakening.txt:25:1/25 EvilSlayerGlyph3 | Envir/NPCs/GM/GM-Awakening.txt:42:EvilSlayerGlyph3
Item	933	BodyGlyph0	2	2	Envir/Drops,Envir/NPCs	Medium	Envir/Drops/00Awakening.txt:27:1/25 BodyGlyph0 | Envir/NPCs/GM/GM-Awakening.txt:43:BodyGlyph0
Item	934	BodyGlyph1	2	2	Envir/Drops,Envir/NPCs	Medium	Envir/Drops/00Awakening.txt:28:1/25 BodyGlyph1 | Envir/NPCs/GM/GM-Awakening.txt:44:BodyGlyph1
Item	935	BodyGlyph2	2	2	Envir/Drops,Envir/NPCs	Medium	Envir/Drops/00Awakening.txt:29:1/25 BodyGlyph2 | Envir/NPCs/GM/GM-Awakening.txt:45:BodyGlyph2
Item	936	BodyGlyph3	2	2	Envir/Drops,Envir/NPCs	Medium	Envir/Drops/00Awakening.txt:30:1/25 BodyGlyph3 | Envir/NPCs/GM/GM-Awakening.txt:46:BodyGlyph3
Item	937	AwakeningSoul0	419	110	Envir/Drops,Envir/NPCs	Medium	Envir/Drops/00Awakening.txt:32:1/25 AwakeningSoul0 | Envir/Drops/AncientCaves/Ancient_BoneLord0.txt:27:1/25 AwakeningSoul0 | Envir/Drops/AncientCaves/Ancient_FlyingStatue.txt:19:1/10 AwakeningSoul0 | Envir/Drops/AncientCaves/Ancient_FlyingStatue0.txt:19:1/10 AwakeningSoul0 | Envir/Drops/AncientCaves/Ancient_KingHog0.txt:26:1/40 AwakeningSoul0
Item	938	AwakeningSoul1	2	2	Envir/Drops,Envir/NPCs	Medium	Envir/Drops/00Awakening.txt:33:1/25 AwakeningSoul1 | Envir/NPCs/GM/GM-Awakening.txt:48:AwakeningSoul1
Item	939	AwakeningSoul2	2	2	Envir/Drops,Envir/NPCs	Medium	Envir/Drops/00Awakening.txt:34:1/25 AwakeningSoul2 | Envir/NPCs/GM/GM-Awakening.txt:49:AwakeningSoul2
Item	940	AwakeningSoul3	2	2	Envir/Drops,Envir/NPCs	Medium	Envir/Drops/00Awakening.txt:35:1/25 AwakeningSoul3 | Envir/NPCs/GM/GM-Awakening.txt:50:AwakeningSoul3
Item	941	BabyPigEgg	2	2	Envir/NPCs	Medium	Envir/NPCs/BichonProvince/BichonWall/PetStore-0.txt:36:BabyPigEgg | Envir/NPCs/BichonProvince/BichonWall/PetStore.txt:36:BabyPigEgg
Item	943	KittenEgg	2	2	Envir/NPCs	Medium	Envir/NPCs/BichonProvince/BichonWall/PetStore-0.txt:37:KittenEgg | Envir/NPCs/BichonProvince/BichonWall/PetStore.txt:37:KittenEgg
Item	953	BlackCreatureStone	1	1	Configs	Medium	Configs/Setup.ini:157:CreatureBlackStoneName=BlackCreatureStone
Item	961	WonderBox(M)	2	2	Envir/NPCs	Medium	Envir/NPCs/BichonProvince/BichonWall/PearlStore-0.txt:30:WonderBox(M) | Envir/NPCs/BichonProvince/BichonWall/PearlStore.txt:30:WonderBox(M)
Item	962	WonderBox(L)	2	2	Envir/NPCs	Medium	Envir/NPCs/BichonProvince/BichonWall/PearlStore-0.txt:29:WonderBox(L) | Envir/NPCs/BichonProvince/BichonWall/PearlStore.txt:29:WonderBox(L)
Item	963	WonderDrug(EXP)	1	1	Envir/Drops	Medium	Envir/Drops/00Strongbox.txt:2:1/100 WonderDrug(EXP)
Item	964	WonderDrug(DROP)	1	1	Envir/Drops	Medium	Envir/Drops/00Strongbox.txt:3:1/100 WonderDrug(DROP)
Item	965	WonderDrug(HP)	1	1	Envir/Drops	Medium	Envir/Drops/00Strongbox.txt:4:1/10 WonderDrug(HP)
Item	966	WonderDrug(MP)	1	1	Envir/Drops	Medium	Envir/Drops/00Strongbox.txt:5:1/10 WonderDrug(MP)
Item	967	WonderDrug(AC)	1	1	Envir/Drops	Medium	Envir/Drops/00Strongbox.txt:6:1/10 WonderDrug(AC)
Item	968	WonderDrug(MAC)	1	1	Envir/Drops	Medium	Envir/Drops/00Strongbox.txt:7:1/10 WonderDrug(MAC)
Item	969	WonderDrug(A.SPEED)	1	1	Envir/Drops	Medium	Envir/Drops/00Strongbox.txt:8:1/10 WonderDrug(A.SPEED)
Item	970	Knapsack(S)	1	1	Envir/Drops	Medium	Envir/Drops/00Strongbox.txt:9:1/100 Knapsack(S)
Item	971	Knapsack(M)	1	1	Envir/Drops	Medium	Envir/Drops/00Strongbox.txt:10:1/200 Knapsack(M)
Item	972	Knapsack(L)	1	1	Envir/Drops	Medium	Envir/Drops/00Strongbox.txt:11:1/300 Knapsack(L)
Item	973	Fencing	86	62	Envir/Drops,Envir/NPCs,Envir/Quests	High	Envir/Drops/BichonProvince/DeadMine/ClZombie.txt:57:1/100 Fencing | Envir/Drops/BichonProvince/DeadMine/ClZombie0.txt:61:1/10 Fencing | Envir/Drops/BichonProvince/DeadMine/CrawlerZombie.txt:57:1/100 Fencing | Envir/Drops/BichonProvince/DeadMine/CrawlerZombie0.txt:61:1/10 Fencing | Envir/Drops/BichonProvince/DeadMine/NdZombie.txt:57:1/100 Fencing
Item	974	Slaying	189	95	Envir/Drops,Envir/NPCs	High	Envir/Drops/AncientCaves/Ancient_AxeSkeleton.txt:92:1/84 Slaying | Envir/Drops/AncientCaves/Ancient_AxeSkeleton0.txt:96:1/8 Slaying | Envir/Drops/AncientCaves/Ancient_BoneElite.txt:104:1/12 Slaying | Envir/Drops/AncientCaves/Ancient_BoneFighter.txt:92:1/84 Slaying | Envir/Drops/AncientCaves/Ancient_BoneFighter0.txt:96:1/8 Slaying
Item	975	Thrusting	168	81	Envir/Drops,Envir/NPCs	High	Envir/Drops/AncientCaves/Ancient_BoneBlademan.txt:91:1/100 Thrusting | Envir/Drops/AncientCaves/Ancient_BoneElite.txt:105:1/50 Thrusting | Envir/Drops/AncientCaves/OmaCavern/Ancient_BoneElite.txt:105:1/50 Thrusting | Envir/Drops/AncientCaves/Prajna/Ancient_BoneBlademan.txt:91:1/100 Thrusting | Envir/Drops/BichonProvince/DeadMine/ClZombie.txt:81:1/500 Thrusting
Item	976	HalfMoon	157	63	Envir/Drops,Envir/NPCs	High	Envir/Drops/AncientCaves/Ancient_AxeSkeleton.txt:98:1/200 HalfMoon | Envir/Drops/AncientCaves/Ancient_AxeSkeleton0.txt:102:1/20 HalfMoon | Envir/Drops/AncientCaves/Ancient_BoneBlademan.txt:90:1/200 HalfMoon | Envir/Drops/AncientCaves/Ancient_BoneFighter.txt:98:1/200 HalfMoon | Envir/Drops/AncientCaves/Ancient_BoneFighter0.txt:102:1/20 HalfMoon
Item	977	ShoulderDash	149	49	Envir/Drops,Envir/NPCs	High	Envir/Drops/AncientCaves/Ancient_BoneCaptain.txt:108:1/400 ShoulderDash | Envir/Drops/AncientCaves/Ancient_ZumaTaurus.txt:205:1/40 ShoulderDash | Envir/Drops/AncientCaves/Prajna/Ancient_BoneCaptain.txt:108:1/400 ShoulderDash | Envir/Drops/AncientCaves/ZumaTemple/Ancient_ZumaTaurus.txt:173:1/40 ShoulderDash | Envir/Drops/BichonProvince/DeadMine/Ghoul.txt:142:1/100 ShoulderDash
Item	978	TwinDrakeBlade	144	72	Envir/Drops,Envir/NPCs	High	Envir/Drops/AncientCaves/Ancient_BoneBlademan.txt:93:1/1200 TwinDrakeBlade | Envir/Drops/AncientCaves/Ancient_BoneCaptain.txt:109:1/10000 TwinDrakeBlade | Envir/Drops/AncientCaves/Ancient_KingHog.txt:177:1/100 TwinDrakeBlade | Envir/Drops/AncientCaves/Ancient_RedThunderZuma.txt:163:1/50 TwinDrakeBlade | Envir/Drops/AncientCaves/Ancient_SnakeScorpion.txt:77:1/1600 TwinDrakeBlade
Item	979	Entrapment	123	57	Envir/Drops,Envir/NPCs	High	Envir/Drops/AncientCaves/Ancient_RedThunderZuma.txt:164:1/50 Entrapment | Envir/Drops/AncientCaves/Ancient_WoomaTaurus.txt:135:1/200  Entrapment | Envir/Drops/AncientCaves/Ancient_ZumaTaurus.txt:208:1/55 Entrapment | Envir/Drops/AncientCaves/WoomaTemple/Ancient_WoomaTaurus.txt:135:1/200  Entrapment | Envir/Drops/AncientCaves/ZumaTemple/Ancient_RedThunderZuma.txt:164:1/50 Entrapment
Item	980	FlamingSword	188	88	Envir/Drops,Envir/NPCs	High	Envir/Drops/AncientCaves/Ancient_BoneCaptain.txt:107:1/280 FlamingSword | Envir/Drops/AncientCaves/Ancient_BoneLord.txt:163:1/35   FlamingSword | Envir/Drops/AncientCaves/Ancient_KingHog.txt:173:1/65 FlamingSword | Envir/Drops/AncientCaves/Ancient_RedThunderZuma.txt:165:1/25 FlamingSword | Envir/Drops/AncientCaves/Ancient_ZumaTaurus.txt:210:1/65 FlamingSword
Item	981	LionRoar	129	65	Envir/Drops,Envir/NPCs	High	Envir/Drops/AncientCaves/Ancient_RedThunderZuma.txt:166:1/50 LionRoar | Envir/Drops/AncientCaves/Ancient_WoomaTaurus.txt:132:1/200   LionRoar | Envir/Drops/AncientCaves/Ancient_ZumaTaurus.txt:211:1/70 LionRoar | Envir/Drops/AncientCaves/WoomaTemple/Ancient_WoomaTaurus.txt:132:1/200   LionRoar | Envir/Drops/AncientCaves/ZumaTemple/Ancient_RedThunderZuma.txt:166:1/50 LionRoar
Item	982	CrossHalfMoon	163	77	Envir/Drops,Envir/NPCs	High	Envir/Drops/AncientCaves/Ancient_BoneLord.txt:166:1/70   CrossHalfMoon | Envir/Drops/AncientCaves/Ancient_KingHog.txt:178:1/300 CrossHalfMoon | Envir/Drops/AncientCaves/Ancient_RedThunderZuma.txt:167:1/30 CrossHalfMoon | Envir/Drops/AncientCaves/Ancient_WoomaTaurus.txt:125:1/30  CrossHalfMoon | Envir/Drops/AncientCaves/Ancient_ZumaTaurus.txt:213:1/80 CrossHalfMoon
Item	983	BladeAvalanche	180	85	Envir/Drops,Envir/NPCs	High	Envir/Drops/AncientCaves/Ancient_BoneLord.txt:171:1/100  BladeAvalanche | Envir/Drops/AncientCaves/Ancient_RedThunderZuma.txt:168:1/50 BladeAvalanche | Envir/Drops/AncientCaves/Ancient_ZumaTaurus.txt:214:1/85 BladeAvalanche | Envir/Drops/AncientCaves/Prajna/Ancient_BoneLord.txt:171:1/100  BladeAvalanche | Envir/Drops/AncientCaves/ZumaTemple/Ancient_RedThunderZuma.txt:168:1/50 BladeAvalanche
Item	984	ProtectionField	196	88	Envir/Drops,Envir/NPCs	High	Envir/Drops/AncientCaves/Ancient_FlyingStatue.txt:98:1/800 ProtectionField | Envir/Drops/AncientCaves/Ancient_RedThunderZuma.txt:169:1/400 ProtectionField | Envir/Drops/AncientCaves/Ancient_StoningStatue.txt:100:1/800 ProtectionField | Envir/Drops/AncientCaves/Ancient_ZumaTaurus.txt:215:1/120 ProtectionField | Envir/Drops/AncientCaves/ZumaTemple/Ancient_RedThunderZuma.txt:169:1/400 ProtectionField
Item	985	Rage	211	81	Envir/Drops,Envir/NPCs	High	Envir/Drops/AncientCaves/Ancient_FlyingStatue.txt:99:1/800 Rage | Envir/Drops/AncientCaves/Ancient_RedThunderZuma.txt:170:1/400 Rage | Envir/Drops/AncientCaves/Ancient_StoningStatue.txt:101:1/800 Rage | Envir/Drops/AncientCaves/Ancient_ZumaTaurus.txt:216:1/210 Rage | Envir/Drops/AncientCaves/ZumaTemple/Ancient_RedThunderZuma.txt:170:1/400 Rage
Item	986	CounterAttack	155	49	Envir/Drops,Envir/NPCs	High	Envir/Drops/AncientCaves/Ancient_FlyingStatue.txt:100:1/800 CounterAttack | Envir/Drops/AncientCaves/Ancient_StoningStatue.txt:102:1/800 CounterAttack | Envir/Drops/BearMinotaur.txt:236:1/1000 CounterAttack | Envir/Drops/BearMinotaur20.txt:236:1/1000 CounterAttack LV1 | Envir/Drops/BearMinotaur20.txt:524:1/1000 CounterAttack LV2
Item	987	SlashingBurst	81	31	Envir/Drops,Envir/NPCs	High	Envir/Drops/AncientCaves/Ancient_FlyingStatue.txt:101:1/800 SlashingBurst | Envir/Drops/AncientCaves/Ancient_StoningStatue.txt:103:1/800 SlashingBurst | Envir/Drops/DarkWargKing.txt:139:1/600 SlashingBurst LV1 | Envir/Drops/DarkWargKing.txt:308:1/600 SlashingBurst LV2 | Envir/Drops/DarkWargKing.txt:477:1/600 SlashingBurst LV3
Item	988	Fury	97	25	Envir/Drops,Envir/NPCs	High	Envir/Drops/AncientCaves/Ancient_FlyingStatue.txt:102:1/800 Fury | Envir/Drops/AncientCaves/Ancient_StoningStatue.txt:104:1/800 Fury | Envir/Drops/BearMinotaur.txt:235:1/900 Fury | Envir/Drops/BearMinotaur20.txt:235:1/900 Fury LV1 | Envir/Drops/BearMinotaur20.txt:523:1/900 Fury LV2
Item	989	ImmortalSkin	75	18	Envir/Drops,Envir/NPCs	High	Envir/Drops/AncientCaves/Ancient_FlyingStatue.txt:103:1/900 ImmortalSkin | Envir/Drops/AncientCaves/Ancient_StoningStatue.txt:105:1/900 ImmortalSkin | Envir/Drops/BearMinotaur.txt:237:1/1500 ImmortalSkin | Envir/Drops/BearMinotaur20.txt:237:1/1500 ImmortalSkin LV1 | Envir/Drops/BearMinotaur20.txt:525:1/1500 ImmortalSkin LV2
Item	990	FireBall	103	63	Configs,Envir/Drops,Envir/NPCs,Envir/Quests	High	Configs/Setup.ini:128:FireRing=FireBall | Envir/Drops/BichonProvince/DeadMine/ClZombie.txt:58:1/100 FireBall | Envir/Drops/BichonProvince/DeadMine/ClZombie0.txt:62:1/10 FireBall | Envir/Drops/BichonProvince/DeadMine/CrawlerZombie.txt:58:1/100 FireBall | Envir/Drops/BichonProvince/DeadMine/CrawlerZombie0.txt:62:1/10 FireBall
Item	991	Repulsion	167	88	Envir/Drops,Envir/NPCs	High	Envir/Drops/AncientCaves/Ancient_AxeSkeleton.txt:87:1/140 Repulsion | Envir/Drops/AncientCaves/Ancient_AxeSkeleton0.txt:91:1/14 Repulsion | Envir/Drops/AncientCaves/Ancient_BoneElite.txt:106:1/7 Repulsion | Envir/Drops/AncientCaves/Ancient_BoneFighter.txt:87:1/140 Repulsion | Envir/Drops/AncientCaves/Ancient_BoneFighter0.txt:91:1/14 Repulsion
Item	992	ElectricShock	144	80	Envir/Drops,Envir/NPCs	High	Envir/Drops/AncientCaves/Ancient_AxeSkeleton.txt:91:1/84 ElectricShock | Envir/Drops/AncientCaves/Ancient_AxeSkeleton0.txt:95:1/8 ElectricShock | Envir/Drops/AncientCaves/Ancient_BoneElite.txt:107:1/12 ElectricShock | Envir/Drops/AncientCaves/Ancient_BoneFighter.txt:91:1/84 ElectricShock | Envir/Drops/AncientCaves/Ancient_BoneFighter0.txt:95:1/8 ElectricShock
Item	993	GreatFireBall	159	87	Envir/Drops,Envir/NPCs	High	Envir/Drops/AncientCaves/Ancient_AxeSkeleton.txt:93:1/84 GreatFireBall | Envir/Drops/AncientCaves/Ancient_AxeSkeleton0.txt:97:1/8 GreatFireBall | Envir/Drops/AncientCaves/Ancient_BoneElite.txt:111:1/15 GreatFireBall | Envir/Drops/AncientCaves/Ancient_BoneFighter.txt:93:1/84 GreatFireBall | Envir/Drops/AncientCaves/Ancient_BoneFighter0.txt:97:1/8 GreatFireBall
Item	994	HellFire	179	90	Envir/Drops,Envir/NPCs,Envir/Todo+Fixed List.txt	High	Envir/Drops/AncientCaves/Ancient_AxeSkeleton.txt:88:1/140 HellFire | Envir/Drops/AncientCaves/Ancient_AxeSkeleton0.txt:92:1/14 HellFire | Envir/Drops/AncientCaves/Ancient_BoneElite.txt:108:1/25 HellFire | Envir/Drops/AncientCaves/Ancient_BoneFighter.txt:88:1/140 HellFire | Envir/Drops/AncientCaves/Ancient_BoneFighter0.txt:92:1/14 HellFire
Item	995	ThunderBolt	187	92	Envir/Drops,Envir/NPCs	High	Envir/Drops/AncientCaves/Ancient_AxeSkeleton.txt:89:1/140 ThunderBolt | Envir/Drops/AncientCaves/Ancient_AxeSkeleton0.txt:93:1/14 ThunderBolt | Envir/Drops/AncientCaves/Ancient_BoneElite.txt:109:1/25 ThunderBolt | Envir/Drops/AncientCaves/Ancient_BoneFighter.txt:89:1/140 ThunderBolt | Envir/Drops/AncientCaves/Ancient_BoneFighter0.txt:93:1/14 ThunderBolt
Item	996	Teleport	339	121	Envir/Drops,Envir/NPCs,Envir/SystemScripts	High	Envir/Drops/AncientCaves/Ancient_AxeSkeleton.txt:96:1/100 Teleport | Envir/Drops/AncientCaves/Ancient_AxeSkeleton0.txt:100:1/10 Teleport | Envir/Drops/AncientCaves/Ancient_BoneElite.txt:110:1/50 Teleport | Envir/Drops/AncientCaves/Ancient_BoneFighter.txt:96:1/100 Teleport | Envir/Drops/AncientCaves/Ancient_BoneFighter0.txt:100:1/10 Teleport
Item	997	FireBang	146	67	Envir/Drops,Envir/NPCs	High	Envir/Drops/BichonProvince/DeadMine/ClZombie.txt:77:1/250 FireBang | Envir/Drops/BichonProvince/DeadMine/ClZombie0.txt:81:1/25 FireBang | Envir/Drops/BichonProvince/DeadMine/CrawlerZombie.txt:77:1/250 FireBang | Envir/Drops/BichonProvince/DeadMine/CrawlerZombie0.txt:81:1/25 FireBang | Envir/Drops/BichonProvince/DeadMine/NdZombie.txt:77:1/250 FireBang
Item	998	FireWall	156	70	Envir/Drops,Envir/NPCs	High	Envir/Drops/AncientCaves/Ancient_ZumaTaurus.txt:219:1/40 FireWall | Envir/Drops/AncientCaves/ZumaTemple/Ancient_ZumaTaurus.txt:184:1/40 FireWall | Envir/Drops/BichonProvince/DeadMine/ClZombie.txt:78:1/250 FireWall | Envir/Drops/BichonProvince/DeadMine/ClZombie0.txt:82:1/25 FireWall | Envir/Drops/BichonProvince/DeadMine/CrawlerZombie.txt:78:1/250 FireWall
Item	999	Lightning	99	60	Envir/Drops,Envir/NPCs	High	Envir/Drops/AncientCaves/Ancient_ZumaTaurus.txt:220:1/45 Lightning | Envir/Drops/AncientCaves/ZumaTemple/Ancient_ZumaTaurus.txt:185:1/45 Lightning | Envir/Drops/BichonProvince/DeadMine/ClZombie.txt:82:1/500 Lightning | Envir/Drops/BichonProvince/DeadMine/ClZombie0.txt:86:1/50 Lightning | Envir/Drops/BichonProvince/DeadMine/CrawlerZombie.txt:82:1/500 Lightning
Item	1000	FrostCrunch	107	49	Envir/Drops,Envir/NPCs	High	Envir/Drops/AncientCaves/Ancient_RoninGhoul.txt:79:1/200 FrostCrunch | Envir/Drops/AncientCaves/Ancient_ToxicGhoul.txt:72:1/200 FrostCrunch | Envir/Drops/AncientCaves/Ancient_ZumaTaurus.txt:221:1/50 FrostCrunch | Envir/Drops/AncientCaves/Prajna/Ancient_RoninGhoul.txt:79:1/200 FrostCrunch | Envir/Drops/AncientCaves/Prajna/Ancient_ToxicGhoul.txt:72:1/200 FrostCrunch
Item	1001	ThunderStorm	74	37	Envir/Drops,Envir/NPCs	High	Envir/Drops/AncientCaves/Ancient_ZumaTaurus.txt:222:1/55 ThunderStorm | Envir/Drops/AncientCaves/ZumaTemple/Ancient_ZumaTaurus.txt:187:1/55 ThunderStorm | Envir/Drops/BichonProvince/DeadMine/Ghoul.txt:147:1/100 ThunderStorm | Envir/Drops/DarkGhoul.txt:140:1/100 ThunderStorm | Envir/Drops/FlameTiger.txt:137:1/50 ThunderStorm LV1
Item	1002	MagicShield	73	43	Envir/Drops,Envir/NPCs	High	Envir/Drops/AncientCaves/Ancient_RoninGhoul.txt:78:1/150 MagicShield | Envir/Drops/AncientCaves/Ancient_ToxicGhoul.txt:71:1/150 MagicShield | Envir/Drops/AncientCaves/Ancient_ZumaTaurus.txt:223:1/60 MagicShield | Envir/Drops/AncientCaves/Prajna/Ancient_RoninGhoul.txt:78:1/150 MagicShield | Envir/Drops/AncientCaves/Prajna/Ancient_ToxicGhoul.txt:71:1/150 MagicShield
Item	1003	TurnUndead	44	20	Envir/Drops,Envir/NPCs	High	Envir/Drops/BichonProvince/DeadMine/Ghoul.txt:149:1/200 TurnUndead | Envir/Drops/SerpentLord.txt:143:1/400 TurnUndead LV1 | Envir/Drops/SerpentLord.txt:302:1/400 TurnUndead LV2 | Envir/Drops/SerpentLord.txt:463:1/400 TurnUndead LV3 | Envir/Drops/SerpentLord.txt:622:1/400 TurnUndead LV4
Item	1004	Vampirism	145	73	Envir/Drops,Envir/NPCs	High	Envir/Drops/AncientCaves/Ancient_RedThunderZuma.txt:171:1/50 Vampirism | Envir/Drops/AncientCaves/ZumaTemple/Ancient_RedThunderZuma.txt:171:1/50 Vampirism | Envir/Drops/BearMinotaur.txt:243:1/50 Vampirism | Envir/Drops/BearMinotaur20.txt:243:1/50 Vampirism LV1 | Envir/Drops/BearMinotaur20.txt:531:1/50 Vampirism LV2
Item	1005	IceStorm	178	77	Envir/Drops,Envir/NPCs	High	Envir/Drops/AncientCaves/Ancient_BoneLord.txt:161:1/35   IceStorm | Envir/Drops/AncientCaves/Ancient_KingHog.txt:174:1/65 IceStorm | Envir/Drops/AncientCaves/Ancient_RedThunderZuma.txt:172:1/25 IceStorm | Envir/Drops/AncientCaves/Ancient_ZumaTaurus.txt:224:1/65 IceStorm | Envir/Drops/AncientCaves/Prajna/Ancient_BoneLord.txt:161:1/35   IceStorm
Item	1006	FlameDisruptor	172	86	Envir/Drops,Envir/NPCs	High	Envir/Drops/AncientCaves/Ancient_BoneLord.txt:168:1/70   FlameDisruptor | Envir/Drops/AncientCaves/Ancient_KingHog.txt:179:1/300 FlameDisruptor | Envir/Drops/AncientCaves/Ancient_RedThunderZuma.txt:173:1/30 FlameDisruptor | Envir/Drops/AncientCaves/Ancient_SnakeScorpion.txt:78:1/2400 FlameDisruptor | Envir/Drops/AncientCaves/Ancient_SnakeScorpion0.txt:78:1/240 FlameDisruptor
Item	1007	Mirroring	192	92	Envir/Drops,Envir/NPCs	High	Envir/Drops/AncientCaves/Ancient_BoneLord.txt:170:1/600  Mirroring | Envir/Drops/AncientCaves/Ancient_RedThunderZuma.txt:174:1/50 Mirroring | Envir/Drops/AncientCaves/Ancient_WoomaTaurus.txt:133:1/200  Mirroring | Envir/Drops/AncientCaves/Ancient_ZumaTaurus.txt:226:1/120 Mirroring | Envir/Drops/AncientCaves/Prajna/Ancient_BoneLord.txt:170:1/600  Mirroring
Item	1008	FlameField	152	73	Envir/Drops,Envir/NPCs	High	Envir/Drops/AncientCaves/Ancient_RedThunderZuma.txt:175:1/200 FlameField | Envir/Drops/AncientCaves/Ancient_ZumaTaurus.txt:227:1/210 FlameField | Envir/Drops/AncientCaves/ZumaTemple/Ancient_RedThunderZuma.txt:175:1/200 FlameField | Envir/Drops/AncientCaves/ZumaTemple/Ancient_ZumaTaurus.txt:192:1/210 FlameField | Envir/Drops/BearMinotaur.txt:246:1/190 FlameField
Item	1009	Blizzard	154	58	Envir/Drops,Envir/NPCs	High	Envir/Drops/AncientCaves/Ancient_RedThunderZuma.txt:177:1/600 Blizzard | Envir/Drops/AncientCaves/ZumaTemple/Ancient_RedThunderZuma.txt:177:1/600 Blizzard | Envir/Drops/BearMinotaur.txt:247:1/700 Blizzard | Envir/Drops/BearMinotaur20.txt:247:1/700 Blizzard LV1 | Envir/Drops/BearMinotaur20.txt:535:1/700 Blizzard LV2
Item	1010	MagicBooster	166	52	Envir/Drops,Envir/NPCs	High	Envir/Drops/AncientCaves/Ancient_FlyingStatue.txt:108:1/800 MagicBooster | Envir/Drops/AncientCaves/Ancient_StoningStatue.txt:110:1/800 MagicBooster | Envir/Drops/BearMinotaur.txt:248:1/800 MagicBooster | Envir/Drops/BearMinotaur20.txt:248:1/800 MagicBooster LV1 | Envir/Drops/BearMinotaur20.txt:536:1/800 MagicBooster LV2
Item	1011	MeteorStrike	173	72	Envir/Drops,Envir/NPCs	High	Envir/Drops/AncientCaves/Ancient_FlyingStatue.txt:107:1/800 MeteorStrike | Envir/Drops/AncientCaves/Ancient_RedThunderZuma.txt:176:1/400 MeteorStrike | Envir/Drops/AncientCaves/Ancient_StoningStatue.txt:109:1/800 MeteorStrike | Envir/Drops/AncientCaves/ZumaTemple/Ancient_RedThunderZuma.txt:176:1/400 MeteorStrike | Envir/Drops/BearMinotaur.txt:249:1/900 MeteorStrike
Item	1012	IceThrust	127	35	Envir/Drops,Envir/NPCs	High	Envir/Drops/AncientCaves/Ancient_FlyingStatue.txt:106:1/800 IceThrust | Envir/Drops/AncientCaves/Ancient_StoningStatue.txt:108:1/800 IceThrust | Envir/Drops/BearMinotaur.txt:251:1/1100 IceThrust | Envir/Drops/BearMinotaur20.txt:251:1/1100 IceThrust LV1 | Envir/Drops/BearMinotaur20.txt:539:1/1100 IceThrust LV2
Item	1013	Blink	1	1	Configs	Medium	Configs/Setup.ini:129:BlinkSkill=Blink
Item	1014	StormEscape	98	26	Envir/Drops,Envir/NPCs	High	Envir/Drops/AncientCaves/Ancient_FlyingStatue.txt:109:1/900 StormEscape | Envir/Drops/AncientCaves/Ancient_StoningStatue.txt:111:1/900 StormEscape | Envir/Drops/BearMinotaur.txt:254:1/1600 StormEscape | Envir/Drops/BearMinotaur20.txt:254:1/1600 StormEscape LV1 | Envir/Drops/BearMinotaur20.txt:542:1/1600 StormEscape LV2
Item	1015	FastMove	75	17	Envir/Drops,Envir/NPCs	High	Envir/Drops/AncientCaves/Ancient_FlyingStatue.txt:110:1/900 FastMove | Envir/Drops/AncientCaves/Ancient_StoningStatue.txt:112:1/900 FastMove | Envir/Drops/BearMinotaur.txt:250:1/1000 FastMove | Envir/Drops/BearMinotaur20.txt:250:1/1000 FastMove LV1 | Envir/Drops/BearMinotaur20.txt:538:1/1000 FastMove LV2
Item	1016	Healing	87	63	Configs,Envir/Drops,Envir/NPCs,Envir/Quests	High	Configs/Setup.ini:127:HealRing=Healing | Envir/Drops/BichonProvince/DeadMine/ClZombie.txt:59:1/100 Healing | Envir/Drops/BichonProvince/DeadMine/ClZombie0.txt:63:1/10 Healing | Envir/Drops/BichonProvince/DeadMine/CrawlerZombie.txt:59:1/100 Healing | Envir/Drops/BichonProvince/DeadMine/CrawlerZombie0.txt:63:1/10 Healing
Item	1017	SpiritSword	149	70	Envir/Drops,Envir/NPCs	High	Envir/Drops/BichonProvince/DeadMine/ClZombie.txt:64:1/100 SpiritSword | Envir/Drops/BichonProvince/DeadMine/ClZombie0.txt:68:1/10 SpiritSword | Envir/Drops/BichonProvince/DeadMine/CrawlerZombie.txt:64:1/100 SpiritSword | Envir/Drops/BichonProvince/DeadMine/CrawlerZombie0.txt:68:1/10 SpiritSword | Envir/Drops/BichonProvince/DeadMine/NdZombie.txt:64:1/100 SpiritSword
Item	1018	Poisoning	162	90	Envir/Drops,Envir/NPCs	High	Envir/Drops/AncientCaves/Ancient_AxeSkeleton.txt:86:1/140 Poisoning | Envir/Drops/AncientCaves/Ancient_AxeSkeleton0.txt:90:1/14 Poisoning | Envir/Drops/AncientCaves/Ancient_BoneElite.txt:115:1/10 Poisoning | Envir/Drops/AncientCaves/Ancient_BoneFighter.txt:86:1/140 Poisoning | Envir/Drops/AncientCaves/Ancient_BoneFighter0.txt:90:1/14 Poisoning
Item	1019	SoulFireBall	168	89	Envir/Drops,Envir/NPCs	High	Envir/Drops/AncientCaves/Ancient_AxeSkeleton.txt:94:1/84 SoulFireBall | Envir/Drops/AncientCaves/Ancient_AxeSkeleton0.txt:98:1/8 SoulFireBall | Envir/Drops/AncientCaves/Ancient_BoneElite.txt:112:1/15 SoulFireBall | Envir/Drops/AncientCaves/Ancient_BoneFighter.txt:94:1/84 SoulFireBall | Envir/Drops/AncientCaves/Ancient_BoneFighter0.txt:98:1/8 SoulFireBall
Item	1020	SummonSkeleton	158	79	Envir/Drops,Envir/NPCs	High	Envir/Drops/AncientCaves/Ancient_AxeSkeleton.txt:97:1/100 SummonSkeleton | Envir/Drops/AncientCaves/Ancient_AxeSkeleton0.txt:101:1/10 SummonSkeleton | Envir/Drops/AncientCaves/Ancient_BoneElite.txt:114:1/50 SummonSkeleton | Envir/Drops/AncientCaves/Ancient_BoneFighter.txt:97:1/100 SummonSkeleton | Envir/Drops/AncientCaves/Ancient_BoneFighter0.txt:101:1/10 SummonSkeleton
Item	1021	Hiding	191	86	Envir/Drops,Envir/NPCs	High	Envir/Drops/AncientCaves/Ancient_AxeSkeleton.txt:95:1/100 Hiding | Envir/Drops/AncientCaves/Ancient_AxeSkeleton0.txt:99:1/10 Hiding | Envir/Drops/AncientCaves/Ancient_BoneElite.txt:113:1/50 Hiding | Envir/Drops/AncientCaves/Ancient_BoneFighter.txt:95:1/100 Hiding | Envir/Drops/AncientCaves/Ancient_BoneFighter0.txt:99:1/10 Hiding
Item	1022	MassHiding	147	68	Envir/Drops,Envir/NPCs	High	Envir/Drops/BichonProvince/DeadMine/ClZombie.txt:76:1/250 MassHiding | Envir/Drops/BichonProvince/DeadMine/ClZombie0.txt:80:1/25 MassHiding | Envir/Drops/BichonProvince/DeadMine/CrawlerZombie.txt:76:1/250 MassHiding | Envir/Drops/BichonProvince/DeadMine/CrawlerZombie0.txt:80:1/25 MassHiding | Envir/Drops/BichonProvince/DeadMine/NdZombie.txt:76:1/250 MassHiding
Item	1023	SoulShield	162	75	Envir/Drops,Envir/NPCs	High	Envir/Drops/BichonProvince/DeadMine/ClZombie.txt:79:1/250 SoulShield | Envir/Drops/BichonProvince/DeadMine/ClZombie0.txt:83:1/25 SoulShield | Envir/Drops/BichonProvince/DeadMine/CrawlerZombie.txt:79:1/250 SoulShield | Envir/Drops/BichonProvince/DeadMine/CrawlerZombie0.txt:83:1/25 SoulShield | Envir/Drops/BichonProvince/DeadMine/Ghoul.txt:152:1/10 SoulShield
Item	1024	Revelation	148	69	Envir/Drops,Envir/NPCs	High	Envir/Drops/AncientCaves/Ancient_ZumaTaurus.txt:230:1/40 Revelation | Envir/Drops/AncientCaves/ZumaTemple/Ancient_ZumaTaurus.txt:195:1/40 Revelation | Envir/Drops/BichonProvince/DeadMine/ClZombie.txt:83:1/500 Revelation | Envir/Drops/BichonProvince/DeadMine/ClZombie0.txt:87:1/50 Revelation | Envir/Drops/BichonProvince/DeadMine/CrawlerZombie.txt:83:1/500 Revelation
Item	1025	BlessedArmour	156	70	Envir/Drops,Envir/NPCs	High	Envir/Drops/AncientCaves/Ancient_ZumaTaurus.txt:231:1/45 BlessedArmour | Envir/Drops/AncientCaves/ZumaTemple/Ancient_ZumaTaurus.txt:196:1/45 BlessedArmour | Envir/Drops/BichonProvince/DeadMine/ClZombie.txt:84:1/500 BlessedArmour | Envir/Drops/BichonProvince/DeadMine/ClZombie0.txt:88:1/50 BlessedArmour | Envir/Drops/BichonProvince/DeadMine/CrawlerZombie.txt:84:1/500 BlessedArmour
Item	1026	EnergyRepulsor	125	60	Envir/Drops,Envir/NPCs	High	Envir/Drops/AncientCaves/Ancient_RedThunderZuma.txt:181:1/30 EnergyRepulsor | Envir/Drops/AncientCaves/Ancient_WoomaTaurus.txt:129:1/30   EnergyRepulsor | Envir/Drops/AncientCaves/Ancient_ZumaTaurus.txt:232:1/50 EnergyRepulsor | Envir/Drops/AncientCaves/WoomaTemple/Ancient_WoomaTaurus.txt:129:1/30   EnergyRepulsor | Envir/Drops/AncientCaves/ZumaTemple/Ancient_RedThunderZuma.txt:181:1/30 EnergyRepulsor
Item	1027	TrapHexagon	69	39	Envir/Drops,Envir/NPCs	High	Envir/Drops/AncientCaves/Ancient_BoneBlademan.txt:92:1/500 TrapHexagon | Envir/Drops/AncientCaves/Ancient_ZumaTaurus.txt:233:1/55 TrapHexagon | Envir/Drops/AncientCaves/Prajna/Ancient_BoneBlademan.txt:92:1/500 TrapHexagon | Envir/Drops/AncientCaves/ZumaTemple/Ancient_ZumaTaurus.txt:198:1/55 TrapHexagon | Envir/Drops/BichonProvince/DeadMine/Ghoul.txt:154:1/100 TrapHexagon
Item	1028	Purification	142	77	Envir/Drops,Envir/NPCs	High	Envir/Drops/AncientCaves/Ancient_RedThunderZuma.txt:179:1/50 Purification | Envir/Drops/AncientCaves/Ancient_WoomaTaurus.txt:131:1/50   Purification | Envir/Drops/AncientCaves/Ancient_ZumaTaurus.txt:234:1/60 Purification | Envir/Drops/AncientCaves/WoomaTemple/Ancient_WoomaTaurus.txt:131:1/50   Purification | Envir/Drops/AncientCaves/ZumaTemple/Ancient_RedThunderZuma.txt:179:1/50 Purification
Item	1029	MassHealing	49	33	Envir/Drops,Envir/NPCs	High	Envir/Drops/AncientCaves/Ancient_RoninGhoul.txt:77:1/190 MassHealing | Envir/Drops/AncientCaves/Ancient_ToxicGhoul.txt:70:1/190 MassHealing | Envir/Drops/AncientCaves/Ancient_ZumaTaurus.txt:235:1/65 MassHealing | Envir/Drops/AncientCaves/Prajna/Ancient_RoninGhoul.txt:77:1/190 MassHealing | Envir/Drops/AncientCaves/Prajna/Ancient_ToxicGhoul.txt:70:1/190 MassHealing
Item	1030	Hallucination	123	72	Envir/Drops,Envir/NPCs	High	Envir/Drops/AncientCaves/Ancient_RedThunderZuma.txt:178:1/50 Hallucination | Envir/Drops/AncientCaves/Ancient_ZumaTaurus.txt:236:1/70 Hallucination | Envir/Drops/AncientCaves/ZumaTemple/Ancient_RedThunderZuma.txt:178:1/50 Hallucination | Envir/Drops/AncientCaves/ZumaTemple/Ancient_ZumaTaurus.txt:201:1/70 Hallucination | Envir/Drops/BearMinotaur.txt:257:1/50 Hallucination
Item	1031	UltimateEnhancer	179	100	Envir/Drops,Envir/NPCs	High	Envir/Drops/AncientCaves/Ancient_BoneLord.txt:167:1/70   UltimateEnhancer | Envir/Drops/AncientCaves/Ancient_KingHog.txt:180:1/300 UltimateEnhancer | Envir/Drops/AncientCaves/Ancient_RedThunderZuma.txt:180:1/30 UltimateEnhancer | Envir/Drops/AncientCaves/Ancient_SnakeScorpion.txt:79:1/1500 UltimateEnhancer | Envir/Drops/AncientCaves/Ancient_SnakeScorpion0.txt:79:1/150 UltimateEnhancer
Item	1032	SummonShinsu	163	77	Envir/Drops,Envir/NPCs	High	Envir/Drops/AncientCaves/Ancient_BoneLord.txt:162:1/35   SummonShinsu | Envir/Drops/AncientCaves/Ancient_KingHog.txt:175:1/65 SummonShinsu | Envir/Drops/AncientCaves/Ancient_RedThunderZuma.txt:182:1/25 SummonShinsu | Envir/Drops/AncientCaves/Ancient_ZumaTaurus.txt:239:1/85 SummonShinsu | Envir/Drops/AncientCaves/Prajna/Ancient_BoneLord.txt:162:1/35   SummonShinsu
Item	1033	Reincarnation	150	69	Envir/Drops,Envir/NPCs	High	Envir/Drops/AncientCaves/Ancient_FlyingStatue.txt:116:1/800 Reincarnation | Envir/Drops/AncientCaves/Ancient_RedThunderZuma.txt:185:1/200 Reincarnation | Envir/Drops/AncientCaves/Ancient_StoningStatue.txt:118:1/800 Reincarnation | Envir/Drops/AncientCaves/Ancient_ZumaTaurus.txt:240:1/90 Reincarnation | Envir/Drops/AncientCaves/ZumaTemple/Ancient_RedThunderZuma.txt:185:1/200 Reincarnation
Item	1034	SummonHolyDeva	192	92	Envir/Drops,Envir/NPCs	High	Envir/Drops/AncientCaves/Ancient_BoneLord.txt:169:1/500  SummonHolyDeva | Envir/Drops/AncientCaves/Ancient_RedThunderZuma.txt:183:1/200 SummonHolyDeva | Envir/Drops/AncientCaves/Ancient_ZumaTaurus.txt:241:1/120 SummonHolyDeva | Envir/Drops/AncientCaves/Prajna/Ancient_BoneLord.txt:169:1/500  SummonHolyDeva | Envir/Drops/AncientCaves/ZumaTemple/Ancient_RedThunderZuma.txt:183:1/200 SummonHolyDeva
Item	1035	Curse	161	74	Configs,Envir/Drops,Envir/NPCs	High	Configs/Language.ini:11:WeaponCurse=Curse dwells within your weapon. | Envir/Drops/AncientCaves/Ancient_RedThunderZuma.txt:184:1/200 Curse | Envir/Drops/AncientCaves/Ancient_ZumaTaurus.txt:242:1/210 Curse | Envir/Drops/AncientCaves/ZumaTemple/Ancient_RedThunderZuma.txt:184:1/200 Curse | Envir/Drops/AncientCaves/ZumaTemple/Ancient_ZumaTaurus.txt:207:1/210 Curse
Item	1036	Plague	112	41	Envir/Drops,Envir/NPCs	High	Envir/Drops/AncientCaves/Ancient_FlyingStatue.txt:118:1/900 Plague | Envir/Drops/AncientCaves/Ancient_StoningStatue.txt:120:1/900 Plague | Envir/Drops/DarkWargKing.txt:150:1/400 Plague LV1 | Envir/Drops/DarkWargKing.txt:319:1/400 Plague LV2 | Envir/Drops/DarkWargKing.txt:488:1/400 Plague LV3
Item	1037	PoisonCloud	226	89	Envir/Drops,Envir/NPCs	High	Envir/Drops/AncientCaves/Ancient_FlyingStatue.txt:115:1/800 PoisonCloud | Envir/Drops/AncientCaves/Ancient_RedThunderZuma.txt:186:1/400 PoisonCloud | Envir/Drops/AncientCaves/Ancient_StoningStatue.txt:117:1/800 PoisonCloud | Envir/Drops/AncientCaves/ZumaTemple/Ancient_RedThunderZuma.txt:186:1/400 PoisonCloud | Envir/Drops/BearMinotaur.txt:266:1/900 PoisonCloud
Item	1038	EnergyShield	104	33	Envir/Drops,Envir/NPCs	High	Envir/Drops/AncientCaves/Ancient_FlyingStatue.txt:119:1/900 EnergyShield | Envir/Drops/AncientCaves/Ancient_RedThunderZuma.txt:187:1/600 EnergyShield | Envir/Drops/AncientCaves/Ancient_StoningStatue.txt:121:1/900 EnergyShield | Envir/Drops/AncientCaves/ZumaTemple/Ancient_RedThunderZuma.txt:187:1/600 EnergyShield | Envir/Drops/BearMinotaur.txt:267:1/1100 EnergyShield
Item	1039	PetEnhancer	124	33	Envir/Drops,Envir/NPCs	High	Envir/Drops/AncientCaves/Ancient_FlyingStatue.txt:117:1/900 PetEnhancer | Envir/Drops/AncientCaves/Ancient_StoningStatue.txt:119:1/900 PetEnhancer | Envir/Drops/BearMinotaur.txt:268:1/1000 PetEnhancer | Envir/Drops/BearMinotaur20.txt:268:1/1000 PetEnhancer LV1 | Envir/Drops/BearMinotaur20.txt:556:1/1000 PetEnhancer LV2
Item	1040	HealingCircle	91	20	Envir/Drops,Envir/NPCs	High	Envir/Drops/AncientCaves/Ancient_ZumaTaurus.txt:238:1/80 HealingCircle | Envir/Drops/AncientCaves/ZumaTemple/Ancient_ZumaTaurus.txt:203:1/80 HealingCircle | Envir/Drops/BearMinotaur.txt:262:1/100 HealingCircle | Envir/Drops/BearMinotaur20.txt:262:1/100 HealingCircle LV1 | Envir/Drops/BearMinotaur20.txt:550:1/100 HealingCircle LV2
Item	1041	FatalSword	152	81	Envir/Drops,Envir/NPCs,Envir/Quests	High	Envir/Drops/AncientCaves/Ancient_AxeSkeleton.txt:90:1/140 FatalSword | Envir/Drops/AncientCaves/Ancient_AxeSkeleton0.txt:94:1/14 FatalSword | Envir/Drops/AncientCaves/Ancient_BoneFighter.txt:90:1/140 FatalSword | Envir/Drops/AncientCaves/Ancient_BoneFighter0.txt:94:1/14 FatalSword | Envir/Drops/AncientCaves/Ancient_BoneWarrior.txt:90:1/140 FatalSword
Item	1042	DoubleSlash	148	70	Envir/Drops,Envir/NPCs	High	Envir/Drops/AncientCaves/Ancient_BoneElite.txt:116:1/15 DoubleSlash | Envir/Drops/AncientCaves/OmaCavern/Ancient_BoneElite.txt:116:1/15 DoubleSlash | Envir/Drops/BichonProvince/DeadMine/ClZombie.txt:74:1/200 DoubleSlash | Envir/Drops/BichonProvince/DeadMine/ClZombie0.txt:78:1/20 DoubleSlash | Envir/Drops/BichonProvince/DeadMine/CrawlerZombie.txt:74:1/200 DoubleSlash
Item	1043	Haste	141	70	Envir/Drops,Envir/NPCs	High	Envir/Drops/AncientCaves/Ancient_BoneElite.txt:117:1/60 Haste | Envir/Drops/AncientCaves/Ancient_ZumaTaurus.txt:245:1/40 Haste | Envir/Drops/AncientCaves/OmaCavern/Ancient_BoneElite.txt:117:1/60 Haste | Envir/Drops/AncientCaves/ZumaTemple/Ancient_ZumaTaurus.txt:210:1/40 Haste | Envir/Drops/BichonProvince/DeadMine/ClZombie.txt:80:1/250 Haste
Item	1044	FlashDash	102	87	Envir/Drops,Envir/NPCs	High	Envir/Drops/AncientCaves/Ancient_AxeSkeleton.txt:99:1/400 FlashDash | Envir/Drops/AncientCaves/Ancient_AxeSkeleton0.txt:103:1/40 FlashDash | Envir/Drops/AncientCaves/Ancient_BoneFighter.txt:99:1/400 FlashDash | Envir/Drops/AncientCaves/Ancient_BoneFighter0.txt:103:1/40 FlashDash | Envir/Drops/AncientCaves/Ancient_BoneWarrior.txt:99:1/400 FlashDash
Item	1045	LightBody	126	48	Envir/Drops,Envir/NPCs	High	Envir/Drops/AncientCaves/Ancient_AxeSkeleton.txt:100:1/400 LightBody | Envir/Drops/AncientCaves/Ancient_AxeSkeleton0.txt:104:1/40 LightBody | Envir/Drops/AncientCaves/Ancient_BoneFighter.txt:100:1/400 LightBody | Envir/Drops/AncientCaves/Ancient_BoneFighter0.txt:104:1/40 LightBody | Envir/Drops/AncientCaves/Ancient_BoneWarrior.txt:100:1/400 LightBody
Item	1046	HeavenlySword	53	30	Envir/Drops,Envir/NPCs	High	Envir/Drops/AncientCaves/Ancient_ZumaTaurus.txt:248:1/55 HeavenlySword | Envir/Drops/AncientCaves/ZumaTemple/Ancient_ZumaTaurus.txt:213:1/55 HeavenlySword | Envir/Drops/BichonProvince/DeadMine/Ghoul.txt:162:1/150 HeavenlySword | Envir/Drops/DarkGhoul.txt:161:1/100 HeavenlySword | Envir/Drops/Frozen_Taurus.txt:247:1/100 HeavenlySword LV1
Item	1047	FireBurst	114	50	Envir/Drops,Envir/NPCs	High	Envir/Drops/AncientCaves/Ancient_BoneBlademan.txt:94:1/800 FireBurst | Envir/Drops/AncientCaves/Ancient_RedThunderZuma.txt:194:1/400 FireBurst | Envir/Drops/AncientCaves/Ancient_ZumaTaurus.txt:249:1/60 FireBurst | Envir/Drops/AncientCaves/Prajna/Ancient_BoneBlademan.txt:94:1/800 FireBurst | Envir/Drops/AncientCaves/ZumaTemple/Ancient_RedThunderZuma.txt:194:1/400 FireBurst
Item	1048	Trap	185	89	Envir/Drops,Envir/NPCs	High	Envir/Drops/AncientCaves/Ancient_BoneBlademan.txt:95:1/2000 Trap | Envir/Drops/AncientCaves/Ancient_BoneLord.txt:164:1/35   trap | Envir/Drops/AncientCaves/Ancient_SnakeScorpion.txt:80:1/1500 Trap | Envir/Drops/AncientCaves/Ancient_SnakeScorpion0.txt:80:1/150 Trap | Envir/Drops/AncientCaves/Ancient_WoomaTaurus.txt:127:1/30  trap
Item	1049	PoisonSword	129	72	Envir/Drops,Envir/NPCs	High	Envir/Drops/AncientCaves/Ancient_BoneLord.txt:165:1/35   PoisonSword | Envir/Drops/AncientCaves/Ancient_KingHog.txt:176:1/65 PoisonSword | Envir/Drops/AncientCaves/Ancient_RedThunderZuma.txt:189:1/50 PoisonSword | Envir/Drops/AncientCaves/Ancient_ZumaTaurus.txt:252:1/75 PoisonSword | Envir/Drops/AncientCaves/Prajna/Ancient_BoneLord.txt:165:1/35   PoisonSword
Item	1050	MoonLight	141	70	Envir/Drops,Envir/NPCs	High	Envir/Drops/AncientCaves/Ancient_BoneLord.txt:172:1/100  moonlight | Envir/Drops/AncientCaves/Ancient_RedThunderZuma.txt:190:1/50 MoonLight | Envir/Drops/AncientCaves/Ancient_WoomaTaurus.txt:134:1/200  moonlight | Envir/Drops/AncientCaves/Ancient_ZumaTaurus.txt:253:1/80 MoonLight | Envir/Drops/AncientCaves/Prajna/Ancient_BoneLord.txt:172:1/100  moonlight
Item	1051	MPEater	130	71	Envir/Drops,Envir/NPCs	High	Envir/Drops/AncientCaves/Ancient_BoneLord.txt:173:1/100  mpeater | Envir/Drops/AncientCaves/Ancient_KingHog.txt:181:1/300 MPEater | Envir/Drops/AncientCaves/Ancient_RedThunderZuma.txt:191:1/50 MPEater | Envir/Drops/AncientCaves/Ancient_ZumaTaurus.txt:254:1/120 MPEater | Envir/Drops/AncientCaves/Prajna/Ancient_BoneLord.txt:173:1/100  mpeater
Item	1052	SwiftFeet	164	78	Envir/Drops,Envir/NPCs	High	Envir/Drops/AncientCaves/Ancient_FlyingStatue.txt:124:1/800 SwiftFeet | Envir/Drops/AncientCaves/Ancient_RedThunderZuma.txt:193:1/400 SwiftFeet | Envir/Drops/AncientCaves/Ancient_StoningStatue.txt:126:1/800 SwiftFeet | Envir/Drops/AncientCaves/Ancient_ZumaTaurus.txt:255:1/210 SwiftFeet | Envir/Drops/AncientCaves/ZumaTemple/Ancient_RedThunderZuma.txt:193:1/400 SwiftFeet
Item	1053	DarkBody	160	61	Envir/Drops,Envir/NPCs	High	Envir/Drops/AncientCaves/Ancient_FlyingStatue.txt:125:1/800 DarkBody | Envir/Drops/AncientCaves/Ancient_RedThunderZuma.txt:192:1/200 DarkBody | Envir/Drops/AncientCaves/Ancient_StoningStatue.txt:127:1/800 DarkBody | Envir/Drops/AncientCaves/ZumaTemple/Ancient_RedThunderZuma.txt:192:1/200 DarkBody | Envir/Drops/BearMinotaur.txt:277:1/600 DarkBody
Item	1054	Hemorrhage	123	45	Envir/Drops,Envir/NPCs	High	Envir/Drops/AncientCaves/Ancient_FlyingStatue.txt:126:1/900 Hemorrhage | Envir/Drops/AncientCaves/Ancient_StoningStatue.txt:128:1/900 Hemorrhage | Envir/Drops/DarkWargKing.txt:155:1/500 Hemorrhage LV1 | Envir/Drops/DarkWargKing.txt:324:1/500 Hemorrhage LV2 | Envir/Drops/DarkWargKing.txt:493:1/500 Hemorrhage LV3
Item	1055	CresentSlash	5	5	Envir/NPCs	Medium	Envir/NPCs/BichonProvince/BichonWall/MirGuide-0.txt:274:<DarkBody 46/@darkbody>     <CresentSlash 50/@cresentslash>     <Hemorrhage 47/@hemorrhage> | Envir/NPCs/BichonProvince/BichonWall/MirGuide.txt:254:<DarkBody 46/@darkbody>     <CresentSlash 50/@cresentslash>     <Hemorrhage 47/@hemorrhage> | Envir/NPCs/BichonProvince/BorderVillage/BookStore-0132.txt:150:Level 50: CresentSlash | Envir/NPCs/BichonProvince/BorderVillage/BookStore.txt:150:Level 50: CresentSlash | Envir/NPCs/GM/GM-Book.txt:224:CresentSlash
Item	1056	MoonMist	70	27	Envir/Drops,Envir/NPCs	High	Envir/Drops/AncientCaves/Ancient_FlyingStatue.txt:127:1/900 MoonMist | Envir/Drops/AncientCaves/Ancient_StoningStatue.txt:129:1/900 MoonMist | Envir/Drops/DarkWargKing.txt:156:1/700 MoonMist LV1 | Envir/Drops/DarkWargKing.txt:325:1/700 MoonMist LV2 | Envir/Drops/DarkWargKing.txt:494:1/700 MoonMist LV3
Item	1057	Focus	140	65	Envir/Drops,Envir/NPCs,Envir/Quests	High	Envir/Drops/BichonProvince/DeadMine/ClZombie.txt:61:1/100 Focus | Envir/Drops/BichonProvince/DeadMine/ClZombie0.txt:65:1/10 Focus | Envir/Drops/BichonProvince/DeadMine/CrawlerZombie.txt:61:1/100 Focus | Envir/Drops/BichonProvince/DeadMine/CrawlerZombie0.txt:65:1/10 Focus | Envir/Drops/BichonProvince/DeadMine/NdZombie.txt:61:1/100 Focus
Item	1058	StraightShot	140	65	Envir/Drops,Envir/NPCs	High	Envir/Drops/BichonProvince/DeadMine/ClZombie.txt:66:1/200 StraightShot | Envir/Drops/BichonProvince/DeadMine/ClZombie0.txt:70:1/20 StraightShot | Envir/Drops/BichonProvince/DeadMine/CrawlerZombie.txt:66:1/200 StraightShot | Envir/Drops/BichonProvince/DeadMine/CrawlerZombie0.txt:70:1/20 StraightShot | Envir/Drops/BichonProvince/DeadMine/NdZombie.txt:66:1/200 StraightShot
Item	1059	MentalState	90	23	Envir/Drops,Envir/NPCs	High	Envir/Drops/DarkGhoul.txt:167:1/40 MentalState | Envir/Drops/Unused/Mysterious/Mysterious_BoneElite.txt:134:1/5000 MentalState LV1 | Envir/Drops/Unused/Mysterious/Mysterious_BoneElite.txt:280:1/5000 MentalState LV2 | Envir/Drops/Unused/Mysterious/Mysterious_BoneElite.txt:427:1/5000 MentalState LV3 | Envir/Drops/Unused/Mysterious/Mysterious_BoneElite.txt:574:1/5000 MentalState LV4
Item	1060	DoubleShot	140	65	Envir/Drops,Envir/NPCs	High	Envir/Drops/BichonProvince/DeadMine/ClZombie.txt:92:1/400 DoubleShot | Envir/Drops/BichonProvince/DeadMine/ClZombie0.txt:96:1/40 DoubleShot | Envir/Drops/BichonProvince/DeadMine/CrawlerZombie.txt:92:1/400 DoubleShot | Envir/Drops/BichonProvince/DeadMine/CrawlerZombie0.txt:96:1/40 DoubleShot | Envir/Drops/BichonProvince/DeadMine/Ghoul.txt:170:1/40 DoubleShot
Item	1061	Meditation	162	87	Envir/Drops,Envir/NPCs	High	Envir/Drops/AncientCaves/Ancient_AxeSkeleton.txt:102:1/400 Meditation | Envir/Drops/AncientCaves/Ancient_AxeSkeleton0.txt:106:1/40 Meditation | Envir/Drops/AncientCaves/Ancient_BoneElite.txt:119:1/20 Meditation | Envir/Drops/AncientCaves/Ancient_BoneFighter.txt:102:1/400 Meditation | Envir/Drops/AncientCaves/Ancient_BoneFighter0.txt:106:1/40 Meditation
Item	1062	ElementalShot	159	84	Envir/Drops,Envir/NPCs	High	Envir/Drops/AncientCaves/Ancient_AxeSkeleton.txt:106:1/2000 ElementalShot | Envir/Drops/AncientCaves/Ancient_AxeSkeleton0.txt:110:1/200 ElementalShot | Envir/Drops/AncientCaves/Ancient_BoneElite.txt:123:1/1000 ElementalShot | Envir/Drops/AncientCaves/Ancient_BoneFighter.txt:106:1/2000 ElementalShot | Envir/Drops/AncientCaves/Ancient_BoneFighter0.txt:110:1/200 ElementalShot
Item	1063	ExplosiveTrap	158	83	Envir/Drops,Envir/NPCs	High	Envir/Drops/AncientCaves/Ancient_AxeSkeleton.txt:101:1/300 ExplosiveTrap | Envir/Drops/AncientCaves/Ancient_AxeSkeleton0.txt:105:1/30 ExplosiveTrap | Envir/Drops/AncientCaves/Ancient_BoneElite.txt:118:1/15 ExplosiveTrap | Envir/Drops/AncientCaves/Ancient_BoneFighter.txt:101:1/300 ExplosiveTrap | Envir/Drops/AncientCaves/Ancient_BoneFighter0.txt:105:1/30 ExplosiveTrap
Item	1064	Concentration	108	31	Envir/Drops,Envir/NPCs	High	Envir/Drops/AncientCaves/Ancient_ZumaTaurus.txt:261:1/45 Concentration | Envir/Drops/AncientCaves/ZumaTemple/Ancient_ZumaTaurus.txt:225:1/45 Concentration | Envir/Drops/Frozen_Taurus.txt:255:1/40 Concentration LV1 | Envir/Drops/Frozen_Taurus.txt:521:1/40 Concentration LV2 | Envir/Drops/Frozen_Taurus.txt:788:1/40 Concentration LV3
Item	1065	VampireShot	114	27	Envir/Drops,Envir/NPCs	High	Envir/Drops/AncientCaves/Ancient_ZumaTaurus.txt:262:1/45 VampireShot | Envir/Drops/AncientCaves/ZumaTemple/Ancient_ZumaTaurus.txt:226:1/45 VampireShot | Envir/Drops/Frozen_Taurus.txt:256:1/40 VampireShot LV1 | Envir/Drops/Frozen_Taurus.txt:522:1/40 VampireShot LV2 | Envir/Drops/Frozen_Taurus.txt:789:1/40 VampireShot LV3
Item	1066	SummonVampire	110	77	Envir/Drops,Envir/NPCs	High	Envir/Drops/AncientCaves/Ancient_AxeSkeleton.txt:103:1/500 SummonVampire | Envir/Drops/AncientCaves/Ancient_AxeSkeleton0.txt:107:1/50 SummonVampire | Envir/Drops/AncientCaves/Ancient_BoneElite.txt:120:1/25 SummonVampire | Envir/Drops/AncientCaves/Ancient_BoneFighter.txt:103:1/500 SummonVampire | Envir/Drops/AncientCaves/Ancient_BoneFighter0.txt:107:1/50 SummonVampire
Item	1067	BackStep	111	78	Envir/Drops,Envir/NPCs	High	Envir/Drops/AncientCaves/Ancient_AxeSkeleton.txt:105:1/1400 BackStep | Envir/Drops/AncientCaves/Ancient_AxeSkeleton0.txt:109:1/140 BackStep | Envir/Drops/AncientCaves/Ancient_BoneElite.txt:122:1/700 BackStep | Envir/Drops/AncientCaves/Ancient_BoneFighter.txt:105:1/1400 BackStep | Envir/Drops/AncientCaves/Ancient_BoneFighter0.txt:109:1/140 BackStep
Item	1068	DelayedExplosion	113	80	Envir/Drops,Envir/NPCs	High	Envir/Drops/AncientCaves/Ancient_AxeSkeleton.txt:104:1/1000 DelayedExplosion | Envir/Drops/AncientCaves/Ancient_AxeSkeleton0.txt:108:1/100 DelayedExplosion | Envir/Drops/AncientCaves/Ancient_BoneElite.txt:121:1/50 DelayedExplosion | Envir/Drops/AncientCaves/Ancient_BoneFighter.txt:104:1/1000 DelayedExplosion | Envir/Drops/AncientCaves/Ancient_BoneFighter0.txt:108:1/100 DelayedExplosion
Item	1069	ElementalBarrier	104	29	Envir/Drops,Envir/NPCs	High	Envir/Drops/AncientCaves/Ancient_ZumaTaurus.txt:266:1/60 ElementalBarrier | Envir/Drops/AncientCaves/ZumaTemple/Ancient_ZumaTaurus.txt:230:1/60 ElementalBarrier | Envir/Drops/BearMinotaur20.txt:280:1/50 ElementalBarrier LV1 | Envir/Drops/BearMinotaur20.txt:568:1/50 ElementalBarrier LV2 | Envir/Drops/BearMinotaur20.txt:857:1/50 ElementalBarrier LV3
Item	1070	BindingShot	118	37	Envir/Drops,Envir/NPCs	High	Envir/Drops/AncientCaves/Ancient_FlyingStatue.txt:132:1/800 BindingShot | Envir/Drops/AncientCaves/Ancient_ZumaTaurus.txt:267:1/120 BindingShot | Envir/Drops/AncientCaves/ZumaTemple/Ancient_ZumaTaurus.txt:231:1/120 BindingShot | Envir/Drops/BearMinotaur20.txt:281:1/60 BindingShot LV1 | Envir/Drops/BearMinotaur20.txt:569:1/60 BindingShot LV2
Item	1071	SummonToad	111	36	Envir/Drops,Envir/NPCs	High	Envir/Drops/AncientCaves/Ancient_FlyingStatue.txt:133:1/800 SummonToad | Envir/Drops/AncientCaves/Ancient_ZumaTaurus.txt:268:1/210 SummonToad | Envir/Drops/AncientCaves/ZumaTemple/Ancient_ZumaTaurus.txt:232:1/210 SummonToad | Envir/Drops/BearMinotaur20.txt:282:1/75 SummonToad LV1 | Envir/Drops/BearMinotaur20.txt:570:1/75 SummonToad LV2
Item	1072	PoisonShot	128	43	Envir/Drops,Envir/NPCs	High	Envir/Drops/AncientCaves/Ancient_FlyingStatue.txt:134:1/900 PoisonShot | Envir/Drops/AncientCaves/Ancient_StoningStatue.txt:134:1/800 PoisonShot | Envir/Drops/AncientCaves/Ancient_ZumaTaurus.txt:269:1/210 PoisonShot | Envir/Drops/AncientCaves/ZumaTemple/Ancient_ZumaTaurus.txt:233:1/210 PoisonShot | Envir/Drops/BearMinotaur20.txt:283:1/75 PoisonShot LV1
Item	1073	CrippleShot	118	42	Envir/Drops,Envir/NPCs	High	Envir/Drops/AncientCaves/Ancient_FlyingStatue.txt:135:1/900 CrippleShot | Envir/Drops/AncientCaves/Ancient_StoningStatue.txt:135:1/800 CrippleShot | Envir/Drops/AncientCaves/Ancient_ZumaTaurus.txt:270:1/210 CrippleShot | Envir/Drops/AncientCaves/ZumaTemple/Ancient_ZumaTaurus.txt:234:1/210 CrippleShot | Envir/Drops/BearMinotaur20.txt:284:1/100 CrippleShot LV1
Item	1074	SummonSnakes	135	38	Envir/Drops,Envir/NPCs	High	Envir/Drops/AncientCaves/Ancient_FlyingStatue.txt:136:1/1600 SummonSnakes | Envir/Drops/AncientCaves/Ancient_StoningStatue.txt:136:1/900 SummonSnakes | Envir/Drops/BearMinotaur20.txt:285:1/100 SummonSnakes LV1 | Envir/Drops/BearMinotaur20.txt:573:1/100 SummonSnakes LV2 | Envir/Drops/BearMinotaur20.txt:862:1/100 SummonSnakes LV3
Item	1075	NapalmShot	99	30	Envir/Drops,Envir/NPCs	High	Envir/Drops/AncientCaves/Ancient_StoningStatue.txt:137:1/90 NapalmShot | Envir/Drops/DarkWargKing.txt:161:1/110 NapalmShot LV1 | Envir/Drops/DarkWargKing.txt:330:1/110 NapalmShot LV2 | Envir/Drops/DarkWargKing.txt:500:1/110 NapalmShot LV3 | Envir/Drops/DarkWargKing.txt:671:1/110 NapalmShot LV4
Item	1076	OneWithNature	62	24	Envir/Drops,Envir/NPCs	High	Envir/Drops/AncientCaves/Ancient_StoningStatue.txt:138:1/1650 OneWithNature | Envir/Drops/DarkWargKing.txt:162:1/750 OneWithNature LV1 | Envir/Drops/DarkWargKing.txt:331:1/750 OneWithNature LV2 | Envir/Drops/DarkWargKing.txt:501:1/750 OneWithNature LV3 | Envir/Drops/DarkWargKing.txt:672:1/750 OneWithNature LV4
Item	1077	StoneTrap	7	4	Configs,Envir/Drops,Envir/NPCs	High	Configs/Setup.ini:108:StoneName=StoneTrap | Envir/Drops/Provinces/FrostTiger.txt:150:1/12000 StoneTrap | Envir/NPCs/BichonProvince/BichonWall/MirGuide.txt:282:<PoisonShot 40/@poisonshot>      <StoneTrap 40/@stonetrap>       <CrippleShot 43/@crippleshot> | Envir/NPCs/BichonProvince/BichonWall/MirGuide.txt:1005:[@stonetrap] | Envir/NPCs/BichonProvince/BichonWall/MirGuide.txt:1007:StoneTrap (Level 40)
Item	1078	Portal	16	9	Envir/NPCs	High	Envir/NPCs/BichonProvince/BichonWall/MirGuide-0.txt:97:and Portal Scroll are considered as essential items. | Envir/NPCs/BichonProvince/BichonWall/MirGuide.txt:76:and Portal Scroll are considered as essential items. | Envir/NPCs/GM/GM-Book.txt:138:GIVESKILL Portal 3 | Envir/NPCs/GM/GM-Book.txt:246:Portal | Envir/NPCs/MongchonProvince/MudWall/MirGuide-3.txt:96:and Portal Scroll are considered as essential items.
Item	1079	WoomaHeart	45	19	Envir/Drops,Envir/NPCs	High	Envir/Drops/FlamingWooma.txt:81:1/350 WoomaHeart | Envir/Drops/FlamingWooma0.txt:85:1/350 WoomaHeart | Envir/Drops/Frozen_Guardian.txt:104:1/2 WoomaHeart Q | Envir/Drops/Frozen_Guardian0.txt:104:1/4 WoomaHeart Q | Envir/Drops/Frozen_Taurus.txt:265:1/1 WoomaHeart Q LV1
Item	1080	StoneHeart	7	3	Envir/NPCs	High	Envir/NPCs/AncientCaves/AncientStone-D715.txt:28:{StoneHeart/LightSteelBlue} Required {Level22~43./KHAKI} | Envir/NPCs/AncientCaves/AncientStone-D715.txt:39:CHECKITEM StoneHeart 1 | Envir/NPCs/AncientCaves/AncientStone-D715.txt:41:TAKEITEM StoneHeart 1 | Envir/NPCs/GM/GM-Quest.txt:89:StoneHeart | Envir/NPCs/MongchonProvince/StoneTemple/Stone.txt:28:{StoneHeart/LightSteelBlue} Required {Level22~43./KHAKI}
Item	1081	PrajnaHeart	4	2	Envir/NPCs	High	Envir/NPCs/AncientCaves/AncientPrajna-D2074.txt:17:{PrajnaHeart/LightSteelBlue} Required {Level48~55./KHAKI} | Envir/NPCs/AncientCaves/AncientPrajna-D2074.txt:28:CHECKITEM PrajnaHeart 1 | Envir/NPCs/AncientCaves/AncientPrajna-D2074.txt:30:TAKEITEM PrajnaHeart 1 | Envir/NPCs/GM/GM-Quest.txt:91:PrajnaHeart
Item	1082	ZumaHeart	8	4	Envir/Drops,Envir/NPCs	High	Envir/Drops/MongchonProvince/Zuma/ZumaTaurus.txt:212:1/20 ZumaHeart | Envir/NPCs/AncientCaves/AncientZuma-D504.txt:17:{ZumaHeart/LightSteelBlue} Required {Level55~70./KHAKI} | Envir/NPCs/AncientCaves/AncientZuma-D504.txt:28:CHECKITEM ZumaHeart 1 | Envir/NPCs/AncientCaves/AncientZuma-D504.txt:30:TAKEITEM ZumaHeart 1 | Envir/NPCs/GM/GM-Quest.txt:90:ZumaHeart
Item	1111	CannibalLeaves	3	2	Envir/NPCs,Envir/Quests	Medium	Envir/NPCs/GM/GM-Quest.txt:22:CannibalLeaves | Envir/Quests/BichonProvince/BorderVillage/1.txt:7:Transport {CannibalLeaves/LightSteelBlue} to {CraftLady/LimeGreen} | Envir/Quests/BichonProvince/BorderVillage/1.txt:16:CannibalLeaves 5
Item	1112	GingerTea	5	4	Envir/Drops,Envir/NPCs,Envir/Quests	Medium	Envir/Drops/Provinces/Scarecrow.txt:32:1/5 GingerTea Q | Envir/Drops/Provinces/Scarecrow0.txt:36:1/5 GingerTea Q | Envir/NPCs/GM/GM-Quest.txt:23:GingerTea | Envir/Quests/BichonProvince/BorderVillage/2.txt:7:Find {GingerTea/LightSteelBlue} from {Scarecrows/Crimson} and Deliver | Envir/Quests/BichonProvince/BorderVillage/2.txt:15:GingerTea 1
Item	1113	OmaTeeth	6	5	Envir/Drops,Envir/NPCs,Envir/Quests,Envir/Recipe	Medium	Envir/Drops/Provinces/Oma.txt:64:1/3 OmaTeeth Q | Envir/Drops/Provinces/Oma0.txt:68:1/3 OmaTeeth Q | Envir/NPCs/GM/GM-Quest.txt:24:OmaTeeth | Envir/Quests/BichonProvince/BichonWall/2.txt:10:{OmaTeeth's/LightSteelBlue} | Envir/Quests/BichonProvince/BichonWall/2.txt:17:OmaTeeth 10
Item	1114	CannibalStem	4	3	Envir/Drops,Envir/NPCs,Envir/Quests	Medium	Envir/Drops/Provinces/CannibalPlant.txt:10:1/3 CannibalStem Q | Envir/NPCs/GM/GM-Quest.txt:25:CannibalStem | Envir/Quests/WoomyonWoods/Wilderness/1.txt:11:Please collect 10 {CannibalStem/LightSteelBlue} and | Envir/Quests/WoomyonWoods/Wilderness/1.txt:20:CannibalStem 10
Item	1115	PoisonSack	5	3	Envir/Drops,Envir/NPCs,Envir/Quests	Medium	Envir/Drops/Provinces/SpittingSpider.txt:9:1/3 PoisonSack Q | Envir/NPCs/GM/GM-Quest.txt:27:PoisonSack | Envir/Quests/BichonProvince/BichonWall/4.txt:5:from the {PoisonSack/LightSteelBlue}. | Envir/Quests/BichonProvince/BichonWall/4.txt:8:Please find {PoisonSack's/LightSteelBlue} by hunting | Envir/Quests/BichonProvince/BichonWall/4.txt:16:PoisonSack 10
Item	1116	Web	5	3	Envir/Drops,Envir/NPCs,Envir/Quests	Medium	Envir/Drops/Provinces/SpittingSpider.txt:10:1/3 Web Q | Envir/NPCs/GM/GM-Quest.txt:28:Web | Envir/Quests/BichonProvince/BichonWall/6.txt:6:medicine. We are especially short on {Web's/LightSteelBlue} | Envir/Quests/BichonProvince/BichonWall/6.txt:11:Please collect 10 {Web's/LightSteelBlue} from {SpittingSpider's/Crimson} | Envir/Quests/BichonProvince/BichonWall/6.txt:18:Web 10
Item	1117	JadeRing	8	5	Envir/Drops,Envir/NPCs,Envir/Quests	High	Envir/Drops/Provinces/Currish.txt:6:1/3 JadeRing Q | Envir/Drops/SerpantValley/Currish.txt:72:1/1 JadeRing Q | Envir/NPCs/GM/GM-Quest.txt:29:JadeRing | Envir/Quests/SerpentValley/Village/1.txt:5:{JadeRing/LightSteelBlue} was in the bag. | Envir/Quests/SerpentValley/Village/1.txt:8:Find the {JadeRing/LightSteelBlue} from {Currish/Crimson}.
Item	1118	BluePill	3	2	Envir/NPCs,Envir/Quests	High	Envir/NPCs/GM/GM-Quest.txt:30:BluePill | Envir/Quests/SerpentValley/Village/3.txt:7:Please take this {BluePill/LightSteelBlue} to {Bradly/LimeGreen} | Envir/Quests/SerpentValley/Village/3.txt:16:BluePill 1
Item	1119	SecretRecipe	3	2	Envir/NPCs,Envir/Quests	Medium	Envir/NPCs/GM/GM-Quest.txt:31:SecretRecipe | Envir/Quests/SerpentValley/Village/5.txt:5:wants my {SecretRecipe/LightSteelBlue}. I'm too busy to go | Envir/Quests/SerpentValley/Village/5.txt:19:SecretRecipe 2
Item	1120	SnakeBody	7	6	Envir/Drops,Envir/NPCs,Envir/Quests	Medium	Envir/Drops/Provinces/RedSnake.txt:61:1/5 SnakeBody Q | Envir/Drops/Provinces/RedSnake0.txt:69:1/5 SnakeBody Q | Envir/Drops/Provinces/TigerSnake.txt:61:1/5 SnakeBody Q | Envir/Drops/Provinces/TigerSnake0.txt:69:1/5 SnakeBody Q | Envir/NPCs/GM/GM-Quest.txt:32:SnakeBody
Item	1121	SnakeWine	10	7	Envir/NPCs,Envir/Quests,Envir/SystemScripts	Medium	Envir/NPCs/BichonProvince/BichonWall/MongchonScout-0100.txt:16:You know what the best wine is? The best wine is the {snakeWine/LightSteelBlue}. | Envir/NPCs/BichonProvince/BichonWall/MongchonScout.txt:16:You know what the best wine is? The best wine is the {snakeWine/LightSteelBlue}. | Envir/NPCs/GM/GM-Quest.txt:33:SnakeWine | Envir/Quests/SerpentValley/Village/6.txt:2:Have you heard of {SnakeWine/LightSteelBlue}? This Wine is made | Envir/Quests/SerpentValley/Village/6.txt:8:Please go purchase some {SnakeWine/LightSteelBlue} from {Mary/LimeGreen}
Item	1122	Ebony(Fruit)	3	3	Envir/Drops,Envir/NPCs,Envir/Quests	Medium	Envir/Drops/Provinces/EbonyTree.txt:17:1/4 Ebony(Fruit) Q | Envir/NPCs/GM/GM-Quest.txt:34:Ebony(Fruit) | Envir/Quests/SerpentValley/Village/9.txt:13:Ebony(Fruit) 10
Item	1123	RedSnakeTeeth	5	4	Envir/Drops,Envir/NPCs,Envir/Quests	Medium	Envir/Drops/Provinces/RedSnake.txt:62:1/10 RedSnakeTeeth Q | Envir/Drops/Provinces/RedSnake0.txt:70:1/10 RedSnakeTeeth Q | Envir/NPCs/GM/GM-Quest.txt:35:RedSnakeTeeth | Envir/Quests/PrajnaIsland/PIVillage/1.txt:8:Collect {RedSnakeTeeth/LightSteelBlue} for the Cure | Envir/Quests/PrajnaIsland/PIVillage/1.txt:15:RedSnakeTeeth 1
Item	1124	OliviasRing	3	2	Envir/NPCs,Envir/Quests	Medium	Envir/NPCs/GM/GM-Quest.txt:38:OliviasRing | Envir/Quests/BichonProvince/BichonWall/10.txt:6:Find {OliviasRing/LightSteelBlue} in {OmaCave/Yellow} | Envir/Quests/BichonProvince/BichonWall/10.txt:14:OliviasRing 1
Item	1125	Relics	6	4	Envir/Drops,Envir/NPCs,Envir/Quests	Medium	Envir/Drops/BichonProvince/OmaCave/CaveMaggot.txt:52:1/5 Relics Q | Envir/Drops/BichonProvince/OmaCave/CaveMaggot1.txt:57:1/4 Relics Q | Envir/NPCs/GM/GM-Quest.txt:39:Relics | Envir/Quests/BichonProvince/BorderVillage/22.txt:4:monsters. {Ruben/LimeGreen} asked for {Relics/LightSteelBlue} for the injured. | Envir/Quests/BichonProvince/BorderVillage/22.txt:7:Collect 10 {Relics/LightSteelBlue} by hunting {CaveMaggots/Crimson}
Item	1126	CookBook	4	2	Envir/NPCs,Envir/Quests	Medium	Envir/NPCs/GM/GM-Quest.txt:40:CookBook | Envir/Quests/WoomyonWoods/Castle-GI/Town/1.txt:3:need to send a CookBook to {Butcher Jim/LimeGreen} in | Envir/Quests/WoomyonWoods/Castle-GI/Town/1.txt:9:deliver the {CookBook/LightSteelBlue} to {Jim/LimeGreen} in {CastleGi-Ryoong/Yellow} | Envir/Quests/WoomyonWoods/Castle-GI/Town/1.txt:18:CookBook 2
Item	1127	CannibalSeed	5	3	Envir/Drops,Envir/NPCs,Envir/Quests	Medium	Envir/Drops/Provinces/CannibalPlant.txt:11:1/3 CannibalSeed Q | Envir/NPCs/GM/GM-Quest.txt:41:CannibalSeed | Envir/Quests/BichonProvince/BichonWall/13.txt:4:get me 10 {CannibalLeaf/LightSteelBlue} and 10 {CannibalSeed/LightSteelBlue}? | Envir/Quests/BichonProvince/BichonWall/13.txt:7:Collect 10 {CannibalLeaf/LightSteelBlue} and {CannibalSeed's/LightSteelBlue} from | Envir/Quests/BichonProvince/BichonWall/13.txt:16:CannibalSeed 10
Item	1128	CanniTea	6	4	Envir/NPCs,Envir/Quests	Medium	Envir/NPCs/GM/GM-Quest.txt:42:CanniTea | Envir/Quests/BichonProvince/BichonWall/12.txt:2:Do you know of {CanniTea?/LightSteelBlue} Its the best Tea | Envir/Quests/BichonProvince/BichonWall/12.txt:5:make some {CanniTea/LightSteelBlue} for me? | Envir/Quests/BichonProvince/BichonWall/13.txt:2:Did you want me to make you {CanniTea/LightSteelBlue}? Hmm.. | Envir/Quests/BichonProvince/BichonWall/14.txt:6:Deliver the {CanniTea/LightSteelBlue} to {MirGuide/LimeGreen}
Item	1129	BatTeeth	5	4	Envir/Drops,Envir/NPCs,Envir/Quests	Medium	Envir/Drops/BichonProvince/OmaCave/CaveBat.txt:14:1/5 BatTeeth Q | Envir/Drops/BichonProvince/OmaCave/CaveBat0.txt:18:1/5 BatTeeth Q | Envir/NPCs/GM/GM-Quest.txt:43:BatTeeth | Envir/Quests/BichonProvince/BichonWall/16.txt:7:Please collect 5 {BatTeeth/LightSteelBlue} and {Skull's/LightSteelBlue} from | Envir/Quests/BichonProvince/BichonWall/16.txt:16:BatTeeth 5
Item	1130	Skull	14	13	Envir/Drops,Envir/NPCs,Envir/Quests	Medium	Envir/Drops/BichonProvince/OmaCave/AxeSkeleton.txt:65:1/5 Skull Q | Envir/Drops/BichonProvince/OmaCave/AxeSkeleton0.txt:69:1/5 Skull Q | Envir/Drops/BichonProvince/OmaCave/AxeSkeleton9.txt:69:1/5 Skull Q | Envir/Drops/BichonProvince/OmaCave/BoneFighter.txt:72:1/5 Skull Q | Envir/Drops/BichonProvince/OmaCave/BoneFighter0.txt:76:1/5 Skull Q
Item	1131	ZombieEye	32	31	Envir/Drops,Envir/NPCs,Envir/Quests	Medium	Envir/Drops/BichonProvince/DeadMine/ClZombie.txt:95:1/5 ZombieEye Q | Envir/Drops/BichonProvince/DeadMine/ClZombie0.txt:99:1/5 ZombieEye Q | Envir/Drops/BichonProvince/DeadMine/CrawlerZombie.txt:95:1/5 ZombieEye Q | Envir/Drops/BichonProvince/DeadMine/CrawlerZombie0.txt:99:1/5 ZombieEye Q | Envir/Drops/BichonProvince/DeadMine/Zombie1.txt:95:1/5 ZombieEye Q
Item	1132	BatWings	4	4	Envir/Drops,Envir/NPCs,Envir/Quests	Medium	Envir/Drops/BichonProvince/OmaCave/CaveBat.txt:15:1/6 BatWings Q | Envir/Drops/BichonProvince/OmaCave/CaveBat0.txt:19:1/6 BatWings Q | Envir/NPCs/GM/GM-Quest.txt:46:BatWings | Envir/Quests/BichonProvince/BichonWall/17.txt:14:BatWings 10
Item	1133	CaveReport	1	1	Envir/NPCs	Medium	Envir/NPCs/GM/GM-Quest.txt:47:CaveReport
Item	1134	SkeletonHead	6	6	Envir/Drops,Envir/NPCs,Envir/Quests	Medium	Envir/Drops/BichonProvince/OmaCave/BoneElite.txt:110:1/1 SkeletonHead Q | Envir/Drops/BichonProvince/OmaCave/BoneElite1.txt:110:1/1 SkeletonHead Q | Envir/Drops/BichonProvince/OmaCave/BoneElite2.txt:110:1/1 SkeletonHead Q | Envir/Drops/BichonProvince/OmaCave/BoneElite9.txt:110:1/1 SkeletonHead Q | Envir/NPCs/GM/GM-Quest.txt:48:SkeletonHead
Item	1135	RareCopperOre	23	21	Envir/Drops,Envir/NPCs,Envir/Quests	Medium	Envir/Drops/BichonProvince/DeadMine/ClZombie.txt:96:1/5 RareCopperOre Q | Envir/Drops/BichonProvince/DeadMine/ClZombie0.txt:100:1/5 RareCopperOre Q | Envir/Drops/BichonProvince/DeadMine/CrawlerZombie.txt:96:1/5 RareCopperOre Q | Envir/Drops/BichonProvince/DeadMine/CrawlerZombie0.txt:100:1/5 RareCopperOre Q | Envir/Drops/BichonProvince/DeadMine/Zombie1.txt:96:1/5 RareCopperOre Q
Item	1136	OldNecklace	9	6	Envir/Drops,Envir/NPCs,Envir/Quests	High	Envir/Drops/MongchonProvince/BugCave/GiantWorm.txt:81:1/10 OldNecklace Q | Envir/Drops/MongchonProvince/BugCave/GiantWorm0.txt:87:1/10 OldNecklace Q | Envir/NPCs/GM/GM-Quest.txt:50:OldNecklace | Envir/Quests/BichonProvince/BichonWall/21.txt:7:Return the {OldNecklace/LightSteelBlue} to {Vincent/LimeGreen}. | Envir/Quests/BichonProvince/BichonWall/21.txt:16:OldNecklace 1
Item	1137	BugBlood	6	4	Envir/Drops,Envir/NPCs,Envir/Quests	Medium	Envir/Drops/WoomyonWoods/InsectCave/BlueHoroBlaster.txt:60:1/5 BugBlood Q | Envir/Drops/WoomyonWoods/InsectCave/BlueHoroBlaster0.txt:60:1/5 BugBlood Q | Envir/NPCs/GM/GM-Quest.txt:52:BugBlood | Envir/Quests/WoomyonWoods/Wilderness/InsectCave/2.txt:4:medicine. Could you bring me 12 {BugBlood/LightSteelBlue}? | Envir/Quests/WoomyonWoods/Wilderness/InsectCave/2.txt:8:{BugBlood/LightSteelBlue}
Item	1138	BluJadePendant	4	4	Envir/Drops,Envir/NPCs,Envir/Quests	Medium	Envir/Drops/WoomyonWoods/InsectCave/SpiderFrog.txt:45:1/5 BluJadePendant Q | Envir/Drops/WoomyonWoods/InsectCave/SpiderFrog0.txt:45:1/5 BluJadePendant Q | Envir/NPCs/GM/GM-Quest.txt:53:BluJadePendant | Envir/Quests/WoomyonWoods/Wilderness/InsectCave/3.txt:14:BluJadePendant 1
Item	1139	Antidote	7	5	Envir/Drops,Envir/NPCs,Envir/Quests	Medium	Envir/Drops/WoomyonWoods/InsectCave/KekTal.txt:60:1/4 Antidote Q | Envir/Drops/WoomyonWoods/InsectCave/KekTal0.txt:60:1/4 Antidote Q | Envir/NPCs/GM/GM-Quest.txt:54:Antidote | Envir/Quests/BichonProvince/BichonWall/4.txt:4:is poisonous and the antidote can only be made | Envir/Quests/WoomyonWoods/Wilderness/InsectCave/5.txt:3:poisoned. I bought the {Antidote/LightSteelBlue} but the mobs
Item	1140	GatheringGlove	8	8	Envir/Drops,Envir/NPCs,Envir/Quests	Medium	Envir/Drops/WoomyonWoods/InsectCave/BlueHoroBlaster.txt:61:1/8 GatheringGlove Q | Envir/Drops/WoomyonWoods/InsectCave/BlueHoroBlaster0.txt:61:1/8 GatheringGlove Q | Envir/Drops/WoomyonWoods/InsectCave/KekTal.txt:61:1/8 GatheringGlove Q | Envir/Drops/WoomyonWoods/InsectCave/KekTal0.txt:61:1/8 GatheringGlove Q | Envir/Drops/WoomyonWoods/InsectCave/VioletKekTal.txt:45:1/8 GatheringGlove Q
Item	1141	GatheringTool	8	8	Envir/Drops,Envir/NPCs,Envir/Quests	Medium	Envir/Drops/WoomyonWoods/InsectCave/BlueHoroBlaster.txt:62:1/8 GatheringTool Q | Envir/Drops/WoomyonWoods/InsectCave/BlueHoroBlaster0.txt:62:1/8 GatheringTool Q | Envir/Drops/WoomyonWoods/InsectCave/KekTal.txt:62:1/8 GatheringTool Q | Envir/Drops/WoomyonWoods/InsectCave/KekTal0.txt:62:1/8 GatheringTool Q | Envir/Drops/WoomyonWoods/InsectCave/VioletKekTal.txt:46:1/8 GatheringTool Q
Item	1142	GreenHerb	8	8	Envir/Drops,Envir/NPCs,Envir/Quests	Medium	Envir/Drops/WoomyonWoods/InsectCave/BlueHoroBlaster.txt:63:1/8 GreenHerb Q | Envir/Drops/WoomyonWoods/InsectCave/BlueHoroBlaster0.txt:63:1/8 GreenHerb Q | Envir/Drops/WoomyonWoods/InsectCave/KekTal.txt:63:1/8 GreenHerb Q | Envir/Drops/WoomyonWoods/InsectCave/KekTal0.txt:63:1/8 GreenHerb Q | Envir/Drops/WoomyonWoods/InsectCave/VioletKekTal.txt:47:1/8 GreenHerb Q
Item	1143	MobBlood	3	2	Envir/NPCs,Envir/Quests	Medium	Envir/NPCs/GM/GM-Quest.txt:58:MobBlood | Envir/Quests/SerpentValley/Village/13.txt:7:Deliver {MobBlood/LightSteelBlue} to {Dr.Kim/LimeGreen} in {SerpentValley/Yellow} | Envir/Quests/SerpentValley/Village/13.txt:16:MobBlood 2
Item	1144	RedDagger	2	2	Envir/NPCs,Envir/Quests	Medium	Envir/NPCs/GM/GM-Quest.txt:59:RedDagger | Envir/Quests/SerpentValley/Serpent Mines/3.txt:14:RedDagger 1
Item	1145	OldRobe	2	2	Envir/NPCs,Envir/Quests	Medium	Envir/NPCs/GM/GM-Quest.txt:60:OldRobe | Envir/Quests/SerpentValley/Village/14.txt:14:OldRobe 1
Item	1146	StolenGold	3	2	Envir/NPCs,Envir/Quests	Medium	Envir/NPCs/GM/GM-Quest.txt:61:StolenGold | Envir/Quests/SerpentValley/Serpent Mines/4.txt:5:the Gold. Please return and retrieve the {StolenGold/LightSteelBlue} | Envir/Quests/SerpentValley/Serpent Mines/4.txt:15:StolenGold 1
Item	1147	HiddenScroll	4	3	Envir/NPCs,Envir/Quests	Medium	Envir/NPCs/GM/GM-Quest.txt:62:HiddenScroll | Envir/Quests/SerpentValley/Serpent Mines/6.txt:5:Deliver the {HiddenScroll/LightSteelBlue} to {Dr.Kim/LimeGreen}. | Envir/Quests/SerpentValley/Serpent Mines/6.txt:14:HiddenScroll 2 | Envir/Quests/SerpentValley/Serpent Mines/7.txt:4:{HiddenScroll/LightSteelBlue}.
Item	1148	HeartOfDead	5	4	Envir/Drops,Envir/NPCs,Envir/Quests	Medium	Envir/Drops/HiGreatGhoul.txt:33:1/1 HeartOfDead Q | Envir/Drops/HiGreatGhoul0.txt:72:1/1 HeartOfDead Q | Envir/NPCs/GM/GM-Quest.txt:63:HeartOfDead | Envir/Quests/SerpentValley/Serpent Mines/7.txt:8:{HeartOfDead/LightSteelBlue} from the {HiGreatGhoul/Crimson} | Envir/Quests/SerpentValley/Serpent Mines/7.txt:16:HeartOfDead 1
Item	1149	TraineeSuit	2	1	Envir/Quests	Medium	Envir/Quests/SerpentValley/Village/15.txt:8:the {TraineeSuit/LightSteelBlue} to {Drapery Sam/LimeGreen}. | Envir/Quests/SerpentValley/Village/15.txt:17:TraineeSuit 2
Item	1150	ZombiesHeart	5	4	Envir/Drops,Envir/NPCs,Envir/Quests	Medium	Envir/Drops/TaoVillage/MineralMines/CursedPriest.txt:95:1/10 ZombiesHeart Q | Envir/Drops/TaoVillage/MineralMines/CursedPriest0.txt:93:1/10 ZombiesHeart Q | Envir/NPCs/GM/GM-Quest.txt:65:ZombiesHeart | Envir/Quests/WoomyonWoods/TaoistVillage/Tao Village/3.txt:7:Collect 10 {ZombiesHeart/LightSteelBlue} from {CursedPriest's/Crimson}. | Envir/Quests/WoomyonWoods/TaoistVillage/Tao Village/3.txt:14:ZombiesHeart 10
Item	1151	AncientTree	4	3	Envir/Drops,Envir/NPCs,Envir/Quests	Medium	Envir/Drops/TaoVillage/TreePath/RedValley/RootSpider.txt:82:1/6 AncientTree Q | Envir/NPCs/GM/GM-Quest.txt:66:AncientTree | Envir/Quests/WoomyonWoods/TaoistVillage/Tao Village/8.txt:6:Find 5 {AncientTree/LightSteelBlue} by killing {RootSpider's/Crimson}. | Envir/Quests/WoomyonWoods/TaoistVillage/Tao Village/8.txt:13:AncientTree 5
Item	1152	WornAxe	3	2	Envir/NPCs,Envir/Quests	Medium	Envir/NPCs/GM/GM-Quest.txt:67:WornAxe | Envir/Quests/WoomyonWoods/TaoistVillage/Tao Village/9.txt:8:the {WornAxe/LightSteelBlue} | Envir/Quests/WoomyonWoods/TaoistVillage/Tao Village/9.txt:15:WornAxe 1
Item	1153	TraineeRing	6	4	Envir/Drops,Envir/NPCs,Envir/Quests	Medium	Envir/Drops/TaoVillage/TreePath/RedValley/VenomSpider.txt:87:1/8 TraineeRing | Envir/Drops/TaoVillage/TreePath/RedValley/VenomSpider0.txt:99:1/8 TraineeRing | Envir/NPCs/GM/GM-Quest.txt:68:TraineeRing | Envir/Quests/WoomyonWoods/TaoistVillage/Tao Village/12.txt:3:the {TraineeRing/LightSteelBlue}. | Envir/Quests/WoomyonWoods/TaoistVillage/Tao Village/12.txt:6:Retrieve the {TraineeRing/LightSteelBlue} by killing {VenomSpider/Crimson}.
Item	1154	SkysLetter	3	2	Envir/NPCs,Envir/Quests	Medium	Envir/NPCs/GM/GM-Quest.txt:69:SkysLetter | Envir/Quests/WoomyonWoods/TaoistVillage/Tao Village/13.txt:5:Delivery {SkysLetter/LightSteelBlue} to {Sir.Mogu/LimeGreen} in {BichonWall/Yellow}. | Envir/Quests/WoomyonWoods/TaoistVillage/Tao Village/13.txt:14:SkysLetter 2
Item	1155	BeefRib	5	4	Envir/Drops,Envir/NPCs,Envir/Quests	Medium	Envir/Drops/WoomyonWoods/WoomaTemple/WoomaSoldier.txt:81:1/6 BeefRib Q | Envir/Drops/WoomyonWoods/WoomaTemple/WoomaSoldier0.txt:85:1/6 BeefRib Q | Envir/NPCs/GM/GM-Quest.txt:70:BeefRib | Envir/Quests/BichonProvince/BichonWall/22.txt:6:Collect 10 {BeefRib/LightSteelBlue} by Killing {WoomaSoldier's/Crimson} | Envir/Quests/BichonProvince/BichonWall/22.txt:14:BeefRib 10
Item	1156	WoomasHorn	3	3	Envir/Drops,Envir/NPCs,Envir/Quests	Medium	Envir/Drops/WoomyonWoods/WoomaTemple/WoomaGuardian.txt:115:1/1 WoomasHorn Q | Envir/NPCs/GM/GM-Quest.txt:71:WoomasHorn | Envir/Quests/WoomyonWoods/Castle-GI/Town/7.txt:16:WoomasHorn 1
Item	1157	BugSpecimen	5	4	Envir/Drops,Envir/NPCs,Envir/Quests	Medium	Envir/Drops/MongchonProvince/BugCave/WhimperingBee.txt:94:1/5 BugSpecimen Q | Envir/Drops/MongchonProvince/BugCave/WhimperingBee0.txt:94:1/5 BugSpecimen Q | Envir/NPCs/GM/GM-Quest.txt:72:BugSpecimen | Envir/Quests/MongchonProvince/Bug Cave/1.txt:11:{BugSpecimen/LightSteelBlue} which be found in {Death Valley/Yellow} | Envir/Quests/MongchonProvince/Bug Cave/1.txt:17:BugSpecimen 10
Item	1158	CharleySword	5	4	Envir/Drops,Envir/NPCs,Envir/Quests	Medium	Envir/Drops/MongchonProvince/BugCave/Tongs.txt:89:1/15 CharleySword Q | Envir/Drops/MongchonProvince/BugCave/Tongs0.txt:95:1/15 CharleySword Q | Envir/NPCs/GM/GM-Quest.txt:73:CharleySword | Envir/Quests/MongchonProvince/Bug Cave/2.txt:8:Travel to {Death Valley/Yellow} and retrieve {CharleySword/LightSteelBlue} | Envir/Quests/MongchonProvince/Bug Cave/2.txt:16:CharleySword 1
Item	1159	BichonTales(1)	3	3	Envir/Drops,Envir/NPCs,Envir/Quests	Medium	Envir/Drops/Unused/Zombies/Zombie51.txt:6:1/15 BichonTales(1) Q | Envir/NPCs/GM/GM-Quest.txt:74:BichonTales(1) | Envir/Quests/MongchonProvince/SabukWall/2.txt:13:BichonTales(1) 1
Item	1160	BichonTales(2)	3	3	Envir/Drops,Envir/NPCs,Envir/Quests	Medium	Envir/Drops/Unused/Zombies/Zombie51.txt:7:1/15 BichonTales(2) Q | Envir/NPCs/GM/GM-Quest.txt:75:BichonTales(2) | Envir/Quests/MongchonProvince/SabukWall/2.txt:14:BichonTales(2) 1
Item	1161	BichonTales(3)	3	3	Envir/Drops,Envir/NPCs,Envir/Quests	Medium	Envir/Drops/Unused/Zombies/Zombie51.txt:8:1/15 BichonTales(3) Q | Envir/NPCs/GM/GM-Quest.txt:76:BichonTales(3) | Envir/Quests/MongchonProvince/SabukWall/1.txt:15:BichonTales(3) 1
Item	1162	CorpsFlower	6	4	Envir/Drops,Envir/NPCs,Envir/Quests	Medium	Envir/Drops/PranjaIsland/PranjaStoneCave/RoninGhoul.txt:83:1/7 CorpsFlower Q | Envir/Drops/PranjaIsland/PranjaStoneCave/RoninGhoul0.txt:87:1/7 CorpsFlower Q | Envir/NPCs/GM/GM-Quest.txt:80:CorpsFlower | Envir/Quests/BichonProvince/BichonWall/25.txt:5:Could you get some {CorpsFlower/LightSteelBlue} for me? | Envir/Quests/BichonProvince/BichonWall/25.txt:8:Travel to PrajnaIsland and Collect 10 {CorpsFlower/LightSteelBlue} by
Item	1163	CleanSkull	10	8	Envir/Drops,Envir/NPCs,Envir/Quests	Medium	Envir/Drops/PranjaIsland/PranjaStoneCave/BoneArcher.txt:51:1/10 CleanSkull Q | Envir/Drops/PranjaIsland/PranjaStoneCave/BoneArcher0.txt:50:1/10 CleanSkull Q | Envir/Drops/PranjaIsland/PranjaStoneCave/BoneBlademan.txt:98:1/8 CleanSkull Q | Envir/Drops/PranjaIsland/PranjaStoneCave/BoneBlademan0.txt:98:1/8 CleanSkull Q | Envir/Drops/PranjaIsland/PranjaStoneCave/BoneSpearman.txt:81:1/7 CleanSkull Q
Item	1164	PrajnaHistory	7	4	Envir/Drops,Envir/NPCs,Envir/Quests	Medium	Envir/Drops/TaoVillage/TreePath/RedValley/EvilApeSobo.txt:3:1/1 PrajnaHistory Q | Envir/NPCs/GM/GM-Quest.txt:82:PrajnaHistory | Envir/Quests/WoomyonWoods/TaoistVillage/Tao Village/15.txt:3:for the {PrajnaHistory/LightSteelBlue} Book back.. | Envir/Quests/WoomyonWoods/TaoistVillage/Tao Village/15.txt:9:Kill {EvilApeSobo/Crimson} and retrieve {PrajnaHistory/LightSteelBlue}. | Envir/Quests/WoomyonWoods/TaoistVillage/Tao Village/15.txt:16:PrajnaHistory 1
Item	1165	BatPoison	4	3	Envir/Drops,Envir/NPCs,Envir/Quests	Medium	Envir/Drops/TaoVillage/TreePath/RedValley/SpiderBat.txt:18:1/6 BatPoison Q | Envir/NPCs/GM/GM-Quest.txt:83:BatPoison | Envir/Quests/WoomyonWoods/TaoistVillage/TreePath/1.txt:6:Kill {SpiderBat/Crimson} and collect 20 {BatPoison/LightSteelBlue}. | Envir/Quests/WoomyonWoods/TaoistVillage/TreePath/1.txt:13:BatPoison 20
Item	1166	Algae	2	2	Envir/NPCs,Envir/Quests	Medium	Envir/NPCs/GM/GM-Quest.txt:84:Algae | Envir/Quests/PrajnaIsland/PIVillage/5.txt:16:Algae 2
Item	1167	RelicRock	26	24	Envir/Drops,Envir/NPCs,Envir/Quests	Medium	Envir/Drops/AncientCaves/Ancient_BlackBoar.txt:77:1/6 RelicRock Q | Envir/Drops/AncientCaves/Ancient_BlackBoar0.txt:77:1/6 RelicRock Q | Envir/Drops/AncientCaves/Ancient_RedBoar.txt:77:1/6 RelicRock Q | Envir/Drops/AncientCaves/Ancient_RedBoar0.txt:77:1/6 RelicRock Q | Envir/Drops/AncientCaves/Ancient_WhiteBoar.txt:143:1/3 RelicRock Q
Item	1168	BloodPill	7	6	Envir/Drops,Envir/NPCs,Envir/Quests	Medium	Envir/Drops/AncientCaves/Ancient_SnakeScorpion.txt:83:1/8 BloodPill Q | Envir/Drops/AncientCaves/Ancient_SnakeScorpion0.txt:83:1/8 BloodPill Q | Envir/Drops/AncientCaves/StoneTemple/Ancient_SnakeScorpion.txt:83:1/8 BloodPill Q | Envir/Drops/AncientCaves/StoneTemple/Ancient_SnakeScorpion0.txt:83:1/8 BloodPill Q | Envir/NPCs/GM/GM-Quest.txt:86:BloodPill
Item	1169	SkeletonBone	17	16	Envir/Drops,Envir/NPCs,Envir/Quests	Medium	Envir/Drops/BichonProvince/OmaCave/AxeSkeleton.txt:64:1/5 SkeletonBone Q | Envir/Drops/BichonProvince/OmaCave/AxeSkeleton0.txt:68:1/5 SkeletonBone Q | Envir/Drops/BichonProvince/OmaCave/AxeSkeleton9.txt:68:1/5 SkeletonBone Q | Envir/Drops/BichonProvince/OmaCave/BoneElite.txt:111:2/1 SkeletonBone Q | Envir/Drops/BichonProvince/OmaCave/BoneElite1.txt:111:2/1 SkeletonBone Q
Item	1170	BoarTooth	11	11	Envir/Drops,Envir/NPCs,Envir/Quests	Medium	Envir/Drops/Castle-Gi/BDD/WhiteBoar20.txt:13:1/1 BoarTooth Q | Envir/Drops/Castle-Gi/BDD/WhiteBoar21.txt:13:1/1 BoarTooth Q | Envir/Drops/MongchonProvince/StoneTomb/WhiteBoar.txt:143:1/1 BoarTooth Q | Envir/Drops/MongchonProvince/StoneTomb/WhiteBoar0.txt:40:1/1 BoarTooth Q | Envir/Drops/WhiteBoar.txt:143:1/1 BoarTooth Q
Item	1171	GoldenPendant	2	2	Envir/NPCs,Envir/Quests	Medium	Envir/NPCs/GM/GM-Necklace.txt:108:GoldenPendant | Envir/Quests/BichonProvince/BorderVillage/2.txt:20:GoldenPendant
Item	1172	SharpDagger	2	2	Envir/NPCs,Envir/Quests	Medium	Envir/NPCs/GM/GM-Weapon.txt:162:SharpDagger | Envir/Quests/BichonProvince/BorderVillage/3.txt:20:SharpDagger
Item	1173	ToughHoaSword	2	2	Envir/NPCs,Envir/Quests	Medium	Envir/NPCs/GM/GM-Weapon.txt:187:ToughHoaSword | Envir/Quests/BichonProvince/BorderVillage/3.txt:21:ToughHoaSword
Item	1174	StiffWoodenBow	2	2	Envir/NPCs,Envir/Quests	Medium	Envir/NPCs/GM/GM-Weapon.txt:189:StiffWoodenBow | Envir/Quests/BichonProvince/BorderVillage/3.txt:22:StiffWoodenBow
Item	1175	OldCopperRing	1	1	Envir/Quests	Medium	Envir/Quests/BichonProvince/BorderVillage/4.txt:20:OldCopperRing
Item	1176	WornIronBracelet	1	1	Envir/Quests	Medium	Envir/Quests/BichonProvince/BorderVillage/5.txt:21:WornIronBracelet
Item	1177	BronzeWarriorSword	2	2	Envir/NPCs,Envir/Quests	Medium	Envir/NPCs/GM/GM-Weapon.txt:163:BronzeWarriorSword | Envir/Quests/BichonProvince/BorderVillage/6.txt:20:BronzeWarriorSword
Item	1178	StrongHoaSword	2	2	Envir/NPCs,Envir/Quests	Medium	Envir/NPCs/GM/GM-Weapon.txt:188:StrongHoaSword | Envir/Quests/BichonProvince/BorderVillage/6.txt:21:StrongHoaSword
Item	1179	StrongWoodenBow	2	2	Envir/NPCs,Envir/Quests	Medium	Envir/NPCs/GM/GM-Weapon.txt:190:StrongWoodenBow | Envir/Quests/BichonProvince/BorderVillage/6.txt:22:StrongWoodenBow
Item	1180	OldLoafer	6	6	Envir/Drops,Envir/Quests	Medium	Envir/Drops/WolfInvader.txt:15:1/140 OldLoafer | Envir/Quests/BichonProvince/BorderVillage/11.txt:21:OldLoafer | Envir/Quests/BichonProvince/BorderVillage/14.txt:21:OldLoafer | Envir/Quests/BichonProvince/BorderVillage/17.txt:21:OldLoafer | Envir/Quests/BichonProvince/BorderVillage/20.txt:21:OldLoafer
Item	1181	PrecisionPendant	2	2	Envir/NPCs,Envir/Quests	Medium	Envir/NPCs/GM/GM-Necklace.txt:109:PrecisionPendant | Envir/Quests/BichonProvince/BichonWall/1.txt:19:PrecisionPendant
Item	1182	BronzeShortSword	2	2	Envir/NPCs,Envir/Quests	Medium	Envir/NPCs/GM/GM-Weapon.txt:164:BronzeShortSword | Envir/Quests/BichonProvince/BichonWall/2.txt:24:BronzeShortSword
Item	1183	BronzeHoaSword	2	2	Envir/NPCs,Envir/Quests	Medium	Envir/NPCs/GM/GM-Weapon.txt:165:BronzeHoaSword | Envir/Quests/BichonProvince/BichonWall/2.txt:25:BronzeHoaSword
Item	1184	ElkWoodenBow	2	2	Envir/NPCs,Envir/Quests	Medium	Envir/NPCs/GM/GM-Weapon.txt:166:ElkWoodenBow | Envir/Quests/BichonProvince/BichonWall/2.txt:26:ElkWoodenBow
Item	1185	SteelBangle	1	1	Envir/Quests	Medium	Envir/Quests/WoomyonWoods/Wilderness/1.txt:26:SteelBangle
Item	1186	StrongLeatherBelt	1	1	Envir/Quests	Medium	Envir/Quests/BichonProvince/BichonWall/4.txt:21:StrongLeatherBelt
Item	1187	BlackCrystalPendant	2	2	Envir/NPCs,Envir/Quests	Medium	Envir/NPCs/GM/GM-Necklace.txt:110:BlackCrystalPendant | Envir/Quests/SerpentValley/Village/3.txt:21:BlackCrystalPendant
Item	1188	EbonyPendant	2	2	Envir/NPCs,Envir/Quests	Medium	Envir/NPCs/GM/GM-Necklace.txt:111:EbonyPendant | Envir/Quests/SerpentValley/Village/3.txt:22:EbonyPendant
Item	1189	YellowCrystalPendant	2	2	Envir/NPCs,Envir/Quests	Medium	Envir/NPCs/GM/GM-Necklace.txt:112:YellowCrystalPendant | Envir/Quests/SerpentValley/Village/3.txt:23:YellowCrystalPendant
Item	1192	BrokenSword	2	2	Envir/NPCs,Envir/Quests	Medium	Envir/NPCs/GM/GM-Weapon.txt:167:BrokenSword | Envir/Quests/SerpentValley/Village/8.txt:18:BrokenSword
Item	1193	SuperiorBronzeHelmet	1	1	Envir/Quests	Medium	Envir/Quests/SerpentValley/Village/9.txt:18:SuperiorBronzeHelmet
Item	1194	StrongLeatherShoes	1	1	Envir/Quests	Medium	Envir/Quests/WoomyonWoods/Wilderness/3.txt:21:StrongLeatherShoes
Item	1195	SolidBronzeAxe	3	3	Envir/NPCs,Envir/Quests	Medium	Envir/NPCs/GM/GM-Weapon.txt:168:SolidBronzeAxe | Envir/Quests/BichonProvince/BichonWall/8.txt:22:SolidBronzeAxe | Envir/Quests/SerpentValley/Village/16.txt:22:SolidBronzeAxe
Item	1196	SharpSword	2	2	Envir/NPCs,Envir/Quests	Medium	Envir/NPCs/GM/GM-Weapon.txt:169:SharpSword | Envir/Quests/BichonProvince/BichonWall/9.txt:24:SharpSword
Item	1197	SharpTrident	2	2	Envir/NPCs,Envir/Quests	Medium	Envir/NPCs/GM/GM-Weapon.txt:170:SharpTrident | Envir/Quests/BichonProvince/BichonWall/9.txt:25:SharpTrident
Item	1198	SharpScimitar	2	2	Envir/NPCs,Envir/Quests	Medium	Envir/NPCs/GM/GM-Weapon.txt:171:SharpScimitar | Envir/Quests/BichonProvince/BichonWall/9.txt:26:SharpScimitar
Item	1199	SharpSabre	2	2	Envir/NPCs,Envir/Quests	Medium	Envir/NPCs/GM/GM-Weapon.txt:172:SharpSabre | Envir/Quests/BichonProvince/BichonWall/9.txt:27:SharpSabre
Item	1200	ToughBow	2	2	Envir/NPCs,Envir/Quests	Medium	Envir/NPCs/GM/GM-Weapon.txt:173:ToughBow | Envir/Quests/BichonProvince/BichonWall/9.txt:28:ToughBow
Item	1201	SuperiorMagicHelmet	1	1	Envir/Quests	Medium	Envir/Quests/BichonProvince/BichonWall/11.txt:22:SuperiorMagicHelmet
Item	1202	SteelBuckle	1	1	Envir/Quests	Medium	Envir/Quests/BichonProvince/BichonWall/14.txt:18:SteelBuckle
Item	1203	OldNagaNecklace	2	2	Envir/NPCs,Envir/Quests	Medium	Envir/NPCs/GM/GM-Necklace.txt:113:OldNagaNecklace | Envir/Quests/BichonProvince/BichonWall/15.txt:25:OldNagaNecklace
Item	1204	AmberPendant	2	2	Envir/NPCs,Envir/Quests	Medium	Envir/NPCs/GM/GM-Necklace.txt:114:AmberPendant | Envir/Quests/BichonProvince/BichonWall/15.txt:26:AmberPendant
Item	1205	WornBeadofPhoenix	2	2	Envir/NPCs,Envir/Quests	Medium	Envir/NPCs/GM/GM-Necklace.txt:115:WornBeadofPhoenix | Envir/Quests/BichonProvince/BichonWall/15.txt:27:WornBeadofPhoenix
Item	1206	BronzeStrap	9	2	Envir/Drops,Envir/Quests	Medium	Envir/Drops/Unused/Lords/WoomyonLord.txt:138:1/50 BronzeStrap LV1 | Envir/Drops/Unused/Lords/WoomyonLord.txt:356:1/50 BronzeStrap LV2 | Envir/Drops/Unused/Lords/WoomyonLord.txt:575:1/50 BronzeStrap LV3 | Envir/Drops/Unused/Lords/WoomyonLord.txt:794:1/50 BronzeStrap LV4 | Envir/Drops/Unused/Lords/WoomyonLord.txt:1012:1/50 BronzeStrap LV5
Item	1207	ToughGlove	1	1	Envir/Quests	Medium	Envir/Quests/BichonProvince/BichonWall/21.txt:21:ToughGlove
Item	1208	MagicBangle	1	1	Envir/Quests	Medium	Envir/Quests/BichonProvince/BichonWall/21.txt:22:MagicBangle
Item	1209	HardSteelSword	1	1	Envir/Quests	Medium	Envir/Quests/WoomyonWoods/Wilderness/InsectCave/6.txt:23:HardSteelSword
Item	1210	EbonyBangle	1	1	Envir/Quests	Medium	Envir/Quests/WoomyonWoods/Wilderness/InsectCave/6.txt:24:EbonyBangle
Item	1211	MonkBangle	1	1	Envir/Quests	Medium	Envir/Quests/WoomyonWoods/Wilderness/InsectCave/6.txt:25:MonkBangle
Item	1212	SilkShoes	5	5	Envir/Quests,Envir/Recipe	Medium	Envir/Quests/WoomyonWoods/Wilderness/InsectCave/6.txt:26:SilkShoes | Envir/Recipe/NephriteShoes.txt:10:SilkShoes | Envir/Recipe/RedJadeBelt.txt:10:SilkShoes | Envir/Recipe/RedJadeShoes.txt:10:SilkShoes | Envir/Recipe/WhiteGoldShoes.txt:11:SilkShoes
Item	1213	BlackCrystalRing	1	1	Envir/Quests	Medium	Envir/Quests/SerpentValley/Serpent Mines/4.txt:22:BlackCrystalRing
Item	1214	EyeofGoldenSnake	1	1	Envir/Quests	Medium	Envir/Quests/SerpentValley/Serpent Mines/4.txt:23:EyeofGoldenSnake
Item	1215	BlackPearlRing	1	1	Envir/Quests	Medium	Envir/Quests/SerpentValley/Serpent Mines/4.txt:24:BlackPearlRing
Item	1216	MartialSabre	2	2	Envir/NPCs,Envir/Quests	Medium	Envir/NPCs/GM/GM-Weapon.txt:175:MartialSabre | Envir/Quests/SerpentValley/Serpent Mines/7.txt:23:MartialSabre
Item	1217	SpearWithHook	2	2	Envir/NPCs,Envir/Quests	Medium	Envir/NPCs/GM/GM-Weapon.txt:176:SpearWithHook | Envir/Quests/SerpentValley/Serpent Mines/7.txt:24:SpearWithHook
Item	1218	KeenKrissSword	2	2	Envir/NPCs,Envir/Quests	Medium	Envir/NPCs/GM/GM-Weapon.txt:177:KeenKrissSword | Envir/Quests/SerpentValley/Serpent Mines/7.txt:25:KeenKrissSword
Item	1219	BlackIronCrowSwords	2	2	Envir/NPCs,Envir/Quests	Medium	Envir/NPCs/GM/GM-Weapon.txt:178:BlackIronCrowSwords | Envir/Quests/SerpentValley/Serpent Mines/7.txt:26:BlackIronCrowSwords
Item	1220	ToughLongBow	2	2	Envir/NPCs,Envir/Quests	Medium	Envir/NPCs/GM/GM-Weapon.txt:179:ToughLongBow | Envir/Quests/SerpentValley/Serpent Mines/7.txt:27:ToughLongBow
Item	1229	LeatherArmour(M)	1	1	Envir/Drops	Medium	Envir/Drops/MongchonProvince/Zuma/ZumaTaurus.txt:48:1/5 LeatherArmour(M)
Item	1230	LeatherArmour(F)	1	1	Envir/Drops	Medium	Envir/Drops/MongchonProvince/Zuma/ZumaTaurus.txt:49:1/5 LeatherArmour(F)
Item	1231	BlueJadePendant	2	2	Envir/NPCs,Envir/Quests	Medium	Envir/NPCs/GM/GM-Necklace.txt:116:BlueJadePendant | Envir/Quests/WoomyonWoods/Castle-GI/Town/7.txt:23:BlueJadePendant
Item	1232	WizardRing	1	1	Envir/Quests	Medium	Envir/Quests/WoomyonWoods/Castle-GI/Town/7.txt:24:WizardRing
Item	1233	RingOfMoral	1	1	Envir/Quests	Medium	Envir/Quests/WoomyonWoods/Castle-GI/Town/7.txt:25:RingOfMoral
Item	1234	BlackIronBelt	19	5	Envir/Drops,Envir/Quests	Medium	Envir/Drops/Frozen_Taurus.txt:168:1/50 BlackIronBelt LV1 | Envir/Drops/Frozen_Taurus.txt:434:1/50 BlackIronBelt LV2 | Envir/Drops/Frozen_Taurus.txt:701:1/50 BlackIronBelt LV3 | Envir/Drops/Frozen_Taurus.txt:967:1/50 BlackIronBelt LV4 | Envir/Drops/Frozen_Taurus.txt:1233:1/50 BlackIronBelt LV5
Item	1235	SolidBlackBoots	1	1	Envir/Quests	Medium	Envir/Quests/MongchonProvince/Bug Cave/5.txt:20:SolidBlackBoots
Item	1236	ClawPendant	2	2	Envir/NPCs,Envir/Quests	Medium	Envir/NPCs/GM/GM-Necklace.txt:117:ClawPendant | Envir/Quests/MongchonProvince/Bug Cave/5.txt:23:ClawPendant
Item	1237	FireConvexLens	2	2	Envir/NPCs,Envir/Quests	Medium	Envir/NPCs/GM/GM-Necklace.txt:118:FireConvexLens | Envir/Quests/MongchonProvince/Bug Cave/5.txt:24:FireConvexLens
Item	1238	StrongBambooFlute	2	2	Envir/NPCs,Envir/Quests	Medium	Envir/NPCs/GM/GM-Necklace.txt:119:StrongBambooFlute | Envir/Quests/MongchonProvince/Bug Cave/5.txt:25:StrongBambooFlute
Item	1239	ExorcistRing	1	1	Envir/Quests	Medium	Envir/Quests/MongchonProvince/SabukWall/5.txt:18:ExorcistRing
Item	1240	SolidGreatAxe	2	2	Envir/NPCs,Envir/Quests	Medium	Envir/NPCs/GM/GM-Weapon.txt:180:SolidGreatAxe | Envir/Quests/MongchonProvince/MudWall/1.txt:19:SolidGreatAxe
Item	1241	SolidBronzeStaff	2	2	Envir/NPCs,Envir/Quests	Medium	Envir/NPCs/GM/GM-Weapon.txt:181:SolidBronzeStaff | Envir/Quests/MongchonProvince/MudWall/1.txt:20:SolidBronzeStaff
Item	1242	SolidSerpentSword	2	2	Envir/NPCs,Envir/Quests	Medium	Envir/NPCs/GM/GM-Weapon.txt:182:SolidSerpentSword | Envir/Quests/MongchonProvince/MudWall/1.txt:21:SolidSerpentSword
Item	1243	SolidTwinBlades	2	2	Envir/NPCs,Envir/Quests	Medium	Envir/NPCs/GM/GM-Weapon.txt:183:SolidTwinBlades | Envir/Quests/MongchonProvince/MudWall/1.txt:22:SolidTwinBlades
Item	1244	SolidSilverBow	2	2	Envir/NPCs,Envir/Quests	Medium	Envir/NPCs/GM/GM-Weapon.txt:184:SolidSilverBow | Envir/Quests/MongchonProvince/MudWall/1.txt:23:SolidSilverBow
Item	1245	BlackIronBangle	1	1	Envir/Quests	Medium	Envir/Quests/WoomyonWoods/TaoistVillage/Tao Village/14.txt:16:BlackIronBangle
Item	1256	RedMoonSword	10	5	Envir/NPCs,Envir/Quests	Medium	Envir/NPCs/GM/GM-Weapon.txt:59:RedMoonSword | Envir/NPCs/WoomyonWoods/TaoistVillage/9Wbt.txt:93:RedMoonSword. Ugh everything was my fault. | Envir/NPCs/WoomyonWoods/TaoistVillage/9Wbt.txt:110:The RedMoonSword led me to wander over RedMoon Valley and | Envir/NPCs/WoomyonWoods/TaoistVillage/9Wbt.txt:112:a certain RedEvilApe the RedMoonSword was finally broken I recovered | Envir/NPCs/WoomyonWoods/TaoistVillage/BigTaoist.txt:93:RedMoonSword. Ugh everything was my fault.
Item	1257	RedMoonBlades	2	2	Envir/NPCs,Envir/Quests	Medium	Envir/NPCs/GM/GM-Weapon.txt:185:RedMoonBlades | Envir/Quests/HolySword/9.txt:25:RedMoonBlades
Item	1258	RedMoonBow	2	2	Envir/NPCs,Envir/Quests	Medium	Envir/NPCs/GM/GM-Weapon.txt:186:RedMoonBow | Envir/Quests/HolySword/9.txt:26:RedMoonBow
Item	1286	ResurrectionScroll	3	1	Envir/SystemScripts	High	Envir/SystemScripts/00Default/UseItems.txt:35:GIVEITEM ResurrectionScroll 1 | Envir/SystemScripts/00Default/UseItems.txt:44:GIVEITEM ResurrectionScroll 1 | Envir/SystemScripts/00Default/UseItems.txt:53:GIVEITEM ResurrectionScroll 1
Item	1290	GuardRental[7d]	1	1	Envir/SystemScripts	High	Envir/SystemScripts/00Default/GuardsHelp.txt:4:CHECKITEM GuardRental[7d]
Item	1302	EXP30%3	3	1	Envir/SystemScripts	High	Envir/SystemScripts/00Default/UseItems.txt:30:GIVEITEM EXP30%3 1 | Envir/SystemScripts/00Default/UseItems.txt:40:GIVEITEM EXP30%3 1 | Envir/SystemScripts/00Default/UseItems.txt:49:GIVEITEM EXP30%3 1
Item	1320	BlueOctagonalBox	1	1	Envir/SystemScripts	Medium	Envir/SystemScripts/00Default/UseItems.txt:27:;;BlueOctagonalBox
Item	1321	RedOctagonalBox	1	1	Envir/SystemScripts	Medium	Envir/SystemScripts/00Default/UseItems.txt:37:;;RedOctagonalBox
Item	1322	GreenOctagonalBox	1	1	Envir/SystemScripts	Medium	Envir/SystemScripts/00Default/UseItems.txt:46:;;GreenOctagonalBox
Item	1323	DestructionLiquor	1	1	Envir/SystemScripts	High	Envir/SystemScripts/00Default/UseItems.txt:32:GIVEITEM DestructionLiquor 1
Item	1324	MagicalLiquor	1	1	Envir/SystemScripts	High	Envir/SystemScripts/00Default/UseItems.txt:42:GIVEITEM MagicalLiquor 1
Item	1325	SoulLiquor	1	1	Envir/SystemScripts	High	Envir/SystemScripts/00Default/UseItems.txt:51:GIVEITEM SoulLiquor 1
Item	1326	HealthWine	3	1	Envir/SystemScripts	High	Envir/SystemScripts/00Default/UseItems.txt:31:GIVEITEM HealthWine 1 | Envir/SystemScripts/00Default/UseItems.txt:41:GIVEITEM HealthWine 1 | Envir/SystemScripts/00Default/UseItems.txt:50:GIVEITEM HealthWine 1
Item	1327	GalePotion	1	1	Envir/SystemScripts	High	Envir/SystemScripts/00Default/UseItems.txt:34:GIVEITEM GalePotion 1
Item	1328	AncientScyther	23	21	Envir/Drops,Envir/Quests	Medium	Envir/Drops/AncientCaves/Ancient_Skeleton.txt:109:1/30 AncientScyther Q | Envir/Drops/BichonProvince/OmaCave/AxeSkeleton.txt:66:1/200 AncientScyther Q | Envir/Drops/BichonProvince/OmaCave/AxeSkeleton0.txt:70:1/200 AncientScyther Q | Envir/Drops/BichonProvince/OmaCave/AxeSkeleton9.txt:70:1/200 AncientScyther Q | Envir/Drops/BichonProvince/OmaCave/BoneElite.txt:112:1/5 AncientScyther Q
Item	1329	WhiteWine	1	1	Envir/SystemScripts	Medium	Envir/SystemScripts/SharedNPCS/Tavern.txt:12:WhiteWine
Item	1330	RedWine	1	1	Envir/SystemScripts	Medium	Envir/SystemScripts/SharedNPCS/Tavern.txt:13:RedWine
Item	1331	Wine	15	9	Envir/NPCs,Envir/Quests,Envir/SystemScripts	High	Envir/NPCs/BichonProvince/BichonWall/Far-0122.txt:3:CHECKITEM Wine 1 | Envir/NPCs/BichonProvince/BichonWall/Far-0122.txt:13:TAKEITEM Wine 1 | Envir/NPCs/BichonProvince/BichonWall/Far.txt:3:CHECKITEM Wine 1 | Envir/NPCs/BichonProvince/BichonWall/Far.txt:13:TAKEITEM Wine 1 | Envir/NPCs/BichonProvince/BichonWall/MongchonScout-0100.txt:16:You know what the best wine is? The best wine is the {snakeWine/LightSteelBlue}.
Item	1332	CannibalWine	1	1	Envir/SystemScripts	Medium	Envir/SystemScripts/SharedNPCS/Tavern.txt:16:CannibalWine
Item	1333	SpiderWine	1	1	Envir/SystemScripts	Medium	Envir/SystemScripts/SharedNPCS/Tavern.txt:17:SpiderWine
Item	1334	MongchonWine	1	1	Envir/SystemScripts	Medium	Envir/SystemScripts/SharedNPCS/Tavern.txt:18:MongchonWine
Item	1335	BloodWine	1	1	Envir/SystemScripts	Medium	Envir/SystemScripts/SharedNPCS/Tavern.txt:19:BloodWine
Item	1336	Medicine	6	5	Envir/Drops,Envir/Quests,Envir/SystemScripts	Medium	Envir/Drops/Misc/PenalCavern/PKSpirit.txt:4:1/10 Medicine | Envir/Quests/BichonProvince/BichonWall/25.txt:3:medicine. You can only get them from | Envir/Quests/BichonProvince/BichonWall/6.txt:4:The demand for medicine has been increasing, | Envir/Quests/BichonProvince/BichonWall/6.txt:6:medicine. We are especially short on {Web's/LightSteelBlue} | Envir/Quests/WoomyonWoods/Wilderness/InsectCave/2.txt:4:medicine. Could you bring me 12 {BugBlood/LightSteelBlue}?
Item	1338	ElixirOfMight[1d]	1	1	Envir/SystemScripts	High	Envir/SystemScripts/00Default/UseItems.txt:67:GIVEITEM ElixirOfMight[1d] 1
Item	1339	ElixirOfDefensive[1d]	1	1	Envir/SystemScripts	High	Envir/SystemScripts/00Default/UseItems.txt:68:GIVEITEM ElixirOfDefensive[1d] 1
Item	1340	ElixirOfGinseng[1d]	1	1	Envir/SystemScripts	High	Envir/SystemScripts/00Default/UseItems.txt:69:GIVEITEM ElixirOfGinseng[1d] 1
Item	1341	EXP20%[1d]	1	1	Envir/SystemScripts	High	Envir/SystemScripts/00Default/UseItems.txt:70:GIVEITEM EXP20%[1d] 1
Item	1342	PremiumPass[1d]	2	2	Envir/NPCs	High	Envir/NPCs/BichonProvince/BichonWall/14Wr-0.txt:15:CHECKITEM PremiumPass[1d] | Envir/NPCs/BichonProvince/BichonWall/Premium.txt:15:CHECKITEM PremiumPass[1d]
Item	1343	PremiumPass[3d]	2	2	Envir/NPCs	High	Envir/NPCs/BichonProvince/BichonWall/14Wr-0.txt:23:CHECKITEM PremiumPass[3d] | Envir/NPCs/BichonProvince/BichonWall/Premium.txt:23:CHECKITEM PremiumPass[3d]
Item	1344	PremiumPass[7d]	2	2	Envir/NPCs	High	Envir/NPCs/BichonProvince/BichonWall/14Wr-0.txt:31:CHECKITEM PremiumPass[7d] | Envir/NPCs/BichonProvince/BichonWall/Premium.txt:31:CHECKITEM PremiumPass[7d]
Item	1345	PremiumPass[15d]	2	2	Envir/NPCs	High	Envir/NPCs/BichonProvince/BichonWall/14Wr-0.txt:39:CHECKITEM PremiumPass[15d] | Envir/NPCs/BichonProvince/BichonWall/Premium.txt:39:CHECKITEM PremiumPass[15d]
Item	1346	FishingPackage	1	1	Envir/SystemScripts	Medium	Envir/SystemScripts/00Default/UseItems.txt:72:;;FishingPackage
Item	1348	CraftingBook	3	3	Envir/Recipe	Medium	Envir/Recipe/BraveryOrb.txt:7:CraftingBook | Envir/Recipe/MagicOrb.txt:7:CraftingBook | Envir/Recipe/SoulOrb.txt:7:CraftingBook
Item	1349	SealedHero	3	2	Configs,Envir/NPCs	High	Configs/HeroSettings.ini:9:SealItemName=SealedHero | Envir/NPCs/GM/GM-Manager.txt:297:CHECKITEM SealedHero | Envir/NPCs/GM/GM-Manager.txt:305:TAKEITEM SealedHero
Item	1361	DCTorch3	1	1	Envir/SystemScripts	High	Envir/SystemScripts/00Default/UseItems.txt:33:GIVEITEM DCTorch3 1
Item	1362	MCTorch3	1	1	Envir/SystemScripts	High	Envir/SystemScripts/00Default/UseItems.txt:43:GIVEITEM MCTorch3 1
Item	1363	SCTorch3	1	1	Envir/SystemScripts	High	Envir/SystemScripts/00Default/UseItems.txt:52:GIVEITEM SCTorch3 1
Item	1368	GtInvite	10	10	Envir/NPCs	Medium	Envir/NPCs/GuildTerritory/GA0/GTPeddler-GA0.txt:100:GtInvite | Envir/NPCs/GuildTerritory/GA1/GTPeddler-GA1.txt:100:GtInvite | Envir/NPCs/GuildTerritory/GA2/GTPeddler-GA2.txt:100:GtInvite | Envir/NPCs/GuildTerritory/GA3/GTPeddler-GA3.txt:100:GtInvite | Envir/NPCs/GuildTerritory/GA4/GTPeddler-GA4.txt:100:GtInvite
Monster	3	Guard	28	15	Envir/NPCs,Envir/Quests,Envir/SystemScripts	High	Envir/NPCs/BichonProvince/BichonWall/MirGuide-0.txt:1060:*CraftLady  *SignPost  *Coordinate  *Guard | Envir/NPCs/BichonProvince/BichonWall/MirGuide.txt:1049:*CraftLady  *SignPost  *Coordinate  *Guard | Envir/NPCs/BichonProvince/BorderVillage/Prison-0127.txt:6:LOCALMESSAGE "[Prison Guard] <$USERNAME> you are now free togo." Hint | Envir/NPCs/BichonProvince/BorderVillage/Prison.txt:6:LOCALMESSAGE "[Prison Guard] <$USERNAME> you are now free togo." Hint | Envir/NPCs/GM/GM-Manager.txt:96:<Guard Check/@Guards>
Monster	4	Guard1	2	1	Envir/NPCs	High	Envir/NPCs/GM/GM-Manager.txt:117:<$CONQUESTGUARD(1,1)>   <Repair/@Guard1> | Envir/NPCs/GM/GM-Manager.txt:200:[@Guard1]
Monster	5	Guard2	2	1	Envir/NPCs	High	Envir/NPCs/GM/GM-Manager.txt:118:<$CONQUESTGUARD(1,2)>   <Repair/@Guard2> | Envir/NPCs/GM/GM-Manager.txt:205:[@Guard2]
Monster	9	BoneFamiliar	1	1	Configs	Medium	Configs/Setup.ini:57:SkeletonName=BoneFamiliar
Monster	10	Shinsu	9	9	Configs,Envir/NPCs	Medium	Configs/Setup.ini:59:ShinsuName=Shinsu | Envir/NPCs/BichonProvince/BichonWall/MirGuide-0.txt:799:Summons a powerful fire breathing beast called Shinsu that will act as | Envir/NPCs/BichonProvince/BichonWall/MirGuide.txt:780:Summons a powerful fire breathing beast called Shinsu that will act as | Envir/NPCs/MongchonProvince/MudWall/MirGuide-3.txt:747:Summons a powerful fire breathing beast called Shinsu that will act as | Envir/NPCs/MongchonProvince/MudWall/MirGuide.txt:747:Summons a powerful fire breathing beast called Shinsu that will act as
Monster	12	HolyDeva	9	9	Configs,Envir/NPCs	Medium	Configs/Setup.ini:99:AngelName=HolyDeva | Envir/NPCs/BichonProvince/BichonWall/MirGuide-0.txt:809:Summons a HolyDeva. | Envir/NPCs/BichonProvince/BichonWall/MirGuide.txt:790:Summons a HolyDeva. | Envir/NPCs/MongchonProvince/MudWall/MirGuide-3.txt:757:Summons a HolyDeva. | Envir/NPCs/MongchonProvince/MudWall/MirGuide.txt:757:Summons a HolyDeva.
Monster	13	Clone	1	1	Configs	Medium	Configs/Setup.ini:101:CloneName=Clone
Monster	14	AssassinClone	1	1	Configs	Medium	Configs/Setup.ini:103:AssassinCloneName=AssassinClone
Monster	15	VampireSpider	1	1	Configs	Medium	Configs/Setup.ini:104:VampireName=VampireSpider
Monster	16	SpittingToad	1	1	Configs	Medium	Configs/Setup.ini:105:ToadName=SpittingToad
Monster	17	SnakeTotem	1	1	Configs	Medium	Configs/Setup.ini:106:SnakeTotemName=SnakeTotem
Monster	18	CharmedSnake	1	1	Configs	Medium	Configs/Setup.ini:107:SnakesName=CharmedSnake
Monster	29	Hen	8	8	Envir/NPCs	Medium	Envir/NPCs/BichonProvince/BichonWall/MirGuide-0.txt:48:If you wish for a safe hunt, try Hen, Deer, and Sheep near town. | Envir/NPCs/BichonProvince/BichonWall/MirGuide.txt:50:If you wish for a safe hunt, try Hen, Deer, and Sheep near town. | Envir/NPCs/MongchonProvince/MudWall/MirGuide-3.txt:47:If you wish for a safe hunt, try Hen, Deer, and Sheep near town. | Envir/NPCs/MongchonProvince/MudWall/MirGuide.txt:47:If you wish for a safe hunt, try Hen, Deer, and Sheep near town. | Envir/NPCs/PrajnaIsland/MirGuide.txt:47:If you wish for a safe hunt, try Hen, Deer, and Sheep near town.
Monster	30	Deer	34	23	Envir/NPCs,Envir/Quests	Medium	Envir/NPCs/BichonProvince/BichonWall/Butcher-0.txt:31:Meat can be gained from {Hens/Crimson}, {Deer/Crimson}, {Sheep/Crimson}, and {Wolves/Crimson}. | Envir/NPCs/BichonProvince/BichonWall/Butcher-0102.txt:39:Meat can be gained from {Hens/Crimson}, {Deer/Crimson}, {Sheep/Crimson}, and {Wolves/Crimson}. | Envir/NPCs/BichonProvince/BichonWall/Butcher1.txt:31:Meat can be gained from {Hens/Crimson}, {Deer/Crimson}, {Sheep/Crimson}, and {Wolves/Crimson}. | Envir/NPCs/BichonProvince/BichonWall/Butcher2.txt:39:Meat can be gained from {Hens/Crimson}, {Deer/Crimson}, {Sheep/Crimson}, and {Wolves/Crimson}. | Envir/NPCs/BichonProvince/BichonWall/MirGuide-0.txt:48:If you wish for a safe hunt, try Hen, Deer, and Sheep near town.
Monster	34	Sheep	21	21	Envir/NPCs	Medium	Envir/NPCs/BichonProvince/BichonWall/Butcher-0.txt:31:Meat can be gained from {Hens/Crimson}, {Deer/Crimson}, {Sheep/Crimson}, and {Wolves/Crimson}. | Envir/NPCs/BichonProvince/BichonWall/Butcher-0102.txt:39:Meat can be gained from {Hens/Crimson}, {Deer/Crimson}, {Sheep/Crimson}, and {Wolves/Crimson}. | Envir/NPCs/BichonProvince/BichonWall/Butcher1.txt:31:Meat can be gained from {Hens/Crimson}, {Deer/Crimson}, {Sheep/Crimson}, and {Wolves/Crimson}. | Envir/NPCs/BichonProvince/BichonWall/Butcher2.txt:39:Meat can be gained from {Hens/Crimson}, {Deer/Crimson}, {Sheep/Crimson}, and {Wolves/Crimson}. | Envir/NPCs/BichonProvince/BichonWall/MirGuide-0.txt:48:If you wish for a safe hunt, try Hen, Deer, and Sheep near town.
Monster	35	Wolf	9	9	Envir/NPCs	Medium	Envir/NPCs/BichonProvince/BichonWall/MirGuide-0.txt:80:Once you go far away from town, hunt HookingCat, RakingCat, Yob, Wolf, | Envir/NPCs/BichonProvince/BichonWall/MirGuide.txt:59:Once you go far away from town, hunt HookingCat, RakingCat, Yob, Wolf, | Envir/NPCs/GM/GM-Mount.txt:45:Wolf | Envir/NPCs/MongchonProvince/MudWall/MirGuide-3.txt:79:Once you go far away from town, hunt HookingCat, RakingCat, Yob, Wolf, | Envir/NPCs/MongchonProvince/MudWall/MirGuide.txt:79:Once you go far away from town, hunt HookingCat, RakingCat, Yob, Wolf,
Monster	36	Currish	2	1	Envir/Quests	Medium	Envir/Quests/SerpentValley/Village/1.txt:4:{Currish/Crimson} and dropped my bag. My priceless | Envir/Quests/SerpentValley/Village/1.txt:8:Find the {JadeRing/LightSteelBlue} from {Currish/Crimson}.
Monster	37	Yob	8	8	Envir/NPCs	Medium	Envir/NPCs/BichonProvince/BichonWall/MirGuide-0.txt:80:Once you go far away from town, hunt HookingCat, RakingCat, Yob, Wolf, | Envir/NPCs/BichonProvince/BichonWall/MirGuide.txt:59:Once you go far away from town, hunt HookingCat, RakingCat, Yob, Wolf, | Envir/NPCs/MongchonProvince/MudWall/MirGuide-3.txt:79:Once you go far away from town, hunt HookingCat, RakingCat, Yob, Wolf, | Envir/NPCs/MongchonProvince/MudWall/MirGuide.txt:79:Once you go far away from town, hunt HookingCat, RakingCat, Yob, Wolf, | Envir/NPCs/PrajnaIsland/MirGuide.txt:79:Once you go far away from town, hunt HookingCat, RakingCat, Yob, Wolf,
Monster	39	Scarecrow	2	1	Envir/Quests	Medium	Envir/Quests/BichonProvince/BorderVillage/5.txt:8:Eliminate 10 {Deer/Crimson} and {Scarecrow's/Crimson}. | Envir/Quests/BichonProvince/BorderVillage/5.txt:14:Scarecrow 10
Monster	42	HookingCat	10	9	Envir/NPCs,Envir/Quests	Medium	Envir/NPCs/BichonProvince/BichonWall/MirGuide-0.txt:80:Once you go far away from town, hunt HookingCat, RakingCat, Yob, Wolf, | Envir/NPCs/BichonProvince/BichonWall/MirGuide.txt:59:Once you go far away from town, hunt HookingCat, RakingCat, Yob, Wolf, | Envir/NPCs/MongchonProvince/MudWall/MirGuide-3.txt:79:Once you go far away from town, hunt HookingCat, RakingCat, Yob, Wolf, | Envir/NPCs/MongchonProvince/MudWall/MirGuide.txt:79:Once you go far away from town, hunt HookingCat, RakingCat, Yob, Wolf, | Envir/NPCs/PrajnaIsland/MirGuide.txt:79:Once you go far away from town, hunt HookingCat, RakingCat, Yob, Wolf,
Monster	44	RakingCat	21	16	Envir/NPCs,Envir/Quests	High	Envir/NPCs/BichonProvince/BichonWall/MirGuide-0.txt:80:Once you go far away from town, hunt HookingCat, RakingCat, Yob, Wolf, | Envir/NPCs/BichonProvince/BichonWall/MirGuide.txt:59:Once you go far away from town, hunt HookingCat, RakingCat, Yob, Wolf, | Envir/NPCs/BichonProvince/Event/Proceeder30-EM001.txt:322:MonGen RakingCat 2 | Envir/NPCs/BichonProvince/Event/Proceeder40-EM002.txt:322:MonGen RakingCat 2 | Envir/NPCs/BichonProvince/Event/Proceeder41-EM003.txt:322:MonGen RakingCat 2
Monster	46	SpittingSpider	21	13	Envir/NPCs,Envir/Quests	High	Envir/NPCs/BichonProvince/BichonWall/MirGuide-0.txt:70:( SpittingSpider, CannibalPlant, CaveMaggot ) | Envir/NPCs/BichonProvince/BichonWall/MirGuide-0.txt:89:VisceralWorm, SpittingSpider and etc at this time. | Envir/NPCs/BichonProvince/BichonWall/MirGuide.txt:68:VisceralWorm, SpittingSpider and etc at this time. | Envir/NPCs/BichonProvince/BichonWall/MirGuide.txt:1094:( SpittingSpider, CannibalPlant, CaveMaggot ) | Envir/NPCs/BichonProvince/Event/Proceeder30-EM001.txt:320:MonGen SpittingSpider 1
Monster	47	CannibalPlant	19	10	Envir/NPCs,Envir/Quests	Medium	Envir/NPCs/BichonProvince/BichonWall/MirGuide-0.txt:70:( SpittingSpider, CannibalPlant, CaveMaggot ) | Envir/NPCs/BichonProvince/BichonWall/MirGuide-0.txt:88:The combat abillity will be increased, so try Oma, ForestYeti, CannibalPlant, | Envir/NPCs/BichonProvince/BichonWall/MirGuide.txt:67:The combat abillity will be increased, so try Oma, ForestYeti, CannibalPlant, | Envir/NPCs/BichonProvince/BichonWall/MirGuide.txt:1094:( SpittingSpider, CannibalPlant, CaveMaggot ) | Envir/NPCs/MongchonProvince/MudWall/MirGuide-3.txt:69:( SpittingSpider, CannibalPlant, CaveMaggot )
Monster	48	Oma	28	20	Envir/NPCs,Envir/Quests	High	Envir/NPCs/BichonProvince/BichonWall/14Wr-0.txt:54:<Ancient Oma Cave/@AOC> | <Ancient Wooma Temple/@AWT> | <Ancient Stone Temple/@AST> | Envir/NPCs/BichonProvince/BichonWall/MirGuide-0.txt:88:The combat abillity will be increased, so try Oma, ForestYeti, CannibalPlant, | Envir/NPCs/BichonProvince/BichonWall/MirGuide.txt:67:The combat abillity will be increased, so try Oma, ForestYeti, CannibalPlant, | Envir/NPCs/BichonProvince/BichonWall/Premium.txt:53:<Ancient Oma Cave/@AOC> | <Ancient Wooma Temple/@AWT> | <Ancient Stone Temple/@AST> | Envir/NPCs/BichonProvince/Event/Proceeder30-EM001.txt:321:MonGen Oma 2
Monster	50	OmaFighter	13	12	Envir/NPCs,Envir/Quests	High	Envir/NPCs/BichonProvince/BichonWall/MirGuide-0.txt:108:TigerSnake, and in SerpentValley and OmaFighter. | Envir/NPCs/BichonProvince/BichonWall/MirGuide.txt:87:TigerSnake, and in SerpentValley and OmaFighter. | Envir/NPCs/BichonProvince/Event/Proceeder30-EM001.txt:413:MonGen OmaFighter 2 | Envir/NPCs/BichonProvince/Event/Proceeder40-EM002.txt:414:MonGen OmaFighter 3 | Envir/NPCs/BichonProvince/Event/Proceeder41-EM003.txt:414:MonGen OmaFighter 4
Monster	52	OmaWarrior	5	4	Envir/NPCs,Envir/Quests	High	Envir/NPCs/BichonProvince/Event/Proceeder30-EM001.txt:414:MonGen OmaWarrior 1 | Envir/NPCs/BichonProvince/Event/Proceeder40-EM002.txt:415:MonGen OmaWarrior 1 | Envir/NPCs/BichonProvince/Event/Proceeder41-EM003.txt:415:MonGen OmaWarrior 1 | Envir/Quests/WoomyonWoods/Castle-GI/Town/8.txt:6:Eliminate the {OmaWarrior/Crimson}. | Envir/Quests/WoomyonWoods/Castle-GI/Town/8.txt:11:OmaWarrior 1
Monster	55	ForestYeti	11	9	Envir/NPCs,Envir/Quests	Medium	Envir/NPCs/BichonProvince/BichonWall/MirGuide-0.txt:88:The combat abillity will be increased, so try Oma, ForestYeti, CannibalPlant, | Envir/NPCs/BichonProvince/BichonWall/MirGuide.txt:67:The combat abillity will be increased, so try Oma, ForestYeti, CannibalPlant, | Envir/NPCs/MongchonProvince/MudWall/MirGuide-3.txt:87:The combat abillity will be increased, so try Oma, ForestYeti, CannibalPlant, | Envir/NPCs/MongchonProvince/MudWall/MirGuide.txt:87:The combat abillity will be increased, so try Oma, ForestYeti, CannibalPlant, | Envir/NPCs/PrajnaIsland/MirGuide.txt:87:The combat abillity will be increased, so try Oma, ForestYeti, CannibalPlant,
Monster	64	RedSnake	14	11	Envir/NPCs,Envir/Quests	Medium	Envir/NPCs/BichonProvince/BichonWall/MirGuide-0.txt:107:If you wish for a safe hunt, try RedSnake, | Envir/NPCs/BichonProvince/BichonWall/MirGuide.txt:86:If you wish for a safe hunt, try RedSnake, | Envir/NPCs/MongchonProvince/MudWall/MirGuide-3.txt:106:If you wish for a safe hunt, try RedSnake, | Envir/NPCs/MongchonProvince/MudWall/MirGuide.txt:106:If you wish for a safe hunt, try RedSnake, | Envir/NPCs/PrajnaIsland/MirGuide.txt:106:If you wish for a safe hunt, try RedSnake,
Monster	66	RedViper	84	10	Envir/NPCs,Envir/Quests	High	Envir/NPCs/GuildTerritory/GA0/GTPetNPC.txt:33:<RedViper/@pet1>  {Level 20+/Red} | Envir/NPCs/GuildTerritory/GA0/GTPetNPC.txt:52:GIVEPET RedViper 5 | Envir/NPCs/GuildTerritory/GA0/GTPetNPC.txt:157:{RedViper's/Red} are 25000 gold | Envir/NPCs/GuildTerritory/GA0/GTPetNPC.txt:183:<RedViper/@petsev1>  {Level 20+/Red} | Envir/NPCs/GuildTerritory/GA0/GTPetNPC.txt:201:GIVEPET RedViper 5 7
Monster	67	TigerSnake	10	9	Envir/NPCs,Envir/Quests	Medium	Envir/NPCs/BichonProvince/BichonWall/MirGuide-0.txt:108:TigerSnake, and in SerpentValley and OmaFighter. | Envir/NPCs/BichonProvince/BichonWall/MirGuide.txt:87:TigerSnake, and in SerpentValley and OmaFighter. | Envir/NPCs/MongchonProvince/MudWall/MirGuide-3.txt:107:TigerSnake, and in SerpentValley and OmaFighter. | Envir/NPCs/MongchonProvince/MudWall/MirGuide.txt:107:TigerSnake, and in SerpentValley and OmaFighter. | Envir/NPCs/PrajnaIsland/MirGuide.txt:107:TigerSnake, and in SerpentValley and OmaFighter.
Monster	69	TigerViper	4	2	Envir/Quests	Medium	Envir/Quests/BichonProvince/BichonWall/8.txt:9:Eliminate 15 {RedViper/Crimson} and {TigerViper's/Crimson} | Envir/Quests/BichonProvince/BichonWall/8.txt:15:TigerViper 15 | Envir/Quests/SerpentValley/Village/16.txt:9:Eliminate 15 {RedViper/Crimson} and {TigerViper's/Crimson} | Envir/Quests/SerpentValley/Village/16.txt:15:TigerViper 15
Monster	70	Keratoid	8	8	Envir/NPCs	Medium	Envir/NPCs/BichonProvince/BichonWall/MirGuide-0.txt:81:ShellNipper, Keratoid and etc. | Envir/NPCs/BichonProvince/BichonWall/MirGuide.txt:60:ShellNipper, Keratoid and etc. | Envir/NPCs/MongchonProvince/MudWall/MirGuide-3.txt:80:ShellNipper, Keratoid and etc. | Envir/NPCs/MongchonProvince/MudWall/MirGuide.txt:80:ShellNipper, Keratoid and etc. | Envir/NPCs/PrajnaIsland/MirGuide.txt:80:ShellNipper, Keratoid and etc.
Monster	72	ShellNipper	8	8	Envir/NPCs	Medium	Envir/NPCs/BichonProvince/BichonWall/MirGuide-0.txt:81:ShellNipper, Keratoid and etc. | Envir/NPCs/BichonProvince/BichonWall/MirGuide.txt:60:ShellNipper, Keratoid and etc. | Envir/NPCs/MongchonProvince/MudWall/MirGuide-3.txt:80:ShellNipper, Keratoid and etc. | Envir/NPCs/MongchonProvince/MudWall/MirGuide.txt:80:ShellNipper, Keratoid and etc. | Envir/NPCs/PrajnaIsland/MirGuide.txt:80:ShellNipper, Keratoid and etc.
Monster	76	VisceralWorm	10	10	Envir/NPCs	High	Envir/NPCs/BichonProvince/BichonWall/MirGuide-0.txt:89:VisceralWorm, SpittingSpider and etc at this time. | Envir/NPCs/BichonProvince/BichonWall/MirGuide.txt:68:VisceralWorm, SpittingSpider and etc at this time. | Envir/NPCs/BichonProvince/Event/Proceeder40-EM002.txt:413:MonGen VisceralWorm 2 | Envir/NPCs/BichonProvince/Event/Proceeder41-EM003.txt:413:MonGen VisceralWorm 3 | Envir/NPCs/MongchonProvince/MudWall/MirGuide-3.txt:88:VisceralWorm, SpittingSpider and etc at this time.
Monster	77	SandWorm	3	3	Envir/NPCs	High	Envir/NPCs/BichonProvince/Event/Proceeder30-EM001.txt:412:MonGen SandWorm 3 | Envir/NPCs/BichonProvince/Event/Proceeder40-EM002.txt:412:MonGen SandWorm 3 | Envir/NPCs/BichonProvince/Event/Proceeder41-EM003.txt:412:MonGen SandWorm 3
Monster	78	GiantKeratoid	2	2	Configs	Medium	Configs/FishingSystem.ini:9:Monster=GiantKeratoid | Configs/Setup.ini:102:FishMonster=GiantKeratoid
Monster	81	CaveBat	8	8	Envir/NPCs	Medium	Envir/NPCs/BichonProvince/BichonWall/MirGuide-0.txt:117:of Bichon-province. This is the first dungeon in Mir world where CaveBat, | Envir/NPCs/BichonProvince/BichonWall/MirGuide.txt:96:of Bichon-province. This is the first dungeon in Mir world where CaveBat, | Envir/NPCs/MongchonProvince/MudWall/MirGuide-3.txt:116:of Bichon-province. This is the first dungeon in Mir world where CaveBat, | Envir/NPCs/MongchonProvince/MudWall/MirGuide.txt:116:of Bichon-province. This is the first dungeon in Mir world where CaveBat, | Envir/NPCs/PrajnaIsland/MirGuide.txt:116:of Bichon-province. This is the first dungeon in Mir world where CaveBat,
Monster	83	CaveMaggot	25	11	Envir/NPCs	High	Envir/NPCs/BichonProvince/BichonWall/MirGuide-0.txt:70:( SpittingSpider, CannibalPlant, CaveMaggot ) | Envir/NPCs/BichonProvince/BichonWall/MirGuide-0.txt:118:CaveMaggot, and Skeletons appear. | Envir/NPCs/BichonProvince/BichonWall/MirGuide.txt:97:CaveMaggot, and Skeletons appear. | Envir/NPCs/BichonProvince/BichonWall/MirGuide.txt:1094:( SpittingSpider, CannibalPlant, CaveMaggot ) | Envir/NPCs/BichonProvince/Event/Proceeder30-EM001.txt:350:MonGen CaveMaggot 1
Monster	84	Scorpion	1	1	Envir/NPCs	Medium	Envir/NPCs/GM/GM-Teleporter.txt:47:<Great Fox Spirit/@GreatFoxSpirit> , <Wooma Taurus/@WoomaTaurus> , <King Scorpion/@KingScorpion> , <King Hog/@KingHog>
Monster	85	Skeleton	12	11	Envir/NPCs,Envir/Quests	Medium	Envir/NPCs/MongchonProvince/MudWall/MirGuide-3.txt:117:CaveMaggot, and Skeleton appear. | Envir/NPCs/MongchonProvince/MudWall/MirGuide.txt:117:CaveMaggot, and Skeleton appear. | Envir/NPCs/PrajnaIsland/MirGuide.txt:117:CaveMaggot, and Skeleton appear. | Envir/NPCs/PrajnaIsland/MirGuidePI.txt:117:CaveMaggot, and Skeleton appear. | Envir/NPCs/SerpentValley/SDeadMine/SkullPile.txt:3:(Hmm?! There is a note left in the skeleton pile?)
Monster	87	AxeSkeleton	3	3	Envir/NPCs	High	Envir/NPCs/BichonProvince/Event/Proceeder30-EM001.txt:351:MonGen AxeSkeleton 1 | Envir/NPCs/BichonProvince/Event/Proceeder40-EM002.txt:351:MonGen AxeSkeleton 1 | Envir/NPCs/BichonProvince/Event/Proceeder41-EM003.txt:351:MonGen AxeSkeleton 1
Monster	90	BoneFighter	3	3	Envir/NPCs	High	Envir/NPCs/BichonProvince/Event/Proceeder30-EM001.txt:353:MonGen BoneFighter 3 | Envir/NPCs/BichonProvince/Event/Proceeder40-EM002.txt:353:MonGen BoneFighter 3 | Envir/NPCs/BichonProvince/Event/Proceeder41-EM003.txt:353:MonGen BoneFighter 3
Monster	92	BoneWarrior	3	3	Envir/NPCs	High	Envir/NPCs/BichonProvince/Event/Proceeder30-EM001.txt:352:MonGen BoneWarrior 1 | Envir/NPCs/BichonProvince/Event/Proceeder40-EM002.txt:352:MonGen BoneWarrior 2 | Envir/NPCs/BichonProvince/Event/Proceeder41-EM003.txt:352:MonGen BoneWarrior 2
Monster	94	BoneElite	4	3	Envir/NPCs,Envir/Quests	Medium	Envir/NPCs/BichonProvince/OmaCave/StrangeMan.txt:3:A strong monster called BoneElite lives in OmaCave | Envir/NPCs/BichonProvince/StrangeMan-D002.txt:3:A strong monster called BoneElite lives in OmaCave | Envir/Quests/BichonProvince/BichonWall/18.txt:3:{BoneElite/Crimson}. Can you help us and hunt | Envir/Quests/BichonProvince/BichonWall/18.txt:8:Please eliminate the {BoneElite/Crimson} and bring back his
Monster	108	Zombie1	2	2	Envir/Quests	Medium	Envir/Quests/BichonProvince/BichonWall/15.txt:16:Zombie1 5 | Envir/Quests/BichonProvince/DeadMine/2.txt:13:Zombie1 30
Monster	110	Zombie2	1	1	Envir/Quests	Medium	Envir/Quests/BichonProvince/BichonWall/15.txt:13:Zombie2 5
Monster	112	Zombie3	1	1	Envir/Quests	Medium	Envir/Quests/BichonProvince/BichonWall/15.txt:14:Zombie3 5
Monster	114	Zombie4	1	1	Envir/Quests	Medium	Envir/Quests/BichonProvince/BichonWall/15.txt:15:Zombie4 5
Monster	116	Zombie5	1	1	Envir/Quests	Medium	Envir/Quests/BichonProvince/BichonWall/15.txt:12:Zombie5 5
Monster	118	Ghoul	3	2	Envir/NPCs	High	Envir/NPCs/BichonProvince/Event/Proceeder41-EM003.txt:443:MonGen Ghoul 1 | Envir/NPCs/GM/GM-Teleporter.txt:38:<Black Dragon Dungeon/@BlackDragonDungeon> , <Ghoul Cave/@GhoulCave> , <Mystery Cave/@MysteryCave> , | Envir/NPCs/GM/GM-Teleporter.txt:303://////////////////////////////////////////////////////////////////// Ghoul Cave
Monster	128	CrawlerZombie	4	4	Envir/NPCs,Envir/Quests	High	Envir/NPCs/BichonProvince/Event/Proceeder30-EM001.txt:384:MonGen CrawlerZombie 2 | Envir/NPCs/BichonProvince/Event/Proceeder40-EM002.txt:384:MonGen CrawlerZombie 2 | Envir/NPCs/BichonProvince/Event/Proceeder41-EM003.txt:384:MonGen CrawlerZombie 3 | Envir/Quests/MongchonProvince/SabukWall/5.txt:11:CrawlerZombie 50 "Eliminate some CrawlerZombies"
Monster	130	ShamanZombie	3	3	Envir/NPCs	High	Envir/NPCs/BichonProvince/Event/Proceeder30-EM001.txt:383:MonGen ShamanZombie 1 | Envir/NPCs/BichonProvince/Event/Proceeder40-EM002.txt:383:MonGen ShamanZombie 2 | Envir/NPCs/BichonProvince/Event/Proceeder41-EM003.txt:383:MonGen ShamanZombie 2
Monster	132	RotNdZombie	1	1	Envir/Quests	Medium	Envir/Quests/SerpentValley/Serpent Mines/4.txt:8:Kill {RotNdZombie/Crimson} located on {SerpentDeadMine 2F/Yellow}
Monster	133	RotShamanZombie	2	1	Envir/Quests	Medium	Envir/Quests/SerpentValley/Serpent Mines/7.txt:7:Eliminate {RotShamanZombie's/Crimson} and retrieve | Envir/Quests/SerpentValley/Serpent Mines/7.txt:13:RotShamanZombie 20
Monster	135	HiGreatGhoul	2	2	Envir/Quests	Medium	Envir/Quests/SerpentValley/Serpent Mines/3.txt:6:Kill {HiGreatGhoul/Crimson} on {SerpentDeadMines 2F/Yellow} | Envir/Quests/SerpentValley/Serpent Mines/7.txt:8:{HeartOfDead/LightSteelBlue} from the {HiGreatGhoul/Crimson}
Monster	136	WhiteSerpent	4	2	Configs,Envir/Quests	Medium	Configs/Setup.ini:98:WhiteSnake=WhiteSerpent | Envir/Quests/SerpentValley/Serpent Mines/8.txt:5:the {WhiteSerpent/Crimson} sound's interesting | Envir/Quests/SerpentValley/Serpent Mines/8.txt:9:Eliminate {WhiteSerpent/Crimson} in {SerpentDeadMine/Yellow}. | Envir/Quests/SerpentValley/Serpent Mines/8.txt:14:WhiteSerpent 1
Monster	150	BlackMaggot	2	1	Envir/Quests	Medium	Envir/Quests/MongchonProvince/StoneTomb/1.txt:9:{BlackMaggot/Crimson} and {WedgeMoth/Crimson}. | Envir/Quests/MongchonProvince/StoneTomb/1.txt:14:BlackMaggot 10
Monster	152	Centipede	4	4	Envir/NPCs	High	Envir/NPCs/BichonProvince/Event/Proceeder30-EM001.txt:474:MonGen Centipede 2 | Envir/NPCs/BichonProvince/Event/Proceeder40-EM002.txt:475:MonGen Centipede 3 | Envir/NPCs/BichonProvince/Event/Proceeder41-EM003.txt:503:MonGen Centipede 4 | Envir/NPCs/GM/GM-Teleporter.txt:46:<Oma King Spirit/@OmaKingSpirit> , <Evil Centipede/@EvilCentipede> , <Evil Snake/@EvilSnake> , <Zuma Taurus/@ZumaTaurus>
Monster	154	GiantWorm	4	4	Envir/NPCs,Envir/Quests	High	Envir/NPCs/BichonProvince/Event/Proceeder30-EM001.txt:473:MonGen GiantWorm 2 | Envir/NPCs/BichonProvince/Event/Proceeder40-EM002.txt:474:MonGen GiantWorm 2 | Envir/NPCs/BichonProvince/Event/Proceeder41-EM003.txt:502:MonGen GiantWorm 3 | Envir/Quests/MongchonProvince/Bug Cave/4.txt:6:Hunt {GiantWorm's/Crimson} and return the {OldNecklace/LightSteelBlue}.
Monster	156	WhimperingBee	2	1	Envir/Quests	Medium	Envir/Quests/MongchonProvince/Bug Cave/1.txt:6:{Specimen/LightSteelBlue} of {WhimperingBee/Crimson} a few days ago, but | Envir/Quests/MongchonProvince/Bug Cave/1.txt:10:Eliminate {WhimperingBee's/Crimson} to collect
Monster	158	Tongs	5	4	Envir/NPCs,Envir/Quests	High	Envir/NPCs/BichonProvince/Event/Proceeder30-EM001.txt:475:MonGen Tongs 2 | Envir/NPCs/BichonProvince/Event/Proceeder40-EM002.txt:476:MonGen Tongs 2 | Envir/NPCs/BichonProvince/Event/Proceeder41-EM003.txt:504:MonGen Tongs 4 | Envir/Quests/MongchonProvince/Bug Cave/2.txt:3:{Tongs/Crimson} I thought it was a Boss Monster. | Envir/Quests/MongchonProvince/Bug Cave/2.txt:9:by killing {Tongs/Crimson}.
Monster	164	EvilCentipede	3	2	Envir/NPCs	High	Envir/NPCs/BichonProvince/Event/Proceeder40-EM002.txt:860:MonGen EvilCentipede 1 | Envir/NPCs/GM/GM-Teleporter.txt:46:<Oma King Spirit/@OmaKingSpirit> , <Evil Centipede/@EvilCentipede> , <Evil Snake/@EvilSnake> , <Zuma Taurus/@ZumaTaurus> | Envir/NPCs/GM/GM-Teleporter.txt:1089:[@EvilCentipede]
Monster	165	WedgeMoth	9	5	Configs,Envir/NPCs,Envir/Quests	High	Configs/Setup.ini:63:Zuma4=WedgeMoth | Envir/NPCs/BichonProvince/Event/Proceeder30-EM001.txt:503:MonGen WedgeMoth 2 | Envir/NPCs/BichonProvince/Event/Proceeder30-EM001.txt:712:MonGen WedgeMoth 1 | Envir/NPCs/BichonProvince/Event/Proceeder40-EM002.txt:504:MonGen WedgeMoth 2 | Envir/NPCs/BichonProvince/Event/Proceeder40-EM002.txt:686:MonGen WedgeMoth 1
Monster	166	BugBat	1	1	Configs	Medium	Configs/Setup.ini:58:BugBatName=BugBat
Monster	168	RedBoar	5	4	Envir/NPCs,Envir/Quests	High	Envir/NPCs/BichonProvince/Event/Proceeder30-EM001.txt:504:MonGen RedBoar 1 | Envir/NPCs/BichonProvince/Event/Proceeder40-EM002.txt:505:MonGen RedBoar 2 | Envir/NPCs/BichonProvince/Event/Proceeder41-EM003.txt:533:MonGen RedBoar 3 | Envir/Quests/MongchonProvince/StoneTomb/2.txt:9:Eliminate 15 {BlackBoar/Crimson} and {RedBoar's/Crimson} in | Envir/Quests/MongchonProvince/StoneTomb/2.txt:16:RedBoar 15
Monster	171	BlackBoar	5	4	Envir/NPCs,Envir/Quests	High	Envir/NPCs/BichonProvince/Event/Proceeder30-EM001.txt:505:MonGen BlackBoar 2 | Envir/NPCs/BichonProvince/Event/Proceeder40-EM002.txt:506:MonGen BlackBoar 3 | Envir/NPCs/BichonProvince/Event/Proceeder41-EM003.txt:534:MonGen BlackBoar 3 | Envir/Quests/MongchonProvince/StoneTomb/2.txt:9:Eliminate 15 {BlackBoar/Crimson} and {RedBoar's/Crimson} in | Envir/Quests/MongchonProvince/StoneTomb/2.txt:15:BlackBoar 15
Monster	174	WhiteBoar	4	2	Envir/NPCs,Envir/Quests	High	Envir/NPCs/BichonProvince/Event/Proceeder41-EM003.txt:747:MonGen WhiteBoar 1 | Envir/Quests/MongchonProvince/StoneTomb/3.txt:3:The {WhiteBoar/Crimson} is located on Deep Within. | Envir/Quests/MongchonProvince/StoneTomb/3.txt:6:Eliminate the {WhiteBoar/Crimson}. | Envir/Quests/MongchonProvince/StoneTomb/3.txt:11:WhiteBoar 1
Monster	180	EvilSnake	4	3	Envir/NPCs	High	Envir/NPCs/BichonProvince/Event/Proceeder30-EM001.txt:882:MonGen EvilSnake 1 | Envir/NPCs/BichonProvince/Event/Proceeder41-EM003.txt:866:MonGen EvilSnake 1 | Envir/NPCs/GM/GM-Teleporter.txt:46:<Oma King Spirit/@OmaKingSpirit> , <Evil Centipede/@EvilCentipede> , <Evil Snake/@EvilSnake> , <Zuma Taurus/@ZumaTaurus> | Envir/NPCs/GM/GM-Teleporter.txt:1092:[@EvilSnake]
Monster	194	ZumaArcher	4	3	Configs,Envir/NPCs	High	Configs/Setup.ini:62:Zuma3=ZumaArcher | Envir/NPCs/BichonProvince/Event/Proceeder40-EM002.txt:657:MonGen ZumaArcher 1 | Envir/NPCs/BichonProvince/Event/Proceeder40-EM002.txt:802:MonGen ZumaArcher 1 | Envir/NPCs/BichonProvince/Event/Proceeder41-EM003.txt:775:MonGen ZumaArcher 2
Monster	196	ZumaArcher3	1	1	Configs	Medium	Configs/Setup.ini:64:Zuma5=ZumaArcher3
Monster	197	ZumaStatue	4	4	Configs,Envir/NPCs	High	Configs/Setup.ini:60:Zuma1=ZumaStatue | Envir/NPCs/BichonProvince/Event/Proceeder30-EM001.txt:684:MonGen ZumaStatue 1 | Envir/NPCs/BichonProvince/Event/Proceeder40-EM002.txt:658:MonGen ZumaStatue 2 | Envir/NPCs/BichonProvince/Event/Proceeder41-EM003.txt:776:MonGen ZumaStatue 1
Monster	199	ZumaStatue3	1	1	Configs	Medium	Configs/Setup.ini:65:Zuma6=ZumaStatue3
Monster	200	ZumaGuardian	5	4	Configs,Envir/NPCs	High	Configs/Setup.ini:61:Zuma2=ZumaGuardian | Envir/NPCs/BichonProvince/Event/Proceeder30-EM001.txt:714:MonGen ZumaGuardian 1 | Envir/NPCs/BichonProvince/Event/Proceeder40-EM002.txt:689:MonGen ZumaGuardian 2 | Envir/NPCs/BichonProvince/Event/Proceeder41-EM003.txt:777:MonGen ZumaGuardian 1 | Envir/NPCs/BichonProvince/Event/Proceeder41-EM003.txt:808:MonGen ZumaGuardian 3
Monster	202	ZumaGuardian3	1	1	Configs	Medium	Configs/Setup.ini:66:Zuma7=ZumaGuardian3
Monster	205	ZumaTaurus	2	1	Envir/NPCs	High	Envir/NPCs/GM/GM-Teleporter.txt:46:<Oma King Spirit/@OmaKingSpirit> , <Evil Centipede/@EvilCentipede> , <Evil Snake/@EvilSnake> , <Zuma Taurus/@ZumaTaurus> | Envir/NPCs/GM/GM-Teleporter.txt:1095:[@ZumaTaurus]
Monster	228	GreatFoxSpirit	2	1	Envir/NPCs	High	Envir/NPCs/GM/GM-Teleporter.txt:47:<Great Fox Spirit/@GreatFoxSpirit> , <Wooma Taurus/@WoomaTaurus> , <King Scorpion/@KingScorpion> , <King Hog/@KingHog> | Envir/NPCs/GM/GM-Teleporter.txt:1098:[@GreatFoxSpirit]
Monster	229	SpiderFrog	3	2	Envir/Quests	Medium	Envir/Quests/BichonProvince/BichonWall/20.txt:9:Eliminate 25 {SpiderFrog's/Crimson} in {InsectCave/Yellow} | Envir/Quests/BichonProvince/BichonWall/20.txt:14:SpiderFrog 25 | Envir/Quests/WoomyonWoods/Wilderness/InsectCave/3.txt:7:Kill {SpiderFrog's/Crimson} and collect {BluJadeNecklace/LightSteelBlue}.
Monster	231	HoroBlaster	2	1	Envir/Quests	Medium	Envir/Quests/WoomyonWoods/Wilderness/InsectCave/1.txt:5:I hear that {HoroBlaster/Crimson} and {BlueHoroBlaster/Crimson} ones | Envir/Quests/WoomyonWoods/Wilderness/InsectCave/1.txt:9:Kill {HoroBlaster/Crimson} and {BluHoroBlaster/Crimson} and Collect
Monster	233	BlueHoroBlaster	4	3	Envir/Quests	Medium	Envir/Quests/WoomyonWoods/Wilderness/InsectCave/1.txt:5:I hear that {HoroBlaster/Crimson} and {BlueHoroBlaster/Crimson} ones | Envir/Quests/WoomyonWoods/Wilderness/InsectCave/2.txt:2:{BlueHoroBlaster/Crimson} is in {InsectCave/Yellow}. The blood of | Envir/Quests/WoomyonWoods/Wilderness/InsectCave/2.txt:7:Kill {BlueHoroBlaster's/Crimson} in {InsectCave/Yellow} and collect 12 | Envir/Quests/WoomyonWoods/Wilderness/InsectCave/6.txt:7:Kill {VoiletKekTal/Crimson}, {KekTal/Crimson} and {BlueHoroBlaster's/Crimson}
Monster	235	KekTal	4	3	Envir/Quests	Medium	Envir/Quests/WoomyonWoods/Castle-GI/Town/3.txt:8:Eliminate 10 {KekTal/Crimson} and {VioletKekTal/Crimson} | Envir/Quests/WoomyonWoods/Castle-GI/Town/3.txt:13:KekTal 10 | Envir/Quests/WoomyonWoods/Wilderness/InsectCave/5.txt:7:Kill {KekTal's/Crimson} and find {Soho's/LimeGreen} {Antidote/LightSteelBlue} | Envir/Quests/WoomyonWoods/Wilderness/InsectCave/6.txt:7:Kill {VoiletKekTal/Crimson}, {KekTal/Crimson} and {BlueHoroBlaster's/Crimson}
Monster	237	VioletKekTal	2	1	Envir/Quests	Medium	Envir/Quests/WoomyonWoods/Castle-GI/Town/3.txt:8:Eliminate 10 {KekTal/Crimson} and {VioletKekTal/Crimson} | Envir/Quests/WoomyonWoods/Castle-GI/Town/3.txt:14:VioletKekTal 10
Monster	240	Dark	62	53	Envir/NPCs,Envir/Quests	High	Envir/NPCs/BichonProvince/BichonWall/Grocery-0.txt:46:Candles are needed when it's dark. without a Candle | Envir/NPCs/BichonProvince/BichonWall/Grocery.txt:48:Candles are needed when it's dark. without a Candle | Envir/NPCs/BichonProvince/BichonWall/MirGuide-0.txt:96:Go to dungeon from Level 11. It is a dark place where Candle | Envir/NPCs/BichonProvince/BichonWall/MirGuide-0.txt:763:Purifies poisoned or corrupted body by dark foce. | Envir/NPCs/BichonProvince/BichonWall/MirGuide.txt:75:Go to dungeon from Level 11. It is a dark place where Candle
Monster	242	Dung	13	12	Envir/NPCs,Envir/Quests	High	Envir/NPCs/BichonProvince/BichonWall/MirGuide-0.txt:74:( SpiderBat, ToxicGhoul, Dung, etc ) | Envir/NPCs/BichonProvince/BichonWall/MirGuide.txt:1098:( SpiderBat, ToxicGhoul, Dung, etc ) | Envir/NPCs/BichonProvince/Event/Proceeder30-EM001.txt:442:MonGen Dung 1 | Envir/NPCs/BichonProvince/Event/Proceeder40-EM002.txt:443:MonGen Dung 2 | Envir/NPCs/BichonProvince/Event/Proceeder41-EM003.txt:471:MonGen Dung 2
Monster	244	WoomaSoldier	2	2	Envir/Quests	Medium	Envir/Quests/BichonProvince/BichonWall/22.txt:6:Collect 10 {BeefRib/LightSteelBlue} by Killing {WoomaSoldier's/Crimson} | Envir/Quests/WoomyonWoods/Castle-GI/Town/5.txt:14:WoomaSoldier 20
Monster	246	WoomaFighter	5	4	Envir/NPCs,Envir/Quests	High	Envir/NPCs/BichonProvince/Event/Proceeder30-EM001.txt:445:MonGen WoomaFighter 2 | Envir/NPCs/BichonProvince/Event/Proceeder40-EM002.txt:446:MonGen WoomaFighter 2 | Envir/NPCs/BichonProvince/Event/Proceeder41-EM003.txt:474:MonGen WoomaFighter 4 | Envir/Quests/WoomyonWoods/Castle-GI/Town/6.txt:8:{WoomaFighter's/Crimson} in {WoomaTemple/Yellow}. | Envir/Quests/WoomyonWoods/Castle-GI/Town/6.txt:14:WoomaFighter 20
Monster	248	WoomaWarrior	2	1	Envir/Quests	Medium	Envir/Quests/WoomyonWoods/Castle-GI/Town/7.txt:6:Eliminate 30 {WoomaWarrior's/Crimson} and a | Envir/Quests/WoomyonWoods/Castle-GI/Town/7.txt:12:WoomaWarrior 30
Monster	250	FlamingWooma	5	4	Envir/NPCs,Envir/Quests	High	Envir/NPCs/BichonProvince/Event/Proceeder30-EM001.txt:444:MonGen FlamingWooma 2 | Envir/NPCs/BichonProvince/Event/Proceeder40-EM002.txt:445:MonGen FlamingWooma 3 | Envir/NPCs/BichonProvince/Event/Proceeder41-EM003.txt:473:MonGen FlamingWooma 4 | Envir/Quests/WoomyonWoods/Castle-GI/Town/6.txt:7:Eliminate 20 {FlamingWooma's/Crimson} and | Envir/Quests/WoomyonWoods/Castle-GI/Town/6.txt:13:FlamingWooma 20
Monster	253	WoomaGuardian	3	3	Envir/NPCs,Envir/Quests	High	Envir/NPCs/BichonProvince/Event/Proceeder30-EM001.txt:826:MonGen WoomaGuardian 1 | Envir/NPCs/BichonProvince/Event/Proceeder41-EM003.txt:593:MonGen WoomaGuardian 1 | Envir/Quests/WoomyonWoods/Castle-GI/Town/7.txt:13:WoomaGuardian 1
Monster	256	WoomaTaurus	6	5	Envir/NPCs	High	Envir/NPCs/BichonProvince/BichonWall/Administrator-0122.txt:28:One million {Gold/Gold} & the Horn of WoomaTaurus, who lives | Envir/NPCs/BichonProvince/BichonWall/Administrator.txt:28:One million {Gold/Gold} & the Horn of WoomaTaurus, who lives | Envir/NPCs/BichonProvince/Event/Proceeder30-EM001.txt:854:MonGen Woomataurus 1 | Envir/NPCs/BichonProvince/Event/Proceeder40-EM002.txt:832:MonGen Woomataurus 1 | Envir/NPCs/GM/GM-Teleporter.txt:47:<Great Fox Spirit/@GreatFoxSpirit> , <Wooma Taurus/@WoomaTaurus> , <King Scorpion/@KingScorpion> , <King Hog/@KingHog>
Monster	281	KingScorpion	3	2	Envir/NPCs	High	Envir/NPCs/BichonProvince/Event/Proceeder41-EM003.txt:895:MonGen KingScorpion 1 | Envir/NPCs/GM/GM-Teleporter.txt:47:<Great Fox Spirit/@GreatFoxSpirit> , <Wooma Taurus/@WoomaTaurus> , <King Scorpion/@KingScorpion> , <King Hog/@KingHog> | Envir/NPCs/GM/GM-Teleporter.txt:1104:[@KingScorpion]
Monster	282	KingHog	3	2	Envir/NPCs	High	Envir/NPCs/BichonProvince/Event/Proceeder40-EM002.txt:888:MonGen KingHog 1 | Envir/NPCs/GM/GM-Teleporter.txt:47:<Great Fox Spirit/@GreatFoxSpirit> , <Wooma Taurus/@WoomaTaurus> , <King Scorpion/@KingScorpion> , <King Hog/@KingHog> | Envir/NPCs/GM/GM-Teleporter.txt:1107:[@KingHog]
Monster	285	DarkDevil	2	1	Envir/NPCs	High	Envir/NPCs/GM/GM-Teleporter.txt:48:<Dark Devil/@DarkDevil> , <Red Moon Evil/@RedMoonEvil> , <Minotaur King/@MinotaurKing> | Envir/NPCs/GM/GM-Teleporter.txt:1110:[@DarkDevil]
Monster	288	CursedShaman	3	3	Envir/NPCs	High	Envir/NPCs/BichonProvince/Event/Proceeder30-EM001.txt:381:MonGen CursedShaman 1 | Envir/NPCs/BichonProvince/Event/Proceeder40-EM002.txt:381:MonGen CursedShaman 2 | Envir/NPCs/BichonProvince/Event/Proceeder41-EM003.txt:381:MonGen CursedShaman 3
Monster	290	CursedPriest	6	5	Envir/NPCs,Envir/Quests	High	Envir/NPCs/BichonProvince/Event/Proceeder30-EM001.txt:382:MonGen CursedPriest 1 | Envir/NPCs/BichonProvince/Event/Proceeder40-EM002.txt:382:MonGen CursedPriest 2 | Envir/NPCs/BichonProvince/Event/Proceeder41-EM003.txt:382:MonGen CursedPriest 2 | Envir/Quests/WoomyonWoods/TaoistVillage/Tao Village/3.txt:7:Collect 10 {ZombiesHeart/LightSteelBlue} from {CursedPriest's/Crimson}. | Envir/Quests/WoomyonWoods/TaoistVillage/Tao Village/7.txt:6:Eliminate 10 {CursedPriest/Crimson}, {ShiZombie/Crimson},
Monster	292	CursedZombie	4	2	Envir/Quests	Medium	Envir/Quests/WoomyonWoods/TaoistVillage/Tao Village/7.txt:7:{CursedZombie's/Crimson}. | Envir/Quests/WoomyonWoods/TaoistVillage/Tao Village/7.txt:14:CursedZombie 10 | Envir/Quests/WoomyonWoods/TaoistVillage/WW Mines/1.txt:6:Eliminate {CursedZombie/Crimson}, {ShiZombie/Crimson} and | Envir/Quests/WoomyonWoods/TaoistVillage/WW Mines/1.txt:12:CursedZombie 50 "Eliminate the CursedZombie Threat"
Monster	294	HungryZombie	2	1	Envir/Quests	Medium	Envir/Quests/WoomyonWoods/TaoistVillage/WW Mines/1.txt:7:{HungryZombie's/Crimson} in {MineralMines/Yellow}. | Envir/Quests/WoomyonWoods/TaoistVillage/WW Mines/1.txt:14:HungryZombie 25 "Eliminate the HungryZombie Threat"
Monster	296	ShiZombie	4	2	Envir/Quests	Medium	Envir/Quests/WoomyonWoods/TaoistVillage/Tao Village/7.txt:6:Eliminate 10 {CursedPriest/Crimson}, {ShiZombie/Crimson}, | Envir/Quests/WoomyonWoods/TaoistVillage/Tao Village/7.txt:13:ShiZombie 10 | Envir/Quests/WoomyonWoods/TaoistVillage/WW Mines/1.txt:6:Eliminate {CursedZombie/Crimson}, {ShiZombie/Crimson} and | Envir/Quests/WoomyonWoods/TaoistVillage/WW Mines/1.txt:13:ShiZombie 30 "Reduce the ShiZombie's"
Monster	301	BombSpider	1	1	Configs	Medium	Configs/Setup.ini:100:BombSpiderName=BombSpider
Monster	302	RootSpider	17	7	Envir/NPCs,Envir/Quests	Medium	Envir/NPCs/WoomyonWoods/TaoistVillage/6Wrt.txt:66:You killed a RootSpider, didn't you? Good job! | Envir/NPCs/WoomyonWoods/TaoistVillage/6Wrt.txt:70:Please kill a RootSpider located in TreePath, Once you have completed | Envir/NPCs/WoomyonWoods/TaoistVillage/9Wae4.txt:2:The worst monster amongst the spider monsters in the woods is a {Rootspider/Crimson} | Envir/NPCs/WoomyonWoods/TaoistVillage/9Wae4.txt:3:The {rootspider/Crimson} does not move for itself but it spews larvas continually | Envir/NPCs/WoomyonWoods/TaoistVillage/9Wae4.txt:6:if this {Rootspider/Crimson} is killed, the larves dont appear anymore
Monster	303	SpiderBat	12	12	Envir/NPCs,Envir/Quests	High	Envir/NPCs/BichonProvince/BichonWall/MirGuide-0.txt:74:( SpiderBat, ToxicGhoul, Dung, etc ) | Envir/NPCs/BichonProvince/BichonWall/MirGuide.txt:1098:( SpiderBat, ToxicGhoul, Dung, etc ) | Envir/NPCs/BichonProvince/Event/Proceeder30-EM001.txt:533:MonGen SpiderBat 1 | Envir/NPCs/BichonProvince/Event/Proceeder40-EM002.txt:534:MonGen SpiderBat 2 | Envir/NPCs/BichonProvince/Event/Proceeder41-EM003.txt:562:MonGen SpiderBat 3
Monster	304	VenomSpider	5	5	Envir/NPCs,Envir/Quests	High	Envir/NPCs/BichonProvince/Event/Proceeder30-EM001.txt:536:MonGen VenomSpider 2 | Envir/NPCs/BichonProvince/Event/Proceeder40-EM002.txt:537:MonGen VenomSpider 2 | Envir/NPCs/BichonProvince/Event/Proceeder41-EM003.txt:565:MonGen VenomSpider 2 | Envir/Quests/WoomyonWoods/TaoistVillage/Tao Village/12.txt:6:Retrieve the {TraineeRing/LightSteelBlue} by killing {VenomSpider/Crimson}. | Envir/Quests/WoomyonWoods/TaoistVillage/Tao Village/2.txt:8:by killing {VenomSpider's/Crimson} and {GreatSpider's/Crimson}
Monster	307	GangSpider	2	1	Envir/Quests	Medium	Envir/Quests/WoomyonWoods/TaoistVillage/Tao Village/10.txt:6:Eliminate 4 {GangSpider/Crimson}, {RootSpider/Crimson} 5 | Envir/Quests/WoomyonWoods/TaoistVillage/Tao Village/10.txt:12:GangSpider 4
Monster	310	GreatSpider	6	5	Envir/NPCs,Envir/Quests	High	Envir/NPCs/BichonProvince/Event/Proceeder30-EM001.txt:534:MonGen GreatSpider 1 | Envir/NPCs/BichonProvince/Event/Proceeder40-EM002.txt:535:MonGen GreatSpider 1 | Envir/NPCs/BichonProvince/Event/Proceeder41-EM003.txt:563:MonGen GreatSpider 2 | Envir/Quests/WoomyonWoods/TaoistVillage/Tao Village/10.txt:7:{LureSpider/Crimson} and {GreatSpider's/Crimson}. | Envir/Quests/WoomyonWoods/TaoistVillage/Tao Village/10.txt:15:GreatSpider 5
Monster	313	LureSpider	5	4	Envir/NPCs,Envir/Quests	High	Envir/NPCs/BichonProvince/Event/Proceeder30-EM001.txt:535:MonGen LureSpider 1 | Envir/NPCs/BichonProvince/Event/Proceeder40-EM002.txt:536:MonGen LureSpider 2 | Envir/NPCs/BichonProvince/Event/Proceeder41-EM003.txt:564:MonGen LureSpider 2 | Envir/Quests/WoomyonWoods/TaoistVillage/Tao Village/10.txt:7:{LureSpider/Crimson} and {GreatSpider's/Crimson}. | Envir/Quests/WoomyonWoods/TaoistVillage/Tao Village/10.txt:14:LureSpider 5
Monster	316	BigApe	4	4	Envir/NPCs,Envir/Quests	High	Envir/NPCs/BichonProvince/Event/Proceeder30-EM001.txt:564:MonGen BigApe 1 | Envir/NPCs/BichonProvince/Event/Proceeder40-EM002.txt:565:MonGen BigApe 1 | Envir/NPCs/BichonProvince/Event/Proceeder41-EM003.txt:621:MonGen BigApe 2 | Envir/Quests/WoomyonWoods/TaoistVillage/Tao Village/15.txt:6:The Monster what attacked was a {Blue BigApe/Crimson}
Monster	319	EvilApe	5	3	Envir/NPCs	High	Envir/NPCs/BichonProvince/Event/Proceeder30-EM001.txt:565:MonGen EvilApe 1 | Envir/NPCs/BichonProvince/Event/Proceeder30-EM001.txt:656:MonGen EvilApe 1 | Envir/NPCs/BichonProvince/Event/Proceeder40-EM002.txt:566:MonGen EvilApe 1 | Envir/NPCs/BichonProvince/Event/Proceeder41-EM003.txt:622:MonGen EvilApe 2 | Envir/NPCs/BichonProvince/Event/Proceeder41-EM003.txt:714:MonGen EvilApe 1
Monster	321	GreyEvilApe	2	2	Envir/NPCs	High	Envir/NPCs/BichonProvince/Event/Proceeder40-EM002.txt:568:MonGen GreyEvilApe 1 | Envir/NPCs/BichonProvince/Event/Proceeder41-EM003.txt:624:MonGen GreyEvilApe 1
Monster	322	RedEvilApe	7	6	Envir/NPCs,Envir/Quests	High	Envir/NPCs/BichonProvince/Event/Proceeder30-EM001.txt:566:MonGen RedEvilApe 1 | Envir/NPCs/BichonProvince/Event/Proceeder40-EM002.txt:567:MonGen RedEvilApe 1 | Envir/NPCs/BichonProvince/Event/Proceeder41-EM003.txt:623:MonGen RedEvilApe 1 | Envir/NPCs/BichonProvince/Event/Proceeder41-EM003.txt:715:MonGen RedEvilApe 1 | Envir/NPCs/WoomyonWoods/TaoistVillage/9Wbt.txt:112:a certain RedEvilApe the RedMoonSword was finally broken I recovered
Monster	324	RedMoonEvil	27	6	Envir/NPCs,Envir/Quests	High	Envir/NPCs/GM/GM-Teleporter.txt:48:<Dark Devil/@DarkDevil> , <Red Moon Evil/@RedMoonEvil> , <Minotaur King/@MinotaurKing> | Envir/NPCs/GM/GM-Teleporter.txt:1113:[@RedMoonEvil] | Envir/NPCs/WoomyonWoods/TaoistVillage/9Wbt.txt:77:day were affected by the RedMoonEvil, the origin of the demon, | Envir/NPCs/WoomyonWoods/TaoistVillage/9Wbt.txt:87:I tried to use anger against the RedMoonEvil, the terrible monster. | Envir/NPCs/WoomyonWoods/TaoistVillage/9Wbt.txt:89:I stabbed the RedMoonEvil I was showered with its blood and
Monster	325	RedMoonEvil1	1	1	Envir/SystemScripts	High	Envir/SystemScripts/00Default/OnAcceptQuests.txt:12:MONGEN RedMoonEvil1 1
Monster	326	EvilApeSobo	1	1	Envir/Quests	Medium	Envir/Quests/WoomyonWoods/TaoistVillage/Tao Village/15.txt:9:Kill {EvilApeSobo/Crimson} and retrieve {PrajnaHistory/LightSteelBlue}.
Monster	327	EvilBigApe	2	1	Envir/Quests	Medium	Envir/Quests/WoomyonWoods/TaoistVillage/TreePath/2.txt:5:Find and Eliminate {EvilBigApe/LightSteelBlue} in {RedValley/Yellow}. | Envir/Quests/WoomyonWoods/TaoistVillage/TreePath/2.txt:10:EvilBigApe 1
Monster	339	FlyingStatue	1	1	Envir/Events	Medium	Envir/Events/gumi203-Event-41.txt:7:LOCALMESSAGE "I see you Mete FlyingStatue!" Hint
Monster	341	ToxicGhoul	10	9	Envir/NPCs,Envir/Quests	Medium	Envir/NPCs/BichonProvince/BichonWall/MirGuide-0.txt:74:( SpiderBat, ToxicGhoul, Dung, etc ) | Envir/NPCs/BichonProvince/BichonWall/MirGuide.txt:1098:( SpiderBat, ToxicGhoul, Dung, etc ) | Envir/NPCs/MongchonProvince/MudWall/MirGuide-3.txt:73:( SpiderBat, ToxicGhoul, Dung, etc ) | Envir/NPCs/MongchonProvince/MudWall/MirGuide.txt:73:( SpiderBat, ToxicGhoul, Dung, etc ) | Envir/NPCs/PrajnaIsland/MirGuide.txt:73:( SpiderBat, ToxicGhoul, Dung, etc )
Monster	343	RoninGhoul	4	2	Envir/Quests	Medium	Envir/Quests/BichonProvince/BichonWall/25.txt:4:{RoninGhoul/Crimson}, but I cannot get close to them. | Envir/Quests/BichonProvince/BichonWall/25.txt:9:hunting {RoninGhoul's/Crimson} | Envir/Quests/PrajnaIsland/PIVillage/2.txt:7:and 10 {RoninGhoul's/Crimson}. | Envir/Quests/PrajnaIsland/PIVillage/2.txt:13:RoninGhoul 10
Monster	345	BoneArcher	7	6	Configs,Envir/NPCs,Envir/Quests	High	Configs/Setup.ini:74:BoneMonster3=BoneArcher | Envir/NPCs/BichonProvince/Event/Proceeder30-EM001.txt:594:MonGen BoneArcher 1 | Envir/NPCs/BichonProvince/Event/Proceeder40-EM002.txt:596:MonGen BoneArcher 2 | Envir/NPCs/BichonProvince/Event/Proceeder41-EM003.txt:652:MonGen BoneArcher 2 | Envir/Quests/PrajnaIsland/PranjaStoneCave/1.txt:11:15 {BoneArcher's/Crimson} and 15 {BoneSpearman/Crimson}
Monster	347	BoneBlademan	8	6	Configs,Envir/NPCs,Envir/Quests	High	Configs/Setup.ini:73:BoneMonster2=BoneBlademan | Envir/NPCs/BichonProvince/Event/Proceeder30-EM001.txt:595:MonGen BoneBlademan 1 | Envir/NPCs/BichonProvince/Event/Proceeder40-EM002.txt:597:MonGen BoneBlademan 1 | Envir/NPCs/BichonProvince/Event/Proceeder41-EM003.txt:653:MonGen BoneBlademan 2 | Envir/Quests/PrajnaIsland/PranjaStoneCave/2.txt:3:{BoneBlademan/Crimson} are faster then the other
Monster	349	BoneSpearman	4	3	Configs,Envir/Quests	Medium	Configs/Setup.ini:72:BoneMonster1=BoneSpearman | Envir/Quests/PrajnaIsland/PranjaStoneCave/1.txt:11:15 {BoneArcher's/Crimson} and 15 {BoneSpearman/Crimson} | Envir/Quests/PrajnaIsland/PranjaStoneCave/1.txt:17:BoneSpearman 15 | Envir/Quests/PrajnaIsland/PranjaStoneCave/3.txt:8:{BoneBlademan/Crimson} and {BoneSpearman/Crimson}.
Monster	351	BoneCaptain	4	4	Configs,Envir/NPCs	High	Configs/Setup.ini:75:BoneMonster4=BoneCaptain | Envir/NPCs/BichonProvince/Event/Proceeder30-EM001.txt:596:MonGen BoneCaptain 1 | Envir/NPCs/BichonProvince/Event/Proceeder40-EM002.txt:598:MonGen BoneCaptain 1 | Envir/NPCs/BichonProvince/Event/Proceeder41-EM003.txt:654:MonGen BoneCaptain 2
Monster	361	Minotaur	3	2	Envir/NPCs,Envir/Quests	Medium	Envir/NPCs/GM/GM-Teleporter.txt:48:<Dark Devil/@DarkDevil> , <Red Moon Evil/@RedMoonEvil> , <Minotaur King/@MinotaurKing> | Envir/Quests/PrajnaIsland/PranjaTemple/1.txt:5:{Minotaur's/Crimson}. | Envir/Quests/PrajnaIsland/PranjaTemple/1.txt:10:Minotaur 30
Monster	363	IceMinotaur	4	2	Envir/NPCs,Envir/Quests	High	Envir/NPCs/BichonProvince/Event/Proceeder41-EM003.txt:685:MonGen IceMinotaur 2 | Envir/NPCs/BichonProvince/Event/Proceeder41-EM003.txt:719:MonGen IceMinotaur 2 | Envir/Quests/PrajnaIsland/PranjaTemple/2.txt:5:{FireMinotaur/Crimson} and {IceMinotaur/Crimson}. | Envir/Quests/PrajnaIsland/PranjaTemple/2.txt:12:IceMinotaur 20
Monster	367	WindMinotaur	6	4	Envir/NPCs,Envir/Quests	High	Envir/NPCs/BichonProvince/Event/Proceeder30-EM001.txt:625:MonGen WindMinotaur 1 | Envir/NPCs/BichonProvince/Event/Proceeder40-EM002.txt:628:MonGen WindMinotaur 1 | Envir/NPCs/BichonProvince/Event/Proceeder41-EM003.txt:684:MonGen WindMinotaur 1 | Envir/NPCs/BichonProvince/Event/Proceeder41-EM003.txt:718:MonGen WindMinotaur 1 | Envir/Quests/PrajnaIsland/PranjaTemple/2.txt:4:Eliminate 20 {WindMinotaur/Crimson}, {ElecMinotaur/Crimson},
Monster	369	FireMinotaur	6	4	Envir/NPCs,Envir/Quests	High	Envir/NPCs/BichonProvince/Event/Proceeder30-EM001.txt:626:MonGen FireMinotaur 2 | Envir/NPCs/BichonProvince/Event/Proceeder30-EM001.txt:655:MonGen FireMinotaur 1 | Envir/NPCs/BichonProvince/Event/Proceeder40-EM002.txt:629:MonGen FireMinotaur 2 | Envir/NPCs/BichonProvince/Event/Proceeder41-EM003.txt:686:MonGen FireMinotaur 2 | Envir/Quests/PrajnaIsland/PranjaTemple/2.txt:5:{FireMinotaur/Crimson} and {IceMinotaur/Crimson}.
Monster	371	RightGuard	9	4	Envir/NPCs,Envir/Quests	High	Envir/NPCs/BichonProvince/Event/Proceeder30-EM001.txt:654:MonGen RightGuard 1 | Envir/NPCs/BichonProvince/Event/Proceeder30-EM001.txt:713:MonGen RightGuard 1 | Envir/NPCs/BichonProvince/Event/Proceeder40-EM002.txt:627:MonGen RightGuard 1 | Envir/NPCs/BichonProvince/Event/Proceeder40-EM002.txt:688:MonGen RightGuard 1 | Envir/NPCs/BichonProvince/Event/Proceeder41-EM003.txt:683:MonGen RightGuard 1
Monster	373	LeftGuard	8	4	Envir/NPCs,Envir/Quests	High	Envir/NPCs/BichonProvince/Event/Proceeder30-EM001.txt:624:MonGen LeftGuard 1 | Envir/NPCs/BichonProvince/Event/Proceeder40-EM002.txt:626:MonGen LeftGuard 1 | Envir/NPCs/BichonProvince/Event/Proceeder40-EM002.txt:687:MonGen LeftGuard 1 | Envir/NPCs/BichonProvince/Event/Proceeder41-EM003.txt:682:MonGen LeftGuard 1 | Envir/NPCs/BichonProvince/Event/Proceeder41-EM003.txt:716:MonGen LeftGuard 1
Monster	375	MinotaurKing	2	1	Envir/NPCs	High	Envir/NPCs/GM/GM-Teleporter.txt:48:<Dark Devil/@DarkDevil> , <Red Moon Evil/@RedMoonEvil> , <Minotaur King/@MinotaurKing> | Envir/NPCs/GM/GM-Teleporter.txt:1116:[@MinotaurKing]
Monster	376	AxeOma	3	3	Envir/NPCs	High	Envir/NPCs/BichonProvince/Event/Proceeder30-EM001.txt:742:MonGen AxeOma 1 | Envir/NPCs/BichonProvince/Event/Proceeder40-EM002.txt:804:MonGen AxeOma 1 | Envir/NPCs/BichonProvince/Event/Proceeder41-EM003.txt:838:MonGen AxeOma 1
Monster	378	SwordOma	2	2	Envir/NPCs	High	Envir/NPCs/BichonProvince/Event/Proceeder40-EM002.txt:717:MonGen SwordOma 1 | Envir/NPCs/BichonProvince/Event/Proceeder41-EM003.txt:837:MonGen SwordOma 1
Monster	380	CrossbowOma	2	2	Envir/NPCs	High	Envir/NPCs/BichonProvince/Event/Proceeder40-EM002.txt:745:MonGen CrossbowOma 1 | Envir/NPCs/BichonProvince/Event/Proceeder41-EM003.txt:836:MonGen CrossbowOma 1
Monster	382	WingedOma	1	1	Envir/NPCs	High	Envir/NPCs/BichonProvince/Event/Proceeder40-EM002.txt:774:MonGen WingedOma 1
Monster	384	FlailOma	2	2	Envir/NPCs	High	Envir/NPCs/BichonProvince/Event/Proceeder30-EM001.txt:798:MonGen FlailOma 1 | Envir/NPCs/BichonProvince/Event/Proceeder40-EM002.txt:803:MonGen FlailOma 1
Monster	386	OmaGuard	2	2	Envir/NPCs	High	Envir/NPCs/BichonProvince/Event/Proceeder30-EM001.txt:770:MonGen OmaGuard 1 | Envir/NPCs/BichonProvince/Event/Proceeder40-EM002.txt:746:MonGen OmaGuard 1
Monster	391	OmaKingSpirit	2	1	Envir/NPCs	High	Envir/NPCs/GM/GM-Teleporter.txt:46:<Oma King Spirit/@OmaKingSpirit> , <Evil Centipede/@EvilCentipede> , <Evil Snake/@EvilSnake> , <Zuma Taurus/@ZumaTaurus> | Envir/NPCs/GM/GM-Teleporter.txt:1086:[@OmaKingSpirit]
Monster	393	00	6	1	Envir/NPCs	Medium	Envir/NPCs/TravellingMerchant.txt:3:;;BichonWall \t\t\t325:250 \t09:00 - 10:01 | Envir/NPCs/TravellingMerchant.txt:5:;;CastleGI-Ryoong \t\t234:197 \t12:00 - 13:01 | Envir/NPCs/TravellingMerchant.txt:7:;;SeokchoValley \t\t136:170 \t15:00 - 16:01 | Envir/NPCs/TravellingMerchant.txt:8:;;SerpentValley \t\t500:477 \t17:00 - 18:01 | Envir/NPCs/TravellingMerchant.txt:10:;;SabukWall \t\t\t656:303 \t20:00 - 21:01
Monster	406	GhastlyLeecher	2	1	Envir/Quests	Medium	Envir/Quests/WasteLand/Red Cave/1.txt:14:Eliminate 12 {GhastlyLeecher/Crimson}, {CyanoGhast/Crimson}, | Envir/Quests/WasteLand/Red Cave/1.txt:20:GhastlyLeecher 12
Monster	407	MutatedManworm	2	1	Envir/Quests	Medium	Envir/Quests/WasteLand/Red Cave/1.txt:15:{MutatedManworm/Crimson} and {CrazyManworm/Crimson}. | Envir/Quests/WasteLand/Red Cave/1.txt:22:MutatedManworm 12
Monster	408	CrazyManworm	2	1	Envir/Quests	Medium	Envir/Quests/WasteLand/Red Cave/1.txt:15:{MutatedManworm/Crimson} and {CrazyManworm/Crimson}. | Envir/Quests/WasteLand/Red Cave/1.txt:23:CrazyManworm 12
Monster	409	CyanoGhast	2	1	Envir/Quests	Medium	Envir/Quests/WasteLand/Red Cave/1.txt:14:Eliminate 12 {GhastlyLeecher/Crimson}, {CyanoGhast/Crimson}, | Envir/Quests/WasteLand/Red Cave/1.txt:21:CyanoGhast 12
Monster	410	DreamDevourer	3	1	Envir/Quests	Medium	Envir/Quests/WasteLand/Red Cave/2.txt:4:in {RedCave/Yellow} The monsters {DreamDevourer/Crimson} | Envir/Quests/WasteLand/Red Cave/2.txt:11:Travel to {RedCave/Yellow} and Eliminate 3 {DreamDevourer/Crimson} | Envir/Quests/WasteLand/Red Cave/2.txt:17:DreamDevourer 3
Monster	437	SandStorm	1	1	Envir/Todo+Fixed List.txt	Medium	Envir/Todo+Fixed List.txt:20:SandStorm - Image
Monster	440	FineSoul	1	1	Envir/Todo+Fixed List.txt	Medium	Envir/Todo+Fixed List.txt:22:FineSoul
Monster	441	Bear	5	5	Envir/NPCs,Envir/Todo+Fixed List.txt	Medium	Envir/NPCs/BichonProvince/BichonWall/OldmanInfinity-0101.txt:27:<What/@info2> should I bear in mind? | Envir/NPCs/BichonProvince/BichonWall/OldmanInfinity.txt:27:<What/@info2> should I bear in mind? | Envir/NPCs/PrajnaIsland/VillageChief.txt:91:The frightened willagers could not bear any more | Envir/NPCs/PrajnaIsland/VillageChiefPI.txt:91:The frightened willagers could not bear any more | Envir/Todo+Fixed List.txt:23:Bear
Monster	442	TurtleGrass	1	1	Envir/Todo+Fixed List.txt	Medium	Envir/Todo+Fixed List.txt:24:TurtleGrass
Monster	443	Leopard	1	1	Envir/Todo+Fixed List.txt	Medium	Envir/Todo+Fixed List.txt:25:Leopard
Monster	444	Minion_Warrior	1	1	Envir/Todo+Fixed List.txt	Medium	Envir/Todo+Fixed List.txt:26:Minion_Warrior
Monster	445	Minion_Warlock	1	1	Envir/Todo+Fixed List.txt	Medium	Envir/Todo+Fixed List.txt:27:Minion_Warlock
Monster	446	Minion_Priest	1	1	Envir/Todo+Fixed List.txt	Medium	Envir/Todo+Fixed List.txt:28:Minion_Priest
Monster	447	Minion_Rouge	1	1	Envir/Todo+Fixed List.txt	Medium	Envir/Todo+Fixed List.txt:29:Minion_Rouge
Monster	448	Chieftain_Warrior	1	1	Envir/Todo+Fixed List.txt	Medium	Envir/Todo+Fixed List.txt:30:Chieftain_Warrior
Monster	449	Chieftain_Warlock	1	1	Envir/Todo+Fixed List.txt	Medium	Envir/Todo+Fixed List.txt:31:Chieftain_Warlock
Monster	450	Chieftain_Priest	1	1	Envir/Todo+Fixed List.txt	Medium	Envir/Todo+Fixed List.txt:32:Chieftain_Priest
Monster	451	Chieftain_Rouge	1	1	Envir/Todo+Fixed List.txt	Medium	Envir/Todo+Fixed List.txt:33:Chieftain_Rouge
Monster	452	Chieftain_Archer	1	1	Envir/Todo+Fixed List.txt	Medium	Envir/Todo+Fixed List.txt:34:Chieftain_Archer
Monster	453	Master_DragonYang	1	1	Envir/Todo+Fixed List.txt	Medium	Envir/Todo+Fixed List.txt:35:Master_DragonYang
Monster	454	Jar1	1	1	Envir/Todo+Fixed List.txt	Medium	Envir/Todo+Fixed List.txt:36:Jar1
Monster	455	Jar2	1	1	Envir/Todo+Fixed List.txt	Medium	Envir/Todo+Fixed List.txt:37:Jar2
Monster	456	FightingCat	1	1	Envir/Todo+Fixed List.txt	Medium	Envir/Todo+Fixed List.txt:38:FightingCat
Monster	457	FireCat	1	1	Envir/Todo+Fixed List.txt	Medium	Envir/Todo+Fixed List.txt:39:FireCat
Monster	458	CatWidow	1	1	Envir/Todo+Fixed List.txt	Medium	Envir/Todo+Fixed List.txt:40:CatWidow
Monster	459	StainHammerCat	2	2	Configs,Envir/Todo+Fixed List.txt	Medium	Configs/Setup.ini:86:GeneralMeowMeowMob1=StainHammerCat | Envir/Todo+Fixed List.txt:41:StainHammerCat
Monster	460	BlackHammerCat	2	2	Configs,Envir/Todo+Fixed List.txt	Medium	Configs/Setup.ini:87:GeneralMeowMeowMob2=BlackHammerCat | Envir/Todo+Fixed List.txt:42:BlackHammerCat
Monster	461	StrayCat	2	2	Configs,Envir/Todo+Fixed List.txt	Medium	Configs/Setup.ini:88:GeneralMeowMeowMob3=StrayCat | Envir/Todo+Fixed List.txt:43:StrayCat
Monster	462	CatShaman	2	2	Configs,Envir/Todo+Fixed List.txt	Medium	Configs/Setup.ini:89:GeneralMeowMeowMob4=CatShaman | Envir/Todo+Fixed List.txt:44:CatShaman
Monster	463	SeedingsGeneral	1	1	Envir/Todo+Fixed List.txt	Medium	Envir/Todo+Fixed List.txt:45:SeedingsGeneral
Monster	464	RestlessJar	1	1	Envir/Todo+Fixed List.txt	Medium	Envir/Todo+Fixed List.txt:46:RestlessJar
Monster	466	TucsonEgg	2	2	Envir/Drops,Envir/Todo+Fixed List.txt	Medium	Envir/Drops/MongchonProvince/Swamp/desktop.ini:11:TucsonEgg.txt=@TucsonEgg,0 | Envir/Todo+Fixed List.txt:48:TucsonEgg
Monster	467	YoungTucson	1	1	Envir/Todo+Fixed List.txt	Medium	Envir/Todo+Fixed List.txt:49:YoungTucson
Monster	468	Armadillo	1	1	Envir/Todo+Fixed List.txt	Medium	Envir/Todo+Fixed List.txt:50:Armadillo
Monster	469	ArmadilloElder	1	1	Envir/Todo+Fixed List.txt	Medium	Envir/Todo+Fixed List.txt:51:ArmadilloElder
Monster	470	VisceralWorm2	1	1	Envir/Todo+Fixed List.txt	Medium	Envir/Todo+Fixed List.txt:52:VisceralWorm2
Monster	471	SandSnail	1	1	Envir/Todo+Fixed List.txt	Medium	Envir/Todo+Fixed List.txt:53:SandSnail
Monster	472	CannibalTentacles	1	1	Envir/Todo+Fixed List.txt	Medium	Envir/Todo+Fixed List.txt:54:CannibalTentacles
Monster	473	Tucson	2	2	Envir/Drops,Envir/Todo+Fixed List.txt	Medium	Envir/Drops/MongchonProvince/Swamp/desktop.ini:2:Tucson.txt=@Tucson,0 | Envir/Todo+Fixed List.txt:55:Tucson
Monster	474	TucsonFighter	2	2	Envir/Drops,Envir/Todo+Fixed List.txt	Medium	Envir/Drops/MongchonProvince/Swamp/desktop.ini:5:TucsonFighter.txt=@TucsonFighter,0 | Envir/Todo+Fixed List.txt:56:TucsonFighter
Monster	475	TucsonMage	2	2	Envir/Drops,Envir/Todo+Fixed List.txt	Medium	Envir/Drops/MongchonProvince/Swamp/desktop.ini:7:TucsonMage.txt=@TucsonMage,0 | Envir/Todo+Fixed List.txt:57:TucsonMage
Monster	476	TucsonWarrior	2	2	Envir/Drops,Envir/Todo+Fixed List.txt	Medium	Envir/Drops/MongchonProvince/Swamp/desktop.ini:9:TucsonWarrior.txt=@TucsonWarrior,0 | Envir/Todo+Fixed List.txt:58:TucsonWarrior
Monster	477	TucsonGeneral	1	1	Envir/Drops	Medium	Envir/Drops/MongchonProvince/Swamp/desktop.ini:3:TucsonGeneral.txt=@TucsonGeneral,0
Monster	478	FrozenSolider	1	1	Envir/Todo+Fixed List.txt	Medium	Envir/Todo+Fixed List.txt:60:FrozenSolider
Monster	479	FrozenFighter	1	1	Envir/Todo+Fixed List.txt	Medium	Envir/Todo+Fixed List.txt:61:FrozenFighter
Monster	480	FrozenArcher	1	1	Envir/Todo+Fixed List.txt	Medium	Envir/Todo+Fixed List.txt:62:FrozenArcher
Monster	481	FrozenKnight	1	1	Envir/Todo+Fixed List.txt	Medium	Envir/Todo+Fixed List.txt:63:FrozenKnight
Monster	482	FrozenGolem	1	1	Envir/Todo+Fixed List.txt	Medium	Envir/Todo+Fixed List.txt:64:FrozenGolem
Monster	483	IcePhantom	1	1	Envir/Todo+Fixed List.txt	Medium	Envir/Todo+Fixed List.txt:65:IcePhantom
Monster	484	SnowWolf	2	2	Configs,Envir/Todo+Fixed List.txt	Medium	Configs/Setup.ini:93:SnowWolfKingMob=SnowWolf | Envir/Todo+Fixed List.txt:66:SnowWolf
Monster	485	FrozenWarewolf	1	1	Envir/Todo+Fixed List.txt	Medium	Envir/Todo+Fixed List.txt:67:FrozenWarewolf
Monster	486	FrozenMiner	1	1	Envir/Todo+Fixed List.txt	Medium	Envir/Todo+Fixed List.txt:68:FrozenMiner
Monster	487	FrozenAxeman	1	1	Envir/Todo+Fixed List.txt	Medium	Envir/Todo+Fixed List.txt:69:FrozenAxeman
Monster	488	FrozenMagician	1	1	Envir/Todo+Fixed List.txt	Medium	Envir/Todo+Fixed List.txt:70:FrozenMagician
Monster	489	SnowYeti	1	1	Envir/Todo+Fixed List.txt	Medium	Envir/Todo+Fixed List.txt:71:SnowYeti
Monster	490	IceCrystalSolider	1	1	Envir/Todo+Fixed List.txt	Medium	Envir/Todo+Fixed List.txt:72:IceCrystalSolider
Monster	491	DarkWraith	1	1	Envir/Todo+Fixed List.txt	Medium	Envir/Todo+Fixed List.txt:73:DarkWraith
Monster	492	DarkSpirit	1	1	Envir/Todo+Fixed List.txt	Medium	Envir/Todo+Fixed List.txt:74:DarkSpirit
Monster	493	SinseokMiner	2	2	Envir/NPCs,Envir/Todo+Fixed List.txt	High	Envir/NPCs/WhiteValley/SnowMonument.txt:12:CHECKEXACTMON SinseokMiner >= 1 SnowCave_BOSS | Envir/Todo+Fixed List.txt:75:SinseokMiner
Monster	494	BloodyLureSpider	1	1	Envir/Quests	Medium	Envir/Quests/WoomyonWoods/TaoistVillage/Tao Village/9.txt:7:Locate and Kill {BloodyLureSpider/Crimson} and retrieve
Monster	495	GhostZombie	2	1	Envir/Quests	Medium	Envir/Quests/SerpentValley/Serpent Mines/1.txt:6:Eliminate 10 {GhostZombie/Crimson} and {DarkPriestZombie/Crimson}. | Envir/Quests/SerpentValley/Serpent Mines/1.txt:11:GhostZombie 10
Monster	496	DarkPriestZombie	2	1	Envir/Quests	Medium	Envir/Quests/SerpentValley/Serpent Mines/1.txt:6:Eliminate 10 {GhostZombie/Crimson} and {DarkPriestZombie/Crimson}. | Envir/Quests/SerpentValley/Serpent Mines/1.txt:12:DarkPriestZombie 10
Monster	497	ChainGhoul	2	1	Envir/Quests	Medium	Envir/Quests/SerpentValley/Serpent Mines/2.txt:7:Eliminate 15 {ChainGhoul's/Crimson}. | Envir/Quests/SerpentValley/Serpent Mines/2.txt:12:ChainGhoul 15
Monster	498	Guard3	2	1	Envir/NPCs	High	Envir/NPCs/GM/GM-Manager.txt:119:<$CONQUESTGUARD(1,3)>   <Repair/@Guard3> | Envir/NPCs/GM/GM-Manager.txt:210:[@Guard3]
Monster	500	GameShop_Guard	1	1	Envir/SystemScripts	High	Envir/SystemScripts/00Default/GuardsHelp.txt:16:GIVEPET GameShop_Guard
Monster	512	RedTurtle	1	1	Configs	Medium	Configs/Setup.ini:67:Turtle1=RedTurtle
Monster	513	GreenTurtle	1	1	Configs	Medium	Configs/Setup.ini:68:Turtle2=GreenTurtle
Monster	514	BlueTurtle	1	1	Configs	Medium	Configs/Setup.ini:69:Turtle3=BlueTurtle
Monster	515	TowerTurtle	1	1	Configs	Medium	Configs/Setup.ini:70:Turtle4=TowerTurtle
Monster	516	FinialTurtle	1	1	Configs	Medium	Configs/Setup.ini:71:Turtle5=FinialTurtle
Monster	517	Hugger	1	1	Configs	Medium	Configs/Setup.ini:76:BehemothMonster1=Hugger
Monster	518	PoisonHugger	1	1	Configs	Medium	Configs/Setup.ini:77:BehemothMonster2=PoisonHugger
Monster	519	MutatedHugger	1	1	Configs	Medium	Configs/Setup.ini:78:BehemothMonster3=MutatedHugger
Monster	520	HellKnight1	1	1	Configs	Medium	Configs/Setup.ini:79:HellKnight1=HellKnight1
Monster	521	HellKnight2	1	1	Configs	Medium	Configs/Setup.ini:80:HellKnight2=HellKnight2
Monster	522	HellKnight3	1	1	Configs	Medium	Configs/Setup.ini:81:HellKnight3=HellKnight3
Monster	523	HellKnight4	1	1	Configs	Medium	Configs/Setup.ini:82:HellKnight4=HellKnight4
Monster	524	HellBomb1	1	1	Configs	Medium	Configs/Setup.ini:83:HellBomb1=HellBomb1
Monster	525	HellBomb2	1	1	Configs	Medium	Configs/Setup.ini:84:HellBomb2=HellBomb2
Monster	526	HellBomb3	1	1	Configs	Medium	Configs/Setup.ini:85:HellBomb3=HellBomb3
Monster	537	Hydrax	1	1	Configs	Medium	Configs/Setup.ini:90:KingHydraxMob=Hydrax
Monster	538	HornedSorceror	1	1	Configs	Medium	Configs/Setup.ini:91:HornedCommanderMob=HornedSorceror
Monster	545	BoulderSpirit	1	1	Configs	Medium	Configs/Setup.ini:92:HornedCommanderBombMob=BoulderSpirit
Monster	546	WarriorScroll	1	1	Configs	Medium	Configs/Setup.ini:94:ScrollMob1=WarriorScroll
Monster	547	TaoistScroll	1	1	Configs	Medium	Configs/Setup.ini:95:ScrollMob2=TaoistScroll
Monster	548	WizardScroll	1	1	Configs	Medium	Configs/Setup.ini:96:ScrollMob3=WizardScroll
Monster	549	AssassinScroll	1	1	Configs	Medium	Configs/Setup.ini:97:ScrollMob4=AssassinScroll
Monster	567	StoneTrap	7	4	Configs,Envir/Drops,Envir/NPCs	High	Configs/Setup.ini:108:StoneName=StoneTrap | Envir/Drops/Provinces/FrostTiger.txt:150:1/12000 StoneTrap | Envir/NPCs/BichonProvince/BichonWall/MirGuide.txt:282:<PoisonShot 40/@poisonshot>      <StoneTrap 40/@stonetrap>       <CrippleShot 43/@crippleshot> | Envir/NPCs/BichonProvince/BichonWall/MirGuide.txt:1005:[@stonetrap] | Envir/NPCs/BichonProvince/BichonWall/MirGuide.txt:1007:StoneTrap (Level 40)
NPC	3	Assistant_Jane	8	8	Envir/Quests	Medium	Envir/Quests/BichonProvince/BorderVillage/1.txt:28:// Pickup - Assistant_Jane 0 284 606 | Envir/Quests/BichonProvince/BorderVillage/10.txt:29:// Pickup - Assistant_Jane 0 284 606 | Envir/Quests/BichonProvince/BorderVillage/13.txt:31:// Pickup - Assistant_Jane 0 284 606 | Envir/Quests/BichonProvince/BorderVillage/16.txt:29:// Pickup - Assistant_Jane 0 284 606 | Envir/Quests/BichonProvince/BorderVillage/19.txt:28:// Pickup - Assistant_Jane 0 284 606
NPC	4	工匠朱迪	2	2	Envir/Quests	Medium	Envir/Quests/BichonProvince/BorderVillage/1.txt:29:// Hand In - 工匠朱迪 0 294 619 | Envir/Quests/BichonProvince/BorderVillage/2.txt:31:// Pickup - 工匠朱迪 0 294 619
NPC	5	Blacksmith_Smith	4	2	Envir/Quests	Medium	Envir/Quests/BichonProvince/BorderVillage/5.txt:31:// Pickup - Blacksmith_Smith 0 296 613 | Envir/Quests/BichonProvince/BorderVillage/5.txt:32:// Hand In - Blacksmith_Smith 0 296 613 | Envir/Quests/BichonProvince/BorderVillage/6.txt:30:// Pickup - Blacksmith_Smith 0 296 613 | Envir/Quests/BichonProvince/BorderVillage/6.txt:31:// Hand In - Blacksmith_Smith 0 296 613
NPC	7	Merchant_John	3	2	Envir/Quests	Medium	Envir/Quests/BichonProvince/BorderVillage/3.txt:30:// Hand In - Merchant_John 0 292 604 | Envir/Quests/BichonProvince/BorderVillage/4.txt:30:// Pickup - Merchant_John 0 292 604 | Envir/Quests/BichonProvince/BorderVillage/4.txt:31:// Hand In - Merchant_John 0 292 604
NPC	9	商人鲁本	1	1	Envir/Quests	Medium	Envir/Quests/BichonProvince/BorderVillage/22.txt:28:// Hand In - 商人鲁本 0 288 608
NPC	16	Master_Wa	4	2	Envir/Quests	Medium	Envir/Quests/BichonProvince/BorderVillage/7.txt:9:Speak with {Master_Wa/LimeGreen} at Coordinates 110:317 | Envir/Quests/BichonProvince/BorderVillage/7.txt:30:// Hand In - Master_Wa 0 110 317 | Envir/Quests/BichonProvince/BorderVillage/8.txt:32:// Pickup - Master_Wa 0 110 317 | Envir/Quests/BichonProvince/BorderVillage/8.txt:33:// Hand In - Master_Wa 0 110 317
NPC	17	HighPriest_Jude	4	3	Envir/Quests	Medium	Envir/Quests/BichonProvince/BorderVillage/13.txt:32:// Hand In - HighPriest_Jude 0 429 475 | Envir/Quests/BichonProvince/BorderVillage/14.txt:32:// Pickup - HighPriest_Jude 0 429 475 | Envir/Quests/BichonProvince/BorderVillage/14.txt:33:// Hand In - HighPriest_Jude 0 429 475 | Envir/Quests/BichonProvince/BorderVillage/15.txt:27:// Pickup - HighPriest_Jude 0 429 475
NPC	19	HighAssassin_Cloud	4	3	Envir/Quests	Medium	Envir/Quests/BichonProvince/BorderVillage/16.txt:30:// Hand In - HighAssassin_Cloud 0 101 411 | Envir/Quests/BichonProvince/BorderVillage/17.txt:32:// Pickup - HighAssassin_Cloud 0 101 411 | Envir/Quests/BichonProvince/BorderVillage/17.txt:33:// Hand In - HighAssassin_Cloud 0 101 411 | Envir/Quests/BichonProvince/BorderVillage/18.txt:27:// Pickup - HighAssassin_Cloud 0 101 411
NPC	20	Captain_Jerald	4	3	Envir/Quests	Medium	Envir/Quests/BichonProvince/BorderVillage/19.txt:29:// Hand In - Captain_Jerald 0 320 476 | Envir/Quests/BichonProvince/BorderVillage/20.txt:32:// Pickup - Captain_Jerald 0 320 476 | Envir/Quests/BichonProvince/BorderVillage/20.txt:33:// Hand In - Captain_Jerald 0 320 476 | Envir/Quests/BichonProvince/BorderVillage/21.txt:27:// Pickup - Captain_Jerald 0 320 476
NPC	22	Teleport_Jason	3	2	Envir/Quests	Medium	Envir/Quests/BichonProvince/1.txt:24:// Pickup - Teleport_Jason 0 292 216 | Envir/Quests/BichonProvince/BichonWall/11.txt:32:// Pickup - Teleport_Jason 0 292 216 | Envir/Quests/BichonProvince/BichonWall/11.txt:33:// Hand In - Teleport_Jason 0 292 216
NPC	23	传送员哈里森	1	1	Envir/Quests	Medium	Envir/Quests/BichonProvince/BichonWall/23.txt:27:// Pickup - 传送员哈里森 0 291 296
NPC	24	Teleport_Kyle	4	3	Envir/Quests	Medium	Envir/Quests/BichonProvince/1.txt:25:// Hand In - Teleport_Kyle 0 371 314 | Envir/Quests/BichonProvince/BichonWall/18.txt:30:// Pickup - Teleport_Kyle 0 371 314 | Envir/Quests/BichonProvince/BichonWall/18.txt:31:// Hand In - Teleport_Kyle 0 371 314 | Envir/Quests/WoomyonWoods/Castle-GI/Town/2.txt:28:// Pickup - Teleport_Kyle 0 371 314
NPC	25	Merchant_Sarah	3	2	Envir/Quests	Medium	Envir/Quests/BichonProvince/BichonWall/17.txt:28:// Pickup - Merchant_Sarah 0 313 271 | Envir/Quests/BichonProvince/BichonWall/17.txt:29:// Hand In - Merchant_Sarah 0 313 271 | Envir/Quests/WoomyonWoods/Wilderness/3.txt:32:// Hand In - Merchant_Sarah 0 313 271
NPC	27	Blacksmith_Bill	5	3	Envir/Quests	Medium	Envir/Quests/BichonProvince/BichonWall/15.txt:35:// Pickup - Blacksmith_Bill 0 302 221 | Envir/Quests/BichonProvince/BichonWall/15.txt:36:// Hand In - Blacksmith_Bill 0 302 221 | Envir/Quests/BichonProvince/BichonWall/19.txt:28:// Pickup - Blacksmith_Bill 0 302 221 | Envir/Quests/BichonProvince/BichonWall/19.txt:29:// Hand In - Blacksmith_Bill 0 302 221 | Envir/Quests/BichonProvince/BichonWall/7.txt:29:// Pickup - Blacksmith_Bill 0 302 221
NPC	28	Alchemist_Samuel	5	3	Envir/Quests	Medium	Envir/Quests/BichonProvince/BichonWall/25.txt:30:// Pickup - Alchemist_Samuel 324 291 | Envir/Quests/BichonProvince/BichonWall/25.txt:31:// Hand In - Alchemist_Samuel 324 291 | Envir/Quests/BichonProvince/BichonWall/6.txt:32:// Pickup - Alchemist_Samuel 0 324 291 | Envir/Quests/BichonProvince/BichonWall/6.txt:33:// Hand In - Alchemist_Samuel 0 324 291 | Envir/Quests/BichonProvince/BorderVillage/22.txt:27:// Pickup - Alchemist_Samuel 0 324 291
NPC	35	BichonWall_Board	4	2	Envir/Quests	Medium	Envir/Quests/BichonProvince/BichonWall/Board/1.txt:28:// Pickup - BichonWall_Board 0 334 259 | Envir/Quests/BichonProvince/BichonWall/Board/1.txt:29:// Hand In - BichonWall_Board 0 334 259 | Envir/Quests/BichonProvince/BichonWall/Board/2.txt:28:// Pickup - BichonWall_Board 0 334 259 | Envir/Quests/BichonProvince/BichonWall/Board/2.txt:29:// Hand In - BichonWall_Board 0 334 259
NPC	37	MirGuide_Peter	6	6	Envir/Quests	Medium	Envir/Quests/BichonProvince/BichonWall/4.txt:32:// Hand In - MirGuide_Peter 0 328 258 | Envir/Quests/BichonProvince/BorderVillage/12.txt:28:// Hand In - MirGuide_Peter 0 328 258 | Envir/Quests/BichonProvince/BorderVillage/15.txt:28:// Hand In - MirGuide_Peter 0 328 258 | Envir/Quests/BichonProvince/BorderVillage/18.txt:28:// Hand In - MirGuide_Peter 0 328 258 | Envir/Quests/BichonProvince/BorderVillage/21.txt:28:// Hand In - MirGuide_Peter 0 328 258
NPC	38	Examiner_Tony	4	3	Envir/Quests	Medium	Envir/Quests/BichonProvince/BichonWall/20.txt:30:// Pickup - Examiner_Tony 0 340 257 | Envir/Quests/BichonProvince/BichonWall/20.txt:31:// Hand In - Examiner_Tony 0 340 257 | Envir/Quests/BichonProvince/BichonWall/24.txt:26:// Pickup - Examiner_Tony 0 340 257 | Envir/Quests/WoomyonWoods/TaoistVillage/Tao Village/14.txt:27:// Hand In - Examiner_Tony 0 340 257
NPC	52	MongchonScout_Brian	3	3	Envir/Quests	Medium	Envir/Quests/BichonProvince/BichonWall/5.txt:28:// Hand In - MongchonScout_Brian 0100 4 10 | Envir/Quests/SerpentValley/Village/6.txt:28:// Pickup - MongchonScout_Brian 0100 4 10 | Envir/Quests/SerpentValley/Village/8.txt:29:// Hand In - MongchonScout_Brian 0100 4 10
NPC	53	莫古爵士	1	1	Envir/Quests	Medium	Envir/Quests/WoomyonWoods/TaoistVillage/Tao Village/13.txt:27:// Hand In - 莫古爵士 0101 8 12
NPC	54	SubjagationManager_James	2	2	Envir/Quests	Medium	Envir/Quests/MongchonProvince/MudWall/1.txt:32:// Hand In - SubjagationManager_James 0 343 182 | Envir/Quests/WoomyonWoods/Castle-GI/Town/4.txt:27:// Pickup - SubjagationManager_James 0 343 182
NPC	55	CraftsLady_Alice	7	5	Envir/Quests	Medium	Envir/Quests/BichonProvince/BichonWall/12.txt:28:// Hand In - CraftsLady_Alice 0 321 265 | Envir/Quests/BichonProvince/BichonWall/13.txt:28:// Pickup - CraftsLady_Alice 0 321 265 | Envir/Quests/BichonProvince/BichonWall/13.txt:29:// Hand In - CraftsLady_Alice 0 321 265 | Envir/Quests/BichonProvince/BichonWall/14.txt:28:// Pickup - CraftsLady_Alice 0 321 265 | Envir/Quests/BichonProvince/BichonWall/16.txt:32:// Pickup - CraftsLady_Alice 0 321 265
NPC	66	OldSkeleton	2	2	Envir/Quests	Medium	Envir/Quests/BichonProvince/BichonWall/21.txt:30:// Pickup - OldSkeleton D404 104 101 | Envir/Quests/BichonProvince/DeadMine/1.txt:39:// Hand In - OldSkeleton D404 104 101
NPC	67	MysteriousStone	8	5	Envir/Quests,Envir/SET [].txt,Envir/SystemScripts	High	Envir/Quests/AncientCaves/OmaCavern/2.txt:19:536 "Return to the MysteriousStone in OmaCavern." | Envir/Quests/BichonProvince/OmaCavern/1.txt:29:// Pickup - MysteriousStone D003 351 234 | Envir/Quests/BichonProvince/OmaCavern/1.txt:30:// Hand In - MysteriousStone D003 351 234 | Envir/Quests/BichonProvince/OmaCavern/2.txt:32:// Pickup - MysteriousStone D003 351 234 | Envir/Quests/BichonProvince/OmaCavern/2.txt:33:// Hand In - MysteriousStone D003 351 234
NPC	68	商人汉斯	1	1	Envir/Quests	Medium	Envir/Quests/BichonProvince/BichonWall/22.txt:29:// Hand In - 商人汉斯 1 328 86
NPC	70	Merchant_Helen	7	5	Envir/Quests	Medium	Envir/Quests/SerpentValley/Village/13.txt:28:// Pickup - Merchant_Helen 1 292 84 | Envir/Quests/WoomyonWoods/TaoistVillage/1 .txt:24:// Hand In - Merchant_Helen 1 292 84 | Envir/Quests/WoomyonWoods/Wilderness/InsectCave/2.txt:29:// Pickup - Merchant_Helen 1 292 84 | Envir/Quests/WoomyonWoods/Wilderness/InsectCave/2.txt:30:// Hand In - Merchant_Helen 1 292 84 | Envir/Quests/WoomyonWoods/Wilderness/InsectCave/3.txt:28:// Pickup - Merchant_Helen 1 292 84
NPC	71	Master_Shok	11	7	Envir/Quests	Medium	Envir/Quests/SerpentValley/Village/10.txt:30:// Hand In - Master_Shok 1 312 73 | Envir/Quests/WoomyonWoods/Castle-GI/Town/2.txt:29:// Hand In - Master_Shok 1 312 73 | Envir/Quests/WoomyonWoods/Castle-GI/Town/3.txt:31:// Pickup - Master_Shok 1 312 73 | Envir/Quests/WoomyonWoods/Castle-GI/Town/3.txt:32:// Hand In - Master_Shok 1 312 73 | Envir/Quests/WoomyonWoods/Castle-GI/Town/8.txt:28:// Pickup - Master_Shok 1 312 73
NPC	73	SubjugationLead_Eric	5	3	Envir/Quests	Medium	Envir/Quests/WoomyonWoods/Castle-GI/Town/4.txt:28:// Hand In - SubjugationLead_Eric 1 317 71 | Envir/Quests/WoomyonWoods/Castle-GI/Town/5.txt:30:// Pickup - SubjugationLead_Eric 1 317 71 | Envir/Quests/WoomyonWoods/Castle-GI/Town/5.txt:31:// Hand In - SubjugationLead_Eric 1 317 71 | Envir/Quests/WoomyonWoods/Castle-GI/Town/6.txt:30:// Pickup - SubjugationLead_Eric 1 317 71 | Envir/Quests/WoomyonWoods/Castle-GI/Town/6.txt:31:// Hand In - SubjugationLead_Eric 1 317 71
NPC	74	Traveller_Soho	6	4	Envir/Quests	Medium	Envir/Quests/WoomyonWoods/TaoistVillage/1 .txt:23:// Pickup - Traveller_Soho D2042 114 155 | Envir/Quests/WoomyonWoods/Wilderness/InsectCave/4.txt:29:// Hand In - Traveller_Soho D2042 114 155 | Envir/Quests/WoomyonWoods/Wilderness/InsectCave/5.txt:28:// Pickup - Traveller_Soho D2042 114 155 | Envir/Quests/WoomyonWoods/Wilderness/InsectCave/5.txt:29:// Hand In - Traveller_Soho D2042 114 155 | Envir/Quests/WoomyonWoods/Wilderness/InsectCave/6.txt:34:// Pickup - Traveller_Soho D2042 114 155
NPC	75	MysteriousStone	8	5	Envir/Quests,Envir/SET [].txt,Envir/SystemScripts	High	Envir/Quests/AncientCaves/OmaCavern/2.txt:19:536 "Return to the MysteriousStone in OmaCavern." | Envir/Quests/BichonProvince/OmaCavern/1.txt:29:// Pickup - MysteriousStone D003 351 234 | Envir/Quests/BichonProvince/OmaCavern/1.txt:30:// Hand In - MysteriousStone D003 351 234 | Envir/Quests/BichonProvince/OmaCavern/2.txt:32:// Pickup - MysteriousStone D003 351 234 | Envir/Quests/BichonProvince/OmaCavern/2.txt:33:// Hand In - MysteriousStone D003 351 234
NPC	80	商人吉姆	1	1	Envir/Quests	Medium	Envir/Quests/WoomyonWoods/Castle-GI/Town/1.txt:31:// Hand In - 商人吉姆 4 244 188
NPC	89	商人杰拉德	2	1	Envir/Quests	Medium	Envir/Quests/WoomyonWoods/TaoistVillage/Tao Village/8.txt:27:// Pickup - 商人杰拉德 1001 14 12 | Envir/Quests/WoomyonWoods/TaoistVillage/Tao Village/8.txt:28:// Hand In - 商人杰拉德 1001 14 12
NPC	92	Merchant_Sam	3	2	Envir/Quests	Medium	Envir/Quests/SerpentValley/Village/15.txt:30:// Hand In - Merchant_Sam 1003 13 16 | Envir/Quests/WoomyonWoods/TaoistVillage/Tao Village/2.txt:30:// Pickup - Merchant_Sam 1003 13 16 | Envir/Quests/WoomyonWoods/TaoistVillage/Tao Village/2.txt:31:// Hand In - Merchant_Sam 1003 13 16
NPC	93	商人珍妮	1	1	Envir/Quests	Medium	Envir/Quests/WoomyonWoods/TaoistVillage/TreePath/1.txt:28:// Hand In - 商人珍妮 1006 9 10
NPC	97	佩里大师	2	2	Envir/Quests	Medium	Envir/Quests/HolySword/1.txt:33:// Hand In - 佩里大师 1002 14 13 | Envir/Quests/HolySword/2.txt:26:// Pickup - 佩里大师 1002 14 13
NPC	98	Apprentice	4	4	Envir/NPCs,Envir/Quests	Medium	Envir/NPCs/WoomyonWoods/TaoistVillage/9Wtt.txt:30:Holysword? Huh.. don't believe in the apprentice's words | Envir/NPCs/WoomyonWoods/TaoistVillage/TrainerTao.txt:30:Holysword? Huh.. don't believe in the apprentice's words | Envir/Quests/HolySword/1.txt:32:// Pickup - Apprentice 11 179 309 | Envir/Quests/WoomyonWoods/TaoistVillage/Tao Village/13.txt:26:// Pickup - Apprentice 11 191 325
NPC	99	Apprentice	4	4	Envir/NPCs,Envir/Quests	Medium	Envir/NPCs/WoomyonWoods/TaoistVillage/9Wtt.txt:30:Holysword? Huh.. don't believe in the apprentice's words | Envir/NPCs/WoomyonWoods/TaoistVillage/TrainerTao.txt:30:Holysword? Huh.. don't believe in the apprentice's words | Envir/Quests/HolySword/1.txt:32:// Pickup - Apprentice 11 179 309 | Envir/Quests/WoomyonWoods/TaoistVillage/Tao Village/13.txt:26:// Pickup - Apprentice 11 191 325
NPC	100	Apprentice	4	4	Envir/NPCs,Envir/Quests	Medium	Envir/NPCs/WoomyonWoods/TaoistVillage/9Wtt.txt:30:Holysword? Huh.. don't believe in the apprentice's words | Envir/NPCs/WoomyonWoods/TaoistVillage/TrainerTao.txt:30:Holysword? Huh.. don't believe in the apprentice's words | Envir/Quests/HolySword/1.txt:32:// Pickup - Apprentice 11 179 309 | Envir/Quests/WoomyonWoods/TaoistVillage/Tao Village/13.txt:26:// Pickup - Apprentice 11 191 325
NPC	101	Apprentice	4	4	Envir/NPCs,Envir/Quests	Medium	Envir/NPCs/WoomyonWoods/TaoistVillage/9Wtt.txt:30:Holysword? Huh.. don't believe in the apprentice's words | Envir/NPCs/WoomyonWoods/TaoistVillage/TrainerTao.txt:30:Holysword? Huh.. don't believe in the apprentice's words | Envir/Quests/HolySword/1.txt:32:// Pickup - Apprentice 11 179 309 | Envir/Quests/WoomyonWoods/TaoistVillage/Tao Village/13.txt:26:// Pickup - Apprentice 11 191 325
NPC	102	Apprentice	4	4	Envir/NPCs,Envir/Quests	Medium	Envir/NPCs/WoomyonWoods/TaoistVillage/9Wtt.txt:30:Holysword? Huh.. don't believe in the apprentice's words | Envir/NPCs/WoomyonWoods/TaoistVillage/TrainerTao.txt:30:Holysword? Huh.. don't believe in the apprentice's words | Envir/Quests/HolySword/1.txt:32:// Pickup - Apprentice 11 179 309 | Envir/Quests/WoomyonWoods/TaoistVillage/Tao Village/13.txt:26:// Pickup - Apprentice 11 191 325
NPC	103	Apprentice	4	4	Envir/NPCs,Envir/Quests	Medium	Envir/NPCs/WoomyonWoods/TaoistVillage/9Wtt.txt:30:Holysword? Huh.. don't believe in the apprentice's words | Envir/NPCs/WoomyonWoods/TaoistVillage/TrainerTao.txt:30:Holysword? Huh.. don't believe in the apprentice's words | Envir/Quests/HolySword/1.txt:32:// Pickup - Apprentice 11 179 309 | Envir/Quests/WoomyonWoods/TaoistVillage/Tao Village/13.txt:26:// Pickup - Apprentice 11 191 325
NPC	104	TrainerTaoist	2	2	Envir/Quests,Envir/SET [].txt	High	Envir/Quests/HolySword/1.txt:19:527 "Speak with the TrainerTaoist" | Envir/SET [].txt:30:[527] = TrainerTaoist, Quest {HolySword Quest}
NPC	105	Apprentice	4	4	Envir/NPCs,Envir/Quests	Medium	Envir/NPCs/WoomyonWoods/TaoistVillage/9Wtt.txt:30:Holysword? Huh.. don't believe in the apprentice's words | Envir/NPCs/WoomyonWoods/TaoistVillage/TrainerTao.txt:30:Holysword? Huh.. don't believe in the apprentice's words | Envir/Quests/HolySword/1.txt:32:// Pickup - Apprentice 11 179 309 | Envir/Quests/WoomyonWoods/TaoistVillage/Tao Village/13.txt:26:// Pickup - Apprentice 11 191 325
NPC	106	Apprentice	4	4	Envir/NPCs,Envir/Quests	Medium	Envir/NPCs/WoomyonWoods/TaoistVillage/9Wtt.txt:30:Holysword? Huh.. don't believe in the apprentice's words | Envir/NPCs/WoomyonWoods/TaoistVillage/TrainerTao.txt:30:Holysword? Huh.. don't believe in the apprentice's words | Envir/Quests/HolySword/1.txt:32:// Pickup - Apprentice 11 179 309 | Envir/Quests/WoomyonWoods/TaoistVillage/Tao Village/13.txt:26:// Pickup - Apprentice 11 191 325
NPC	107	Apprentice	4	4	Envir/NPCs,Envir/Quests	Medium	Envir/NPCs/WoomyonWoods/TaoistVillage/9Wtt.txt:30:Holysword? Huh.. don't believe in the apprentice's words | Envir/NPCs/WoomyonWoods/TaoistVillage/TrainerTao.txt:30:Holysword? Huh.. don't believe in the apprentice's words | Envir/Quests/HolySword/1.txt:32:// Pickup - Apprentice 11 179 309 | Envir/Quests/WoomyonWoods/TaoistVillage/Tao Village/13.txt:26:// Pickup - Apprentice 11 191 325
NPC	108	Apprentice	4	4	Envir/NPCs,Envir/Quests	Medium	Envir/NPCs/WoomyonWoods/TaoistVillage/9Wtt.txt:30:Holysword? Huh.. don't believe in the apprentice's words | Envir/NPCs/WoomyonWoods/TaoistVillage/TrainerTao.txt:30:Holysword? Huh.. don't believe in the apprentice's words | Envir/Quests/HolySword/1.txt:32:// Pickup - Apprentice 11 179 309 | Envir/Quests/WoomyonWoods/TaoistVillage/Tao Village/13.txt:26:// Pickup - Apprentice 11 191 325
NPC	109	Apprentice	4	4	Envir/NPCs,Envir/Quests	Medium	Envir/NPCs/WoomyonWoods/TaoistVillage/9Wtt.txt:30:Holysword? Huh.. don't believe in the apprentice's words | Envir/NPCs/WoomyonWoods/TaoistVillage/TrainerTao.txt:30:Holysword? Huh.. don't believe in the apprentice's words | Envir/Quests/HolySword/1.txt:32:// Pickup - Apprentice 11 179 309 | Envir/Quests/WoomyonWoods/TaoistVillage/Tao Village/13.txt:26:// Pickup - Apprentice 11 191 325
NPC	110	Apprentice	4	4	Envir/NPCs,Envir/Quests	Medium	Envir/NPCs/WoomyonWoods/TaoistVillage/9Wtt.txt:30:Holysword? Huh.. don't believe in the apprentice's words | Envir/NPCs/WoomyonWoods/TaoistVillage/TrainerTao.txt:30:Holysword? Huh.. don't believe in the apprentice's words | Envir/Quests/HolySword/1.txt:32:// Pickup - Apprentice 11 179 309 | Envir/Quests/WoomyonWoods/TaoistVillage/Tao Village/13.txt:26:// Pickup - Apprentice 11 191 325
NPC	111	TrainerTaoist	2	2	Envir/Quests,Envir/SET [].txt	High	Envir/Quests/HolySword/1.txt:19:527 "Speak with the TrainerTaoist" | Envir/SET [].txt:30:[527] = TrainerTaoist, Quest {HolySword Quest}
NPC	112	BigTaoist	14	7	Envir/Quests,Envir/SET [].txt	High	Envir/Quests/HolySword/4.txt:15:530 "Travel to RedValley_5F and Take the JadeCrystal to BigTaoist" | Envir/Quests/HolySword/4.txt:28:// Hand In - BigTaoist D10061 11 16 | Envir/Quests/HolySword/5.txt:25:// Pickup - BigTaoist D10061 11 16 | Envir/Quests/HolySword/5.txt:26:// Hand In - BigTaoist D10061 11 16 | Envir/Quests/HolySword/6.txt:30:// Pickup - BigTaoist D10061 11 16
NPC	114	Signpost	8	8	Envir/NPCs	Medium	Envir/NPCs/BichonProvince/BichonWall/MirGuide-0.txt:1060:*CraftLady  *SignPost  *Coordinate  *Guard | Envir/NPCs/BichonProvince/BichonWall/MirGuide.txt:1049:*CraftLady  *SignPost  *Coordinate  *Guard | Envir/NPCs/MongchonProvince/MudWall/MirGuide-3.txt:826:*CraftLady  *SignPost  *Coordinate  *Guard | Envir/NPCs/MongchonProvince/MudWall/MirGuide.txt:826:*CraftLady  *SignPost  *Coordinate  *Guard | Envir/NPCs/PrajnaIsland/MirGuide.txt:826:*CraftLady  *SignPost  *Coordinate  *Guard
NPC	116	武学大师德里克	2	1	Envir/Quests	Medium	Envir/Quests/WoomyonWoods/TaoistVillage/Tao Village/3.txt:28:// Pickup - 武学大师德里克 11 165 296 | Envir/Quests/WoomyonWoods/TaoistVillage/Tao Village/3.txt:29:// Hand In - 武学大师德里克 11 165 296
NPC	117	调查员大卫	2	1	Envir/Quests	Medium	Envir/Quests/WoomyonWoods/TaoistVillage/TreePath/2.txt:26:// Pickup - 调查员大卫 11 182 295 | Envir/Quests/WoomyonWoods/TaoistVillage/TreePath/2.txt:27:// Hand In - 调查员大卫 11 182 295
NPC	118	LeadTrainer_Harry	7	5	Envir/Quests	Medium	Envir/Quests/PrajnaIsland/PIVillage/4.txt:25:// Hand In - LeadTrainer_Harry 1002 11 8 | Envir/Quests/WoomyonWoods/TaoistVillage/Tao Village/15.txt:30:// Pickup - LeadTrainer_Harry 1002 11 8 | Envir/Quests/WoomyonWoods/TaoistVillage/Tao Village/15.txt:31:// Hand In - LeadTrainer_Harry 1002 11 8 | Envir/Quests/WoomyonWoods/TaoistVillage/Tao Village/4.txt:28:// Pickup - LeadTrainer_Harry 1002 11 8 | Envir/Quests/WoomyonWoods/TaoistVillage/Tao Village/6.txt:26:// Hand In - LeadTrainer_Harry 1002 11 8
NPC	119	破损马车	2	2	Envir/Quests	Medium	Envir/Quests/WoomyonWoods/TaoistVillage/Tao Village/5.txt:27:// Hand In - 破损马车 11 103 391 | Envir/Quests/WoomyonWoods/TaoistVillage/Tao Village/6.txt:25:// Pickup - 破损马车 11 103 391
NPC	120	CaveGuide_Paddy	4	3	Envir/Quests	Medium	Envir/Quests/BichonProvince/BichonWall/24.txt:27:// Hand In - CaveGuide_Paddy 11 119 293 | Envir/Quests/WoomyonWoods/TaoistVillage/Tao Village/14.txt:26:// Pickup - CaveGuide_Paddy 11 119 293 | Envir/Quests/WoomyonWoods/TaoistVillage/WW Mines/1.txt:30:// Pickup - CaveGuide_Paddy 11 119 293 | Envir/Quests/WoomyonWoods/TaoistVillage/WW Mines/1.txt:31:// Hand In - CaveGuide_Paddy 11 119 293
NPC	121	Pillar	17	10	Envir/NPCs,Envir/Quests	Medium	Envir/NPCs/BichonProvince/BichonWall/IcemanStatue.txt:11:Iceman was a pillar of the LOMCN community since he joined | Envir/NPCs/MongchonProvince/14Qp1-D701.txt:5:What a wierd pillar. | Envir/NPCs/MongchonProvince/14Qp1-D701.txt:7:You get an eerie feeling when touching then pillar.. | Envir/NPCs/MongchonProvince/14Qp2-D701.txt:5:What a strange pillar. | Envir/NPCs/MongchonProvince/14Qp2-D701.txt:7:You get an eerie feeling when touching then pillar..
NPC	122	碎骨	2	2	Envir/Quests	Medium	Envir/Quests/WoomyonWoods/TaoistVillage/Tao Village/11.txt:27:// Hand In - 碎骨 12 36 368 | Envir/Quests/WoomyonWoods/TaoistVillage/Tao Village/12.txt:27:// Pickup - 碎骨 12 36 368
NPC	126	Signpost	8	8	Envir/NPCs	Medium	Envir/NPCs/BichonProvince/BichonWall/MirGuide-0.txt:1060:*CraftLady  *SignPost  *Coordinate  *Guard | Envir/NPCs/BichonProvince/BichonWall/MirGuide.txt:1049:*CraftLady  *SignPost  *Coordinate  *Guard | Envir/NPCs/MongchonProvince/MudWall/MirGuide-3.txt:826:*CraftLady  *SignPost  *Coordinate  *Guard | Envir/NPCs/MongchonProvince/MudWall/MirGuide.txt:826:*CraftLady  *SignPost  *Coordinate  *Guard | Envir/NPCs/PrajnaIsland/MirGuide.txt:826:*CraftLady  *SignPost  *Coordinate  *Guard
NPC	127	Pillar	17	10	Envir/NPCs,Envir/Quests	Medium	Envir/NPCs/BichonProvince/BichonWall/IcemanStatue.txt:11:Iceman was a pillar of the LOMCN community since he joined | Envir/NPCs/MongchonProvince/14Qp1-D701.txt:5:What a wierd pillar. | Envir/NPCs/MongchonProvince/14Qp1-D701.txt:7:You get an eerie feeling when touching then pillar.. | Envir/NPCs/MongchonProvince/14Qp2-D701.txt:5:What a strange pillar. | Envir/NPCs/MongchonProvince/14Qp2-D701.txt:7:You get an eerie feeling when touching then pillar..
NPC	128	Merchant_Robert	5	4	Envir/Quests	Medium	Envir/Quests/PrajnaIsland/PIVillage/1.txt:31:// Hand In - Merchant_Robert 2 505 479 | Envir/Quests/SerpentValley/Village/11.txt:29:// Hand In - Merchant_Robert 2 505 479 | Envir/Quests/SerpentValley/Village/12.txt:31:// Pickup - Merchant_Robert 2 505 479 | Envir/Quests/SerpentValley/Village/4.txt:30:// Pickup - Merchant_Robert 2 505 479 | Envir/Quests/SerpentValley/Village/4.txt:31:// Hand In - Merchant_Robert 2 505 479
NPC	129	Merchant_Melissa	4	4	Envir/Quests	Medium	Envir/Quests/SerpentValley/Village/10.txt:29:// Pickup - Merchant_Melissa 2 517 477 | Envir/Quests/SerpentValley/Village/15.txt:29:// Pickup - Merchant_Melissa 2 517 477 | Envir/Quests/SerpentValley/Village/2.txt:29:// Hand In - Merchant_Melissa 2 517 477 | Envir/Quests/SerpentValley/Village/3.txt:31:// Pickup - Merchant_Melissa 2 517 477
NPC	132	Signpost	8	8	Envir/NPCs	Medium	Envir/NPCs/BichonProvince/BichonWall/MirGuide-0.txt:1060:*CraftLady  *SignPost  *Coordinate  *Guard | Envir/NPCs/BichonProvince/BichonWall/MirGuide.txt:1049:*CraftLady  *SignPost  *Coordinate  *Guard | Envir/NPCs/MongchonProvince/MudWall/MirGuide-3.txt:826:*CraftLady  *SignPost  *Coordinate  *Guard | Envir/NPCs/MongchonProvince/MudWall/MirGuide.txt:826:*CraftLady  *SignPost  *Coordinate  *Guard | Envir/NPCs/PrajnaIsland/MirGuide.txt:826:*CraftLady  *SignPost  *Coordinate  *Guard
NPC	133	向导詹姆斯	1	1	Envir/Quests	Medium	Envir/Quests/MongchonProvince/SabukWall/3.txt:24:// Pickup - 向导詹姆斯 2 505 483
NPC	134	Merchant_Dr.Kim	5	4	Envir/Quests	Medium	Envir/Quests/SerpentValley/Serpent Mines/5.txt:27:// Pickup - Merchant_Dr.Kim 0017 5 9 | Envir/Quests/SerpentValley/Serpent Mines/6.txt:27:// Hand In - Merchant_Dr.Kim 0017 5 9 | Envir/Quests/SerpentValley/Serpent Mines/7.txt:35:// Pickup - Merchant_Dr.Kim 0017 5 9 | Envir/Quests/SerpentValley/Serpent Mines/7.txt:36:// Hand In - Merchant_Dr.Kim 0017 5 9 | Envir/Quests/SerpentValley/Village/13.txt:29:// Hand In - Merchant_Dr.Kim 0017 5 3
NPC	135	Merchant_Bradley	11	7	Envir/Quests	Medium	Envir/Quests/BichonProvince/BichonWall/7.txt:30:// Hand In - Merchant_Bradley 0120 7 8 | Envir/Quests/BichonProvince/BichonWall/8.txt:32:// Pickup - Merchant_Bradley 0120 7 8 | Envir/Quests/BichonProvince/BichonWall/8.txt:33:// Hand In - Merchant_Bradley 0120 7 8 | Envir/Quests/SerpentValley/Serpent Mines/3.txt:28:// Pickup - Merchant_Bradley 0120 7 8 | Envir/Quests/SerpentValley/Serpent Mines/3.txt:29:// Hand In - Merchant_Bradley 0120 7 8
NPC	137	VulnerableSon_Alfie	2	1	Envir/Quests	Medium	Envir/Quests/SerpentValley/Serpent Mines/1.txt:28:// Pickup - VulnerableSon_Alfie 2 562 172 | Envir/Quests/SerpentValley/Serpent Mines/1.txt:29:// Hand In - VulnerableSon_Alfie 2 562 172
NPC	140	古旧头骨	1	1	Envir/Quests	Medium	Envir/Quests/SerpentValley/Village/14.txt:26:// Pickup - 古旧头骨 D422 97 320
NPC	141	SkeletonPile	2	2	Envir/Quests	Medium	Envir/Quests/SerpentValley/Serpent Mines/5.txt:28:// Hand In - SkeletonPile D422 220 89 | Envir/Quests/SerpentValley/Serpent Mines/6.txt:26:// Pickup - SkeletonPile D2422 220 89
NPC	143	商人凯文	2	1	Envir/Quests	Medium	Envir/Quests/MongchonProvince/StoneTomb/6.txt:27:// Pickup - 商人凯文 3 346 334 | Envir/Quests/MongchonProvince/StoneTomb/6.txt:28:// Hand In - 商人凯文 3 346 334
NPC	145	商人丹尼尔	2	1	Envir/Quests	Medium	Envir/Quests/MongchonProvince/Bug Cave/1.txt:31:// Pickup - 商人丹尼尔 3 361 335 | Envir/Quests/MongchonProvince/Bug Cave/1.txt:32:// Hand In - 商人丹尼尔 3 361 335
NPC	146	运输员埃德温	1	1	Envir/Quests	Medium	Envir/Quests/BichonProvince/BichonWall/23.txt:28:// Hand In - 运输员埃德温 3 365 340
NPC	148	MudWall_Board	2	1	Envir/Quests	Medium	Envir/Quests/MongchonProvince/MudWall/Board/1.txt:29:// Pickup - MudWall_Board 3 330 325 | Envir/Quests/MongchonProvince/MudWall/Board/1.txt:30:// Hand In - MudWall_Board 3 330 325
NPC	157	商人瑞秋	1	1	Envir/Quests	Medium	Envir/Quests/MongchonProvince/Bug Cave/5.txt:34:// Hand In - 商人瑞秋 0158 4 21
NPC	161	工匠露易丝	1	1	Envir/Quests	Medium	Envir/Quests/PrajnaIsland/PIVillage/5.txt:29:// Hand In - 工匠露易丝 3 299 371
NPC	163	InnKeeper_Robin	3	2	Envir/Quests	Medium	Envir/Quests/SerpentValley/Serpent Mines/4.txt:32:// Pickup - InnKeeper_Robin 0146 5 10 | Envir/Quests/SerpentValley/Serpent Mines/4.txt:33:// Hand In - InnKeeper_Robin 0146 5 10 | Envir/Quests/SerpentValley/Village/14.txt:27:// Hand In - InnKeeper_Robin 0146 5 10
NPC	164	MongchonDelegate_Michael	5	4	Envir/Quests	Medium	Envir/Quests/MongchonProvince/MudWall/1.txt:31:// Pickup - MongchonDelegate_Michael 3 330 332 | Envir/Quests/MongchonProvince/StoneTomb/2.txt:33:// Hand In - MongchonDelegate_Michael 3 330 332 | Envir/Quests/MongchonProvince/StoneTomb/3.txt:27:// Pickup - MongchonDelegate_Michael 3 330 332 | Envir/Quests/MongchonProvince/StoneTomb/3.txt:28:// Hand In - MongchonDelegate_Michael 3 330 332 | Envir/Quests/MongchonProvince/StoneTomb/4.txt:32:// Hand In - MongchonDelegate_Michael 3 330 332
NPC	166	Merchant_Mr.Wang	5	3	Envir/Quests	Medium	Envir/Quests/MongchonProvince/SabukWall/3.txt:25:// Hand In - Merchant_Mr.Wang 3 663 304 | Envir/Quests/MongchonProvince/SabukWall/4.txt:34:// Pickup - Merchant_Mr.Wang 3 663 304 | Envir/Quests/MongchonProvince/SabukWall/4.txt:35:// Hand In - Merchant_Mr.Wang 3 663 304 | Envir/Quests/MongchonProvince/SabukWall/5.txt:28:// Pickup - Merchant_Mr.Wang 3 663 304 | Envir/Quests/MongchonProvince/SabukWall/5.txt:29:// Hand In - Merchant_Mr.Wang 3 663 304
NPC	175	Merchant_Sarah	3	2	Envir/Quests	Medium	Envir/Quests/BichonProvince/BichonWall/17.txt:28:// Pickup - Merchant_Sarah 0 313 271 | Envir/Quests/BichonProvince/BichonWall/17.txt:29:// Hand In - Merchant_Sarah 0 313 271 | Envir/Quests/WoomyonWoods/Wilderness/3.txt:32:// Hand In - Merchant_Sarah 0 313 271
NPC	179	WierdPillar	4	4	Envir/NPCs,Envir/Quests,Envir/SET [].txt	High	Envir/NPCs/MongchonProvince/14Qp1-D701.txt:10:LOCALMESSAGE "WierdPillar has been found!" Hint | Envir/NPCs/MongchonProvince/WierdPillar.txt:10:LOCALMESSAGE "WierdPillar has been found!" Hint | Envir/Quests/MongchonProvince/SabukWall/4.txt:16:521 "Find the WierdPillar" | Envir/SET [].txt:24:[521] = WierdPillar, Quest {SecretPath}
NPC	180	StrangePillar	4	4	Envir/NPCs,Envir/Quests,Envir/SET [].txt	High	Envir/NPCs/MongchonProvince/14Qp2-D701.txt:10:LOCALMESSAGE "StrangePillar has been found!" Hint | Envir/NPCs/MongchonProvince/StrangePillar.txt:10:LOCALMESSAGE "StrangePillar has been found!" Hint | Envir/Quests/MongchonProvince/SabukWall/4.txt:17:522 "Find the StrangePillar" | Envir/SET [].txt:25:[522] = StrangePillar, Quest {SecretPath}
NPC	181	MysteriousPillar	4	4	Envir/NPCs,Envir/Quests,Envir/SET [].txt	High	Envir/NPCs/MongchonProvince/14Qp3-D701.txt:10:LOCALMESSAGE "MysteriousPillar has been found!" Hint | Envir/NPCs/MongchonProvince/MysteriousPillar.txt:10:LOCALMESSAGE "MysteriousPillar has been found!" Hint | Envir/Quests/MongchonProvince/SabukWall/4.txt:18:523 "Find the MysteriousPillar" | Envir/SET [].txt:26:[523] = MysteriousPillar, Quest {SecretPath}
NPC	182	Ashes	1	1	Envir/SET [].txt	Low	Envir/SET [].txt:27:[524] = Ashes, Quest {Lost Soul}
NPC	184	LostSoul	9	5	Envir/NPCs,Envir/Quests	Medium	Envir/NPCs/MongchonProvince/14Qas-D604.txt:7:The Remains of LostSoul. | Envir/NPCs/MongchonProvince/14Qas-D604.txt:10:LOCALMESSAGE "Return to the LostSoul" Hint | Envir/NPCs/MongchonProvince/Ashes.txt:7:The Remains of LostSoul. | Envir/NPCs/MongchonProvince/Ashes.txt:10:LOCALMESSAGE "Return to the LostSoul" Hint | Envir/Quests/MongchonProvince/Bug Cave/3.txt:32:// Pickup - LostSoul D601 202 204
NPC	185	Bones	9	9	Envir/NPCs	Medium	Envir/NPCs/AncientCaves/AncientPrajna-D2074.txt:16:"The Bones are crunching the Fear is <within/@prajnacavea>" | Envir/NPCs/BichonProvince/14Qob-D404.txt:3:Looks like these bones been laying | Envir/NPCs/BichonProvince/DeadMine/OldSkeleton.txt:3:Looks like these bones been laying | Envir/NPCs/MongchonProvince/SwampBones.txt:3:<Search/@next1> the bones. | Envir/NPCs/MongchonProvince/Swamp/Bones.txt:3:<Search/@next1> the bones.
NPC	187	MysteriousStone	8	5	Envir/Quests,Envir/SET [].txt,Envir/SystemScripts	High	Envir/Quests/AncientCaves/OmaCavern/2.txt:19:536 "Return to the MysteriousStone in OmaCavern." | Envir/Quests/BichonProvince/OmaCavern/1.txt:29:// Pickup - MysteriousStone D003 351 234 | Envir/Quests/BichonProvince/OmaCavern/1.txt:30:// Hand In - MysteriousStone D003 351 234 | Envir/Quests/BichonProvince/OmaCavern/2.txt:32:// Pickup - MysteriousStone D003 351 234 | Envir/Quests/BichonProvince/OmaCavern/2.txt:33:// Hand In - MysteriousStone D003 351 234
NPC	188	MysteriousStone	8	5	Envir/Quests,Envir/SET [].txt,Envir/SystemScripts	High	Envir/Quests/AncientCaves/OmaCavern/2.txt:19:536 "Return to the MysteriousStone in OmaCavern." | Envir/Quests/BichonProvince/OmaCavern/1.txt:29:// Pickup - MysteriousStone D003 351 234 | Envir/Quests/BichonProvince/OmaCavern/1.txt:30:// Hand In - MysteriousStone D003 351 234 | Envir/Quests/BichonProvince/OmaCavern/2.txt:32:// Pickup - MysteriousStone D003 351 234 | Envir/Quests/BichonProvince/OmaCavern/2.txt:33:// Hand In - MysteriousStone D003 351 234
NPC	199	Signpost	8	8	Envir/NPCs	Medium	Envir/NPCs/BichonProvince/BichonWall/MirGuide-0.txt:1060:*CraftLady  *SignPost  *Coordinate  *Guard | Envir/NPCs/BichonProvince/BichonWall/MirGuide.txt:1049:*CraftLady  *SignPost  *Coordinate  *Guard | Envir/NPCs/MongchonProvince/MudWall/MirGuide-3.txt:826:*CraftLady  *SignPost  *Coordinate  *Guard | Envir/NPCs/MongchonProvince/MudWall/MirGuide.txt:826:*CraftLady  *SignPost  *Coordinate  *Guard | Envir/NPCs/PrajnaIsland/MirGuide.txt:826:*CraftLady  *SignPost  *Coordinate  *Guard
NPC	208	TimeStone	9	9	Envir/NPCs	Medium	Envir/NPCs/BichonProvince/BichonWall/MirGuide-0.txt:158:By the time you get used to this place, go to PastBichon by the TimeStone | Envir/NPCs/BichonProvince/BichonWall/MirGuide.txt:137:By the time you get used to this place, go to PastBichon by the TimeStone | Envir/NPCs/MongchonProvince/MudWall/MirGuide-3.txt:157:By the time you get used to this place, go to PastBichon by the TimeStone | Envir/NPCs/MongchonProvince/MudWall/MirGuide.txt:157:By the time you get used to this place, go to PastBichon by the TimeStone | Envir/NPCs/PrajnaIsland/MirGuide.txt:157:By the time you get used to this place, go to PastBichon by the TimeStone
NPC	209	MysteriousStone	8	5	Envir/Quests,Envir/SET [].txt,Envir/SystemScripts	High	Envir/Quests/AncientCaves/OmaCavern/2.txt:19:536 "Return to the MysteriousStone in OmaCavern." | Envir/Quests/BichonProvince/OmaCavern/1.txt:29:// Pickup - MysteriousStone D003 351 234 | Envir/Quests/BichonProvince/OmaCavern/1.txt:30:// Hand In - MysteriousStone D003 351 234 | Envir/Quests/BichonProvince/OmaCavern/2.txt:32:// Pickup - MysteriousStone D003 351 234 | Envir/Quests/BichonProvince/OmaCavern/2.txt:33:// Hand In - MysteriousStone D003 351 234
NPC	222	TimeStone	9	9	Envir/NPCs	Medium	Envir/NPCs/BichonProvince/BichonWall/MirGuide-0.txt:158:By the time you get used to this place, go to PastBichon by the TimeStone | Envir/NPCs/BichonProvince/BichonWall/MirGuide.txt:137:By the time you get used to this place, go to PastBichon by the TimeStone | Envir/NPCs/MongchonProvince/MudWall/MirGuide-3.txt:157:By the time you get used to this place, go to PastBichon by the TimeStone | Envir/NPCs/MongchonProvince/MudWall/MirGuide.txt:157:By the time you get used to this place, go to PastBichon by the TimeStone | Envir/NPCs/PrajnaIsland/MirGuide.txt:157:By the time you get used to this place, go to PastBichon by the TimeStone
NPC	242	Signpost	8	8	Envir/NPCs	Medium	Envir/NPCs/BichonProvince/BichonWall/MirGuide-0.txt:1060:*CraftLady  *SignPost  *Coordinate  *Guard | Envir/NPCs/BichonProvince/BichonWall/MirGuide.txt:1049:*CraftLady  *SignPost  *Coordinate  *Guard | Envir/NPCs/MongchonProvince/MudWall/MirGuide-3.txt:826:*CraftLady  *SignPost  *Coordinate  *Guard | Envir/NPCs/MongchonProvince/MudWall/MirGuide.txt:826:*CraftLady  *SignPost  *Coordinate  *Guard | Envir/NPCs/PrajnaIsland/MirGuide.txt:826:*CraftLady  *SignPost  *Coordinate  *Guard
NPC	246	Monument	1	1	Envir/NPCs	Medium	Envir/NPCs/WhiteValley/SnowMonument.txt:3:An Monument which read's
NPC	248	MissMi	5	4	Envir/NPCs,Envir/SET [].txt	High	Envir/NPCs/BichonProvince/Event/MissDo-EM000.txt:54:Try one of my sisters, MissRe or MissMi | Envir/NPCs/BichonProvince/Event/MissMi-EM000.txt:54:Try one of my sisters, MissRe or MissMi | Envir/NPCs/BichonProvince/Event/MissRe-EM000.txt:54:Try one of my sisters, MissRe or MissMi | Envir/SET [].txt:1:[500] - MissMi | Envir/SET [].txt:21:[520] - MissMi
NPC	249	MissRe	3	3	Envir/NPCs	Medium	Envir/NPCs/BichonProvince/Event/MissDo-EM000.txt:54:Try one of my sisters, MissRe or MissMi | Envir/NPCs/BichonProvince/Event/MissMi-EM000.txt:54:Try one of my sisters, MissRe or MissMi | Envir/NPCs/BichonProvince/Event/MissRe-EM000.txt:54:Try one of my sisters, MissRe or MissMi
NPC	275	GM_Manager	1	1	Envir/NPCs	Medium	Envir/NPCs/GM/new 4.txt:11:-Rebirth Panel added to GM_Manager in r001.
NPC	300	GM_Teleporter	1	1	Envir/NPCs	Medium	Envir/NPCs/GM/new 4.txt:12:-GM_Teleporter has had a huge rework.
